SMILES,activity
NC1=NC(=O)N(C=C1)[C@@H]1O[C@H](CO)[C@@H](O)[C@@H]1O,0
ONC(=O)C1(CCOCC1)NS(=O)(=O)C1=CC=C(OC2=CC=C(F)C=C2)C=C1,0
NC(=O)N(O)[C@H]1C[C@@H](OC2=CC=CC(OC3=CC=C(F)C=C3)=C2)C=C1,1
OC1=C(OC2=CC=C(Cl)C=C2Cl)C=CC(Cl)=C1,1
CC(=O)O[C@@]1(CC[C@H]2[C@@H]3C=C(Cl)C4=CC(=O)[C@@H]5C[C@@H]5[C@]4(C)[C@H]3CC[C@]12C)C(C)=O,0
O=NN(C1=CC=CC=C1)C1=CC=CC=C1,1
C1OC1C1CCC2OC2C1,0
N[C@@H](CC1=CNC2=CC=CC=C12)C(O)=O,0
CCCN(CCC)C1=C(C=C(C=C1[N+]([O-])=O)C(C)C)[N+]([O-])=O,0
CCSC(=O)N1CCCCCC1,1
O=C1CCCCCN1,0
OC1=CC=CC2=CC=CN=C12,0
[O-]C(=O)C(Cl)(Cl)Cl,0
OC(=O)CC(O)(CC(O)=O)C(O)=O,0
CCC(C)(C)C1=CC=C(O)C=C1,1
CO[C@H]1[C@@H](C[C@@H]2CN3CCC4=C(NC5=C4C=CC(OC)=C5)[C@H]3C[C@@H]2[C@@H]1C(=O)OC)OC(=O)C1=CC(OC)=C(OC)C(OC)=C1,1
CC(C)COC(=O)CCCCC(=O)OCC(C)C,0
CC(C)(C1=CC(Br)=C(O)C(Br)=C1)C1=CC(Br)=C(O)C(Br)=C1,1
O=CC1=CC=CO1,0
CCOC(=O)COC1=CC(N2N=CC(=C(C)C2=O)C(F)(F)F)=C(F)C=C1Cl,0
N#CC1=CN=CC=C1,0
CCCCCCC(C=O)=CC1=CC=CC=C1,0
COP(=O)(OC)O\C(C)=C\C(=O)N(C)C,0
O=[Si]=O,0
CCC1(C(=O)NC([O-])=NC1=O)C1=CC=CC=C1,0
CSC(C)(C)C=NO,0
CCCCOC(=O)C1=C(C=CC=C1)C(O)=O,0
CCCCN1C(=O)[C@H](NC(=O)C11CCN(CC2=CC=C(OC3=CC=C(C=C3)C(O)=O)C=C2)CC1)[C@H](O)C1CCCCC1,1
CC(C)N(C(C)C)C(=O)SCC(Cl)=C(Cl)Cl,1
CCCCCOC(=O)C1=C(C=CC=C1)C(=O)OCCCCC,1
ClCCOP(=O)(OCCCl)OCCCl,0
OC(=O)CCC(O)=CC(=O)NC1(CCN(CC[C@]2(CN(C(=O)CO2)C2=CC=CC=C2)C2=CC=C(Cl)C(Cl)=C2)CC1)C1=CC=CC(F)=C1,1
OC(=O)C1=C(C=CC(OC2=CC=C(C=C2Cl)C(F)(F)F)=C1)[N+]([O-])=O,0
CN1C=NC2=C1C(=O)NC(=O)N2C,0
CC(C)OC(=O)NC1=CC=CC(Cl)=C1,1
OCCN(CCO)CCO,0
CC(C)C1(C)NC(=NC1=O)C1=NC=C(C)C=C1C(O)=O,0
CCCCOC(=O)CCCCCCCCC(=O)OCCCC,0
CCOC1=NC2=C(NC=C(C(=O)NCC3=CC=CC=C3)C2=O)C=C1,0
CCCCCCCC[Si](OCC)(OCC)OCC,0
CCC(C)OC(=O)N1CCCCC1CCO,0
COC(=O)CSC1=C(Cl)C=C(F)C(=C1)\N=C1/SC(=O)N2CCCCN12,0
CCCCCCC(C)OC(=O)COC1=NC(F)=C(Cl)C(N)=C1Cl,1
NC1=C(Cl)C(Cl)=NC(C(O)=O)=C1Cl,0
CC(COC1=CC=C(OC2=CC=CC=C2)C=C1)OC1=NC=CC=C1,1
NC(=O)C=C,0
CCCN(C1CCN(CC1)C(=O)C1CCNCC1)[C@@H]1CCC2=C(C1)C=C(OC)C=C2,1
CCCC(=NOCC)C1=C(O)CC(CC(C)SCC)CC1=O,1
CC(=C)C(N)=O,0
C[C@]12CC[C@H]3[C@H]([C@@H]1CC[C@@H]2O)[C@H](CCCCCCCCCS(=O)CCCC(F)(F)C(F)(F)F)CC1=C3C=CC(O)=C1,0
ClC1=CC=CC=C1NC1=NC(Cl)=NC(Cl)=N1,0
CCNS(=O)(=O)C(F)(F)C(F)(F)C(F)(F)C(F)(F)C(F)(F)C(F)(F)C(F)(F)C(F)(F)F,0
ClC1=CC=CC=C1C1=NN=C(N=N1)C1=C(Cl)C=CC=C1,0
CC1=CC=C(C=C1N=C=O)N=C=O,0
COC1=CC2=C(C=C1OC)[C@H]1[C@@H](CO2)OC2=C(C=CC3=C2C[C@@H](O3)C(C)=C)C1=O,1
OC(=O)C1=CC=CC=C1,0
COCC(C)O,0
CC1=CC=C(C)C(O)=C1C,0
CC1=C(C)C=C(O)C=C1,0
CCOCCO,0
CCOC(=O)O[C@H](C)OC(=O)C1=CC=C2N(CC3=NOC(=C3)C3=CC=C(Cl)S3)C(=CC2=C1)C(=O)NC1CCN(CC1)C(C)C,0
COC(=O)CCC(=O)OC,0
CCN(CC)N=O,0
CC(C)OP(C)(=O)OC(C)C,0
CCCN(CCC)C1=C(C(N)=C(C=C1[N+]([O-])=O)C(F)(F)F)[N+]([O-])=O,1
OC1=NC(O)=NC(O)=N1,0
OS(=O)(=O)C(F)(F)C(F)(F)C(F)(F)C(F)(F)C(F)(F)C(F)(F)C(F)(F)C(F)(F)F,1
CC(C)C1=CC=CC(C(C)C)=C1NC(=O)[N-]S(=O)(=O)C1=CC(=CO1)C(C)(C)O,0
COC1=C(O)C=CC(C=O)=C1,0
OC1=C(C=C(Cl)C=C1)C(=O)NC1=CC=C(C=C1Cl)[N+]([O-])=O,1
CC(C1=CC=C(O)C=C1)(C1=CC=C(O)C=C1)C1=CC=C(O)C=C1,1
CCCCC1=C(C(=O)C2=CC(I)=C(OCCN(CC)CC)C(I)=C2)C2=C(O1)C=CC=C2,1
CCCOC(=O)NCCCN(C)C,0
CN1C=NC(=C1SC1=NC=NC2=C1NC=N2)[N+]([O-])=O,0
NC1=CC=C(C=C1)[N+]([O-])=O,0
NC1=NC(Cl)=NC2=C1N=CN2[C@H]1C[C@H](O)[C@@H](CO)O1,0
COC1=CC(OC)=C(C=C1)S(=O)(=O)N1C(=O)[C@@](N2C[C@H](O)C[C@H]2C(=O)N(C)C)(C2=CC(Cl)=CC=C12)C1=CC=CC=C1OC,1
CN(C)C1=CC=C(C=C1)N=NS([O-])(=O)=O,0
NC1=CC=CC2=C(N)C=CC=C12,0
C[C@]12CC(=O)[C@H]3[C@@H](CCC4=CC(=O)C=C[C@]34C)[C@@H]1CC[C@]2(O)C(=O)CO,0
CCCCCC1=CC=C(N)C=C1,0
COC1=CC(C=O)=CC2=C1[C@H](COC(N)=O)[C@]1(OC(C)=O)ON2C[C@H]2[C@@H]1N2C(C)=O,0
ClC1=CC=CC(Cl)=C1C#N,0
OC1(CCN(CCCC(=O)C2=CC=C(F)C=C2)CC1)C1=CC=C(Cl)C=C1,1
CC1=CC(=CC=C1)[N+]([O-])=O,0
OCC1=CC=CC=C1,0
FC1(F)OC2=CC=CC(=C2O1)C1=CNC=C1C#N,1
COP(=O)(OC)OC=C(Cl)Cl,0
CCCCC(CC)COC(=O)CCCCCCCCC(=O)OCC(CC)CCCC,0
CC1=CC=CC(=C1[N+]([O-])=O)[N+]([O-])=O,0
CC1(C)CON(CC2=C(Cl)C=CC=C2)C1=O,0
O=C(OC1=CC=CC=C1)C1=CC(=CC=C1)C(=O)OC1=CC=CC=C1,0
CCCCC(CC)COC(=O)C1=CC=CC=C1C(O)=O,0
CC(C)=CCC\C(C)=C/CO,1
NC1=CC=C(OC2=CC=C(N)C=C2)C=C1,0
CC(C)(C)C1=CSC(=N1)C1=CC2=C(O1)C=CC(OCC1=CC=CC=C1CC(O)=O)=C2,0
NC1=CC=C(NC2=CC=CC=C2)C=C1,0
OC1=CC=C(C=C1)C1=COC2=C(C(O)=CC(O)=C2)C1=O,0
COC1=CC(Cl)=C(OC)C=C1Cl,0
CC1(CCCCC1)C(=O)NC1=C(Cl)C(Cl)=C(O)C=C1,0
O=C(C1CCCCC1)C1=CC=CC=C1,1
COP(=S)(OC)SCN1C(=O)C2=C(C=CC=C2)C1=O,0
ClC(Cl)C(C1=CC=C(Cl)C=C1)C1=CC=C(Cl)C=C1,1
CNC(=O)ON=C(C)SC,0
CCNC1=CC(C)=CC=C1,1
ClC1CC2C(C1Cl)C1(Cl)C(Cl)=C(Cl)C2(Cl)C1(Cl)Cl,0
NC(=O)N1C(=O)C(C(=O)C2=CC(Cl)=CS2)C2=C1C=C(Cl)C(F)=C2,0
CC1=C(Cl)C(=O)N(C(=O)N1)C(C)(C)C,0
CC(C)(C)C1=CC(O)=CC=C1O,0
CC(C)(C)C1=CC(=C(O)C(=C1)C(C)(C)C)C(C)(C)C,1
CS(=O)(=O)C1=CC=C(C=C1Cl)[C@@H](C[C@H]1CCC(=O)C1)C(=O)NC1=NC=CN=C1,0
CCCC(=O)OCC,0
C1C2=C(C=CC=C2)C2=C1C=CC=C2,0
CC[C@@H]([C@@H](CC)C1=CC=C(O)C=C1)C1=CC=C(O)C=C1,1
CO[C@H]1\C=C\O[C@@]2(C)OC3=C(C2=O)C2=C(C(O)=C3C)C(O)=C(NC(=O)\C(C)=C/C=C/[C@H](C)[C@H](O)[C@@H](C)[C@@H](O)[C@@H](C)[C@H](OC(C)=O)[C@@H]1C)C(\C=N\N1CCN(C)CC1)=C2O,0
COC(=O)CC(=O)OC,0
CCCCCCCCCC[N+](C)(C)[O-],0
NC1=NC2=C(NC=N2)C(=S)N1,0
OC1=CC=C(C=C1)C1=C(C(=O)C2=CC=C(OCCN3CCCCC3)C=C2)C2=CC=C(O)C=C2S1,1
O1C2=CC=CC=C2C2=C1C=CC=C2,0
CCC(=C(C1=CC=C(O)C=C1)C1=CC=C(OCCN(C)C)C=C1)C1=CC=CC=C1,1
CC(C)(O)C1=CC=C(CNC(=O)C2=CC=CN=C2OC2=CC3=NON=C3C=C2)C=C1,0
CCCN(CC)CC1COC2(CCC(CC2)C(C)(C)C)O1,1
OC(=O)CC(O)(CC(O)=O)C(O)=CC\C(=C(/C1=CC=CC=C1)C1=CC=C(OCCN(C)C)C=C1)C1=CC=CC=C1,1
COC(=O)C1=C(Cl)C(Cl)=C(C(=O)OC)C(Cl)=C1Cl,0
CC(C)=C[C@@H]1[C@@H](C(=O)O[C@H]2CC(=O)C(CC=C)=C2C)C1(C)C,1
CCCOC1=C(Br)C(C)=C(S1)C(=O)N1CCC(CC1)C1=CC(CN)=CC=C1F,1
CN1C(=O)C=C(OC2=C(F)C=C(F)C=C2)C2=C1N=C(NCC(C)(C)O)N=C2,0
CC(C)OP(=S)(OC(C)C)SCCNS(=O)(=O)C1=CC=CC=C1,1
CCOC(=O)NCCOC1=CC=C(OC2=CC=CC=C2)C=C1,1
CC(C)=CC1C(C(=O)OCN2C(=O)C3=C(CCCC3)C2=O)C1(C)C,1
CN(C)C1=CC=C(C=C1)C(=O)C1=CC=C(C=C1)N(C)C,0
C1CC=CCCC=CCCC=C1,0
[O-]C(=O)C(F)(F)C(F)(F)C(F)(F)C(F)(F)C(F)(F)C(F)(F)C(F)(F)F,1
CN(C)C(=O)NC1=CC(Cl)=C(Cl)C=C1,0
C[C@]1(O)CC[C@H]2[C@@H]3CCC4=CC(=O)CC[C@]4(C)[C@H]3CC[C@]12C,0
O=C(OCCOCCOC(=O)C1=CC=CC=C1)C1=CC=CC=C1,0
CC1=C(OCC(O)=O)C=CC(Cl)=C1,0
OC(=O)C(Cl)(Cl)Cl,0
CC1=NC(NC2=CC=CC=C2)=NC(=C1)C1CC1,1
COC(=O)C1=C(CC(C)C)C(C2=NCCS2)=C(N=C1C(F)F)C(F)(F)F,0
CNC(=O)CSP(=S)(OC)OC,1
CC(C)NC(=O)N1CC(=O)N(C1=O)C1=CC(Cl)=CC(Cl)=C1,0
CC(C)N(CC1=CC=CC=C1)C(=O)C(C)(C)C,0
FC1=CC2=C(C=C1N1C(=O)C3=C(CCCC3)C1=O)N(CC#C)C(=O)CO2,1
CON=C(C(=O)OC)C1=C(CON=C(C)C2=CC(=CC=C2)C(F)(F)F)C=CC=C1,1
CCCCC(CC)C(O)C#C,0
CC[C@H](C)[C@H](N1SC2=CC=CC=C2C1=O)C(O)=O,0
CC1=C2C=CC=CC2=C(C)C2=C3C=CC=CC3=CC=C12,1
COC1=C(O)C=CC(CC=C)=C1,1
CC\C(=C/C(=N\O)/C(N)=O)C(C)[N+]([O-])=O,0
OCCCl,0
ClC(Cl)(Cl)C1=CC=CC=C1,0
OC1=CC=CC=C1,0
CCCCCCCCCCCCCCCC,0
CCCCOC(=O)CC(CC(=O)OCCCC)(OC(C)=O)C(=O)OCCCC,0
CC1=CC2=C3N(CC2)C(=O)[C@H](NC(=O)C2=CC=NC=C2)N=C(C2=CC=CC=C2)C3=C1,0
CCOC(=O)CCC(=O)OCC,0
FC(F)C(F)(F)OC1=C(Cl)C=C(NC(=O)NC(=O)C2=C(F)C=CC=C2F)C=C1Cl,0
OC[C@@H]1CC[C@@H](O1)N1C=NC2=C1N=CNC2=O,0
ClC1=CC=C(CN2CCS\C2=N/C#N)C=N1,0
OC(=O)CCC([O-])=CO[C@@H]1COCC[C@@H]1[NH2+][C@@H]1CC[C@](C1)(C(C)C)C(=O)N1CCC2=C(C1)C=C(C=N2)C(F)(F)F,1
C1=CC2=C3C1=CC=CC3=CC=C2,0
OC[C@@H](O)[C@H]1OC(=O)C(O)=C1[O-],0
CS(=O)(=O)OCCCCOS(C)(=O)=O,0
OC1=C(CC=C)C=C(C=C1)S(=O)(=O)C1=CC(CC=C)=C(O)C=C1,1
CCOC(=O)C(Cl)CC1=C(Cl)C=C(F)C(=C1)N1N=C(C)N(C(F)F)C1=O,0
CCCCCCCC(=O)OC,0
CC1=CC(O)=C(C)C=C1,0
O=CC1=CC=CC=C1C=O,0
C[C@]12C=CC3=C4CCC(=O)C=C4CC[C@H]3[C@@H]1CC[C@@H]2O,1
N#CSCSC#N,1
ClC1=CC=C(C=C1)C(C1=CC=CC=C1Cl)C(Cl)(Cl)Cl,0
OC(=O)C1=CC=CN=C1,0
OC(=O)CC(O)(CC(O)=O)C(O)=CCN(CC)CCOC1=CC=C(C=C1)C(=C(Cl)C1=CC=CC=C1)C1=CC=CC=C1,1
NC1=C(N)C=C(Cl)C=C1,0
CO[C@@H]1[C@@H](CC[C@]2(CO2)[C@H]1[C@@]1(C)O[C@@H]1CC=C(C)C)OC(=O)NC(=O)CCl,0
CC1=CC=C(C=C1)C1=CC(=NN1C1=CC=C(C=C1)S(N)(=O)=O)C(F)(F)F,1
CCNC1=NC(NC(C)(C)C#N)=NC(Cl)=N1,0
ClC1=NC(Cl)=C(Cl)C(Cl)=C1Cl,0
CCCCC(CC)CN1C(=O)C2C3CC(C=C3)C2C1=O,1
O[C@@H]1[C@H](CC2=CC=CC(=C2)C(O)=O)COC2=C1C=C(OCC1=NC3=C(S1)C=CC(F)=C3)C=C2,0
OC1=CC(O)=C(C=C1)C(=O)C1=CC=C(O)C=C1O,0
CCCCC(CC)COC(=O)CCCCC(=O)OCC(CC)CCCC,0
CCOC1=C(C=CC(=C1)C(C)(C)C)C1COC(=N1)C1=C(F)C=CC=C1F,1
CCOC(=O)[C@@]1(OC2=CC=CC=C2[C@@H]1N)C1=CC=CC=C1,1
CN(C(=O)C(C)(C)C1=CC(=CC(=C1)C(F)(F)F)C(F)(F)F)C1=CN=C(C=C1C1=CC=C(F)C=C1C)N1CC[C@@H](O)[C@H]1CO,1
CC1=C(Cl)C=CC=C1,0
OC1=C(Cl)C=C(Cl)C(Cl)=C1,1
OC(=O)C1=CC=CC=C1N1C=C(C(O)=O)C(=O)C2=C1C=C(Cl)C(NC1=C(F)C=C(F)C=C1Cl)=C2,0
CC(=O)C1=CC2=C(OC(C)(C)[C@H](O)[C@H]2NC(=O)C2=CC=C(F)C=C2)C=C1,0
CC(C)CC(C)O,0
CCOC(=O)C1=CC=CC=C1C(=O)OCC,0
CC(C)(C)CC(C)(C)C1=CC=C(O)C=C1,1
OC(=O)CN(CC(O)=O)CC(O)=O,0
CS(=O)(=O)C1=CC(=C(C=C1)C(=O)C1C(=O)CCCC1=O)[N+]([O-])=O,0
CS\C(C)=N\OC(=O)N(C)SN(C)C(=O)O\N=C(/C)SC,1
Cl[C@H]1[C@H](Cl)[C@@H](Cl)[C@@H](Cl)[C@H](Cl)[C@H]1Cl,1
CS(=O)(=O)C1=C(C=CC(=C1)C(F)(F)F)C(=O)C1=C(ON=C1)C1CC1,0
COC(=O)C1=C(O)C=CC=C1,0
CC(=O)OC1=C(C=CC=C1)C(O)=O,0
[O-]C(=O)C1=C(\N=N\C2=CC=C(C=C2)S([O-])(=O)=O)C(=O)N(N1)C1=CC=C(C=C1)S([O-])(=O)=O,0
C1CNCCN1,0
NC1=NC(=O)C2=C(N1)N=CC(CNC1=CC=C(C=C1)C(=O)N[C@@H](CCC(O)=O)C(O)=O)=N2,0
ClC1=C(Cl)C(C#N)=C(Cl)C(C#N)=C1Cl,1
NC1=CC=C(C=C1)C(O)=O,0
COC1=CC=C(C)C=C1N,0
CC1=C(CCOC2=CC=C(C[C@H](NC3=C(C=CC=C3)C(=O)C3=CC=CC=C3)C(O)=O)C=C2)N=C(O1)C1=CC=CC=C1,1
OC(C1=CC=C(Cl)C=C1)(C1=CN=CN=C1)C1=CC=CC=C1Cl,1
NC(=O)NO,0
OC(CCl)CCl,0
COP(=O)(OC)C(O)C(Cl)(Cl)Cl,0
[O-][N+](=O)C1=CC=C(Cl)C=C1,0
CCCCOCCO,0
CCOC(=O)CC(SP(=S)(OC)OC)C(=O)OCC,0
CCCC1COC(CN2C=NC=N2)(O1)C1=C(Cl)C=C(Cl)C=C1,1
CCCCC=O,1
CCCCOCCOCCO,0
C=CCOC(=O)C1=C(C=CC=C1)C(=O)OCC=C,1
OB(O)O,0
OCCOC1=CC=CC=C1,0
CCCN(CCOC1=C(Cl)C=C(Cl)C=C1Cl)C(=O)N1C=CN=C1,1
CCCCCCCCO,0
CCOP(=O)(OCC)OC1=NC(=NC(C)=C1)C(C)C,0
[N-]=[N+]=[N-],0
CC(C)NC1=NC(NC(C)C)=NC(Cl)=N1,0
CCCCCCCC=O,0
COC1=C(C=C(C)C(=C1)S([O-])(=O)=O)\N=N\C1=C2C=CC(=CC2=CC=C1O)S([O-])(=O)=O,0
OC(=O)C(F)(F)C(F)(F)C(F)(F)C(F)(F)C(F)(F)F,0
OC(=O)CCCCCCCCC=C,0
CC1=C(O)C=CC=C1,0
C=CC(=O)NCNC(=O)C=C,0
ClC1=CC=C(C=C1)C(C1=CC=C(Cl)C=C1)C(Cl)(Cl)Cl,0
CCCCOC(=O)C1=CC=CC=C1C(=O)OCCCC,1
CNC(=O)ON=C(SC)C(=O)N(C)C,0
[O-][N+](=O)C1=CC=CC=C1,0
OC(=O)CC1=CC(I)=C(OC2=CC(I)=C(O)C(I)=C2)C(I)=C1,0
CSC1=NN=C(C(=O)N1N)C(C)(C)C,0
OCC1CO1,0
ClCC(CCl)OP(=O)(OC(CCl)CCl)OC(CCl)CCl,1
CC(C)C1(C)N=C(NC1=O)C1=NC=CC=C1C(O)=O,0
CN1[C@@H](CCC1=O)C1=CN=CC=C1,0
O[C@@H]1[C@@H](CC2=CC=C(C=C2)C2=CC=CC=C2)COC2=C1C=CC(=C2)C1(CCCC1)C(O)=O,0
O=S1(=O)CCCO1,0
FC(F)(F)C(F)(F)C(F)(F)C(F)(F)C(F)(F)C(F)(F)CCI,0
CC(C)(C)C1=CC=CC(=C1O)C(C)(C)C,0
FC1=CC=C(CC2CCN(CCS(=O)C3=CC=C4NC(=O)OC4=C3)CC2)C=C1,0
CC(C)(C)C(O)(CCC1=CC=C(Cl)C=C1)CN1C=NC=N1,1
NC=O,0
CCN(CC)C1=NC(OP(=S)(OC)OC)=CC(C)=N1,0
ClC(Cl)(Cl)SN1C(=O)C2CC=CCC2C1=O,0
CCOP(=O)(SC(C)CC)N1CCSC1=O,0
O=C1OC2=C(C=CC=C2)C=C1,0
CC(C)CCOC(C)=O,0
CCOC(=O)C1=CC=C(O)C=C1,1
CN(C)CCCN(C)CCCN(C)C,0
CCCCCCCCCCCC(=O)OC,0
CCCC[Sn](Cl)(CCCC)CCCC,1
C1C[N+]2=C(C=CC=C2)C2=[N+]1C=CC=C2,1
OC(=O)C1=CC(=CC=C1)N(CC1=CN=CC=C1)C1=CC=C(OC(F)F)C(OC(F)F)=C1,0
CCCCCCCCC1=CC=C(O)C=C1,1
C1=CC2=CC=CC=C2C=C1,0
CC(C)(O)C1=NC2=NC=C(N2N=C1)C1=CC(=C(F)C=C1)C1=C(C=CC=C1F)C#N,1
CCCCC1=NC2=C(C=C1)[C@@H]([C@H]([C@@H]2C1=CC=C(OC)C=C1C[C@H](C)C([O-])=O)C([O-])=O)C1=CC2=C(OCO2)C=C1,0
CC1=C(C=C(C=C1)[N+]([O-])=O)[N+]([O-])=O,0
CC1=C(O)C(=O)C=CO1,0
COC1=C(Cl)C=CC(Cl)=C1C(O)=O,0
COC1=CC(=CC=C1N)C1=CC=C(N)C(OC)=C1,1
CC(C)(C)C1=CC(=C(O)C=C1)C(C)(C)C,1
ClC1=CC(Cl)=C(Cl)C=C1Cl,0
CCCCCCCCCC1=CC=C(O)C=C1,1
CCCCCCCCCC(O)=O,0
C[C@@H]1C[C@H]2[C@@H]3CCC4=CC(=O)C=C[C@]4(C)[C@@]3(F)[C@@H](O)C[C@]2(C)[C@@]1(O)C(=O)COP([O-])([O-])=O,0
CCCCOP(=O)(OCCCC)OCCCC,1
CC(C1CC1)C(O)(CN1C=NC=N1)C1=CC=C(Cl)C=C1,1
NC(=O)N(O)[C@@H]1COC2=C1C=CC(OCC1=CC=CC=C1)=C2,0
C[C@]12CC[C@H]3[C@@H](CCC4=C3C=CC(O)=C4)[C@@H]1CCC2=O,0
CC(C)CC(C)(O)C#CC(C)(O)CC(C)C,0
NC(=O)C1=NC(=N[N-]1)C1=CC=CC(=C1)C1=CC(F)=CC=C1OCC(F)(F)C(F)(F)F,1
CCCCOC(=O)[C@@H](C)OC1=CC=C(OC2=CC=C(C=N2)C(F)(F)F)C=C1,0
COC1=CC2=C(SC(C(=O)NC3=NN=N[N-]3)=C2OC(C)C)C=C1,0
CN(C)[C@H]1[C@@H]2[C@@H](O)[C@H]3C(=C(O)[C@]2(O)C(=O)C(C(N)=O)=C1O)C(=O)C1=C(C=CC=C1O)[C@@]3(C)O,0
CCCN(CCC)C1=C(C=C(C=C1[N+]([O-])=O)C(F)(F)F)[N+]([O-])=O,1
CCOC(=O)CC(CC(=O)OCC)(OC(C)=O)C(=O)OCC,0
CCCCNC(=O)OCC#CI,1
CCOP(=S)(OCC)SCCSCC,0
CCCCN(CCCC)SN(C)C(=O)OC1=C2OC(C)(C)CC2=CC=C1,0
ClC1=C(Cl)C2(Cl)C3COS(=O)OCC3C1(Cl)C2(Cl)Cl,1
CN1COCN(CC2=CN=C(Cl)S2)C1=N[N+]([O-])=O,1
C=CN1CCCC1=O,0
NC(=O)C(Br)(Br)C#N,0
C[C@@H](OC1=CC=C(CNC(=O)C2=CC=CN=C2OC2=CC=C3OCOC3=C2)C(F)=C1)C(O)=O,0
CC1=C(Cl)C=CC(O)=C1,1
CN\C(NCC1=CN=C(Cl)S1)=N/[N+]([O-])=O,1
CC1=CC=C(C=C1C)[N+]([O-])=O,0
CCCCCCCCCCCCN1CCCC1=O,1
CCCCCCCCCCCCCCCO,0
NCCO,0
CC(OC1=C(Cl)C=C(Cl)C=C1)C(O)=O,1
CN(C)C([S-])=S,0
C1=CC2=CC3=C(C=CC=C3)C=C2C=C1,0
CN1CCCC1=O,0
CCC(C)=NO,0
CC1=CC=C(N)C=C1,0
CC1=C(O)C(=CC(=C1)[N+]([O-])=O)[N+]([O-])=O,1
CC(=O)[C@@]1(O)CC[C@H]2[C@@H]3CCC4=CC(=O)CC[C@]4(C)[C@H]3CC[C@]12C,0
CCCCCCCCCC,0
CCC(=O)NC1=CC=C(Cl)C(Cl)=C1,1
CON(C(=O)OC)C1=C(COC2=NN(C=C2)C2=CC=C(Cl)C=C2)C=CC=C1,1
CN(C)C(Cl)=O,0
COC1=CC(C=CC)=CC=C1O,0
CC1=CC2=C(C=C1C(F)(F)F)N(CC2)C(=O)NC1=CC=C(OC2=CC=CN=C2C)N=C1,1
C(CC1=CC2=C(OCO2)C=C1)N1CCC[C@H](C1)OC(C1=CC=CC=C1)C1=CC=CC=C1,1
OC(=O)C1=CC(=CC=C1O)\N=N\C1=CC=C(C=C1)S(=O)(=O)NC1=NC=CC=C1,1
CC1=CC=C(Cl)C=C1,0
CCCC1=CC=CC=C1,0
CC(C)(O)C1=COC(=C1)S(=O)(=O)NC(=O)NC1=C2CCCC2=CC2=C1CCC2,1
CCOP(=S)(OCC)SCSCC,0
CCOP(=S)(OC(C)C)OC1=CN=C(N=C1)C(C)(C)C,1
CC1=CC=C(C=C1)S(O)(=O)=CCN(C(C)C)C(=O)C1=CC(OC[C@H](C)NC2=CC=NC=C2)=CC(C)=C1,1
ClC(Cl)=C(C1=CC=C(Cl)C=C1)C1=CC=C(Cl)C=C1,1
CCCCCCCCCCCCCO,1
OC(=O)C1CCN(CC1)C1=C(NC(=O)NC(=O)C2=CC(F)=C(F)C=C2Cl)C=C(F)C=C1,0
NC1=CC=C(Cl)C=C1,0
CN(C)C(=O)OC1=C(C)C(C)=NC(=N1)N(C)C,0
O=C1CCCO1,0
N1C2=C(C=CC=C2)N=C1C1=CSC=N1,0
CC1=CC=C(C=C1)S(=O)(=O)NC(=O)NN1CCCCCC1,0
C1=CC(=CC=N1)C1=CC=NC=C1,0
CCCCCCCCN(C)CCCCCCCC,0
CCCCCCCCN(C)C,0
COP(=O)(NC(C)=O)SC,0
OC(=O)C(F)(F)C(F)(F)C(F)(F)C(F)(F)C(F)(F)C(F)(F)C(F)(F)C(F)(F)C(F)(F)F,0
COC(=O)C1=CC=C(O)C=C1,0
O=C1NSC2=C1C=CC=C2,1
CC1(C)C(C=C(Cl)Cl)C1C(=O)OC(C#N)C1=CC=CC(OC2=CC=CC=C2)=C1,1
COC1=CC=CC=C1N,0
CC1=CC(=O)CC(C)(C)C1,0
CCC(C)(C)C1CCC(O)CC1,1
CC(C)(C1=CC=C(O)C=C1)C1=CC=C(O)C=C1,1
CN(C)NC(=O)CCC(O)=O,0
NC1=C(Cl)C=C(C=C1Cl)[N+]([O-])=O,1
CCCCCCCCCCC,0
O[Sn](C1=CC=CC=C1)(C1=CC=CC=C1)C1=CC=CC=C1,0
CCCCN(CCCC)N=O,0
CCCCCCOCCO,0
CCCCC(CC)COC(=O)C1=CC=C(C=C1)C(=O)OCC(CC)CCCC,0
CC1=NC(=NO1)C1=CC2=C(CCN(CCC3CCC(CC3)NC(=O)\C=C\C3=CC=C(F)C=C3)CC2)C=C1,0
CN1C(=O)N(CC2=CN=C(NC3=CC4=C(OC(CO)CO4)C=C3)N=C12)C1=CC=CC=C1Br,1
CCCN(CCC)C(=O)SCC,0
COC(=O)CCCC(=O)OC,0
CCC(CC)NC1=C(C(C)=C(C)C=C1[N+]([O-])=O)[N+]([O-])=O,1
O=P(OC1=CC=CC=C1)(OC1=CC=CC=C1)OC1=CC=CC=C1,1
CC(C)OC1=CC(N2N=C(OC2=O)C(C)(C)C)=C(Cl)C=C1Cl,1
CC(=O)C(\C)=C\C1C(C)=CCCC1(C)C,1
CCNC1=CC=CC=C1,0
FC1(F)C[C@@H](C#N)N(C1)C(=O)CNC1CC2CCC(C1)N2C1=NC=CC=N1,0
CSC1=N[C@](C)(C(=O)N1NC1=CC=CC=C1)C1=CC=CC=C1,1
CCCCCCCCCCCCCCC,0
NC1=CC2=C3N(CCC3=C1)C(=O)[C@H](NC(=O)C1=CC=CN=C1)N=C2C1=CC=CC=C1,0
CNC(=O)OC1=CC=CC=C1OC(C)C,0
CCCCC(CC)COC(=O)CCCCCCCC(=O)OCC(CC)CCCC,0
COCCO,0
CCC1=NC(N)=NC(N)=C1C1=CC=C(Cl)C=C1,1
O[C@H]([C@H](CC1=CC=CC=C1)NC(=O)C1=CC2=CC(Cl)=CC=C2N1)C(=O)N1C[C@H](O)[C@H](O)C1,1
CCOCN(C(=O)CCl)C1=C(CC)C=CC=C1C,0
[O-][Cl]=O,0
CC1=C(C2=C(O1)C(NC(=O)C1=C(Cl)C=CC=C1Cl)=CC=C2)C(C)(C)O,1
O=C(N[C@H]1CN2CCC1CC2)C1=CC2=C(OC=C2)C=N1,0
CC1(C)C(C(=O)OC(C#N)C2=CC=CC(OC3=CC=CC=C3)=C2)C1(C)C,1
CC(C)(OOC(C)(C)C1=CC=CC=C1)C1=CC=CC=C1,1
CCNP(=S)(OC)O\C(C)=C\C(=O)OC(C)C,1
CC1=CC2=C(OC(CN(CC3=CC=CC=C3)C(=O)NC3=C(F)C=C(F)C=C3F)=C2C2=CC=C(Cl)C=C2)C=C1,1
OC(=O)C1=C(Cl)C=CC(Cl)=N1,0
CC1=C(O)C(C)=C2CCC(C)(COC3=CC=C(CC4SC(=O)NC4=O)C=C3)OC2=C1C,0
CCCCC(CN1C=NC=N1)(C#N)C1=CC=C(Cl)C=C1,1
CC(C)OC(=O)C(C)(C)OC1=CC=C(C=C1)C(=O)C1=CC=C(Cl)C=C1,1
NC1=CC(N)=CC=C1,0
CCC(C)C1=C(O)C=CC=C1,1
CCCCCOC(C)=O,0
OCCC(F)(F)C(F)(F)C(F)(F)C(F)(F)C(F)(F)C(F)(F)F,0
CCCCC1=CC=CC=C1,0
[S-]C(=S)NCCNC([S-])=S,0
OC1=CC2=C(C(O)=C1)C(=O)C(O)=C(O2)C1=CC(O)=C(O)C=C1,0
CC1=CC=C(N)C(N)=C1,0
ClCC(=O)C1=CC=CC=C1,0
CCOC(=O)C1=CC=C(C=C1)[C@H]1CC[C@@H](CC1)NC[C@H](O)COC1=CC=C(O)C(NS(C)(=O)=O)=C1,1
F[C@@H](CO[C@H]1CC[C@@H](CC1)NC1=C2C=NN=C2N=CN1)C1=CC=CC=C1F,0
[O-]S(=O)(=O)C(F)(F)C(F)(F)C(F)(F)C(F)(F)F,0
CCOC(N)=O,0
ClC12C(=O)C3(Cl)C4(Cl)C1(Cl)C1(Cl)C2(Cl)C3(Cl)C4(Cl)C1(Cl)Cl,1
CN1N=C(C)C(C=NOCC2=CC=C(C=C2)C(=O)OC(C)(C)C)=C1OC1=CC=CC=C1,1
C1=CC=C(C=C1)N=NC1=CC=CC=C1,1
OC(=O)COC1=C(Cl)C=C(Cl)C=C1,0
COC(=O)C1=C(C=CC=C1)C(O)=O,0
ClC1=NC=CC(NC(=O)NC2=CC=CC=C2)=C1,1
N1C2=CC=CC=C2SC2=C1C=CC=C2,1
[S-]C(=S)NCCNC([S-])=S,1
CC(O)CC(C)(C)O,0
ClC1=CC=CC(Cl)=C1Cl,0
CCOP(=S)(OCC)OC(Cl)C(Cl)(Cl)Cl,0
CC1=C(C2=C(C=CC=C2)N1CCCCC(O)=O)C1=CN=CC=C1,0
C[C@]12CC[C@H]3[C@@H](CCC4=CC(O)=CC=C34)[C@@H]1CC[C@@]2(O)C#C,0
ClC1=CC(Cl)=C(Cl)C=C1,0
[O-][N+](=O)C1=CC=C(O1)C=NN1CC(=O)NC1=O,0
OC1=CC=C(C=C1)C(C1=CC=C(O)C=C1)(C(F)(F)F)C(F)(F)F,1
IC1=C(C=CC=C1)C(=O)NC1=CC=CC=C1,1
CC(C)C1(C)N=C(NC1=O)C1=NC2=C(C=CC=C2)C=C1C(O)=O,0
O=C(OCCCCCOC(=O)C1=CC=CC=C1)C1=CC=CC=C1,0
FC1=CC=C(C(=O)[N-]S(=O)(=O)\C=C\C2=CC=CC=C2)C(Cl)=C1,0
CCCN(CCC)N=O,0
CC(COCC(C)OC(=O)C1=CC=CC=C1)OC(=O)C1=CC=CC=C1,0
CCCCCCCCCCCCO,0
NC1=C(Cl)C(F)=NC(OCC(O)=O)=C1Cl,0
OCC(Br)(CO)[N+]([O-])=O,1
CCN(CC)C(=O)C(C)OC1=C2C=CC=CC2=CC=C1,0
OC1CCC(CC1)C1CCCCC1,1
CCNC1=NC(NC(C)C)=NC(Cl)=N1,0
CN(C)C1=CC=CC=C1,0
CC(OC1=CC(Cl)=CC=C1)C(O)=O,0
NC1=CC=C(C=C1)\N=N\C1=CC=CC=C1,1
CC(C)(C)C1=CC=C(O)C=C1,1
CCN(CC)C1=CC=CC=C1,0
OC(=O)C1=CC(=CC=C1)C(O)=O,0
NC1CCCCC1,0
CCCC(=O)OCCC(C)C,0
ClN1C(=O)N(Cl)C(=O)N(Cl)C1=O,0
COCC1=NN=C(N1C1=C(Cl)C(Cl)=CC2=C1NC(=O)C(=O)N2)C1=C[N+]([O-])=CC=C1,1
CC1=C(N)C=CC(=C1)N=NC1=C(C)C=CC=C1,1
CCC(=O)O[C@H]1CC[C@H]2[C@@H]3CCC4=CC(=O)CC[C@]4(C)[C@H]3CC[C@]12C,0
CNC(C)=O,0
O=C1NNC(=O)C=C1,0
CCN(CC)C(=S)SSC(=S)N(CC)CC,0
ClCCOCCCl,0
CCCCCCOC(=O)CC(CC(=O)OCCCCCC)(OC(=O)CCC)C(=O)OCCCCCC,0
NS(=O)(=O)C(F)(F)C(F)(F)C(F)(F)C(F)(F)C(F)(F)C(F)(F)C(F)(F)C(F)(F)F,0
OC(=O)C(F)(F)C(F)(F)C(F)(F)C(F)(F)C(F)(F)C(F)(F)C(F)(F)F,0
CC1=CC(C)=C(C)C=C1,0
CN(CC1=CN=C(Cl)C=C1)C(\C)=N\C#N,0
CCOP(=O)(NC(C)C)OC1=CC=C(SC)C(C)=C1,1
O=C1N(CC2CO2)C(=O)N(CC2CO2)C(=O)N1CC1CO1,0
OC(=O)C1=CC(OC2=CC=CC=C2)=CC=C1,0
FC1=CC=C2N(CC3=CC(F)=CC=C3)C(=CC2=C1)C(=O)NC1=CC=C2NC=CC2=C1,1
CNC(=O)ON=CC(C)(C)SC,0
CCOC(=O)COC1=C(Cl)C=C(F)C(=C1)C1=NN(C)C(OC(F)F)=C1Cl,0
CCC(C)(NC(=O)C1=CC(Cl)=C(C)C(Cl)=C1)C(=O)CCl,1
CC1=C(N)C=CC=C1,0
OC1=CC=C(C=C1)C1(OC(=O)C2=C1C=CC=C2)C1=CC=C(O)C=C1,1
CC(C)N1C(=O)C2=C(NS1(=O)=O)C=CC=C2,0
CS(O)(=O)=CC1=NC=CN1C1=CC=C(SC2=CC=CC(=C2)C2(CCOCC2)C(N)=O)C=C1,0
CC(=O)C1=CC=CC=C1,0
COC(=O)C1=C(C=C(I)C=C1)S(=O)(=O)[N-]C(=O)NC1=NC(OC)=NC(C)=N1,0
O=C1NC(=O)C(N1)(C1=CC=CC=C1)C1=CC=CC=C1,0
CN1CCN(CC1)C1=CC=CC=C1\C=C1/SCCN(C1=O)C1=CC=C(Cl)C(Cl)=C1,1
COC(O)C=C(C)OP(O)(OC)OC,0
COCCOCCOC,0
NC([O-])=O,0
CS(O)(=O)=CCOC1=CC=CC(=C1)[C@]1(CC[C@H](C)CC1)N1CCN(CC1)C1=CC=CC=C1,0
COCC(C)N(C(=O)CCl)C1=C(C)SC=C1C,0
CCC1=CC(=C(O)C=C1)C(C)(C)C,1
CSC1=NC(NC(C)C)=NC(NC(C)C)=N1,1
CC1=CC(=O)NC(=S)N1,0
CC1=CC(NC(=O)C(O)=O)=CC(C)=C1OC1=CC=C(O)C2=C1CCC2,0
[O-]C1=CC=C(C=C1)[N+]([O-])=O,0
CCCCCCOC(=O)C1=C(C=CC=C1)C(=O)OCCCCCC,1
C1=CC2=C(C=C1)N=CC=C2,0
CN(C)C1=CC=C(CC2=CC=C(C=C2)N(C)C)C=C1,1
CC(C)(C1=CC=CC=C1)C1=CC=C(O)C=C1,1
CCCCCCCCCCCCCCCCOS([O-])(=O)=O,0
CCC12COCN1COC2,0
CN1CSC(=S)N(C)C1,0
CCOS(=O)(=O)OCC,0
OC1=C(Cl)C=C(Cl)C=C1,1
CCCCCCCCCCCCOS([O-])(=O)=O,0
CN1SC(Cl)=CC1=O,1
CCC1=CC=CC(CC)=C1N,0
CN(C)[C@H]1[C@@H]2[C@@H](O)[C@H]3C(=C(O)[C@]2(O)C(=O)C(C(N)=O)=C1O)C(=O)C1=C(C=CC=C1O)[C@@]3(C)O,0
NC1=CC=C(CC2=CC=C(N)C=C2)C=C1,0
CCCC(CCC)C(O)=O,0
CON(C)C(=O)NC1=CC=C(Cl)C(Cl)=C1,1
CC(C)=CC1C(C(=O)OC2CC(=O)C(CC=C)=C2C)C1(C)C,1
CCCCCCC1=C(O)C=C(O)C=C1,1
CCOC(=O)C(C)OC(=O)C1=C(C=CC(OC2=C(Cl)C=C(C=C2)C(F)(F)F)=C1)[N+]([O-])=O,1
C1=CC2=C(C=C1)C1=C(C=CC=C1)C=C2,0
CCCCCOC(=O)COC1=C(Cl)C=C(F)C(=C1)N1C(=O)C2=C(CCCC2)C1=O,0
CC(C)(C)C(=O)C(OC1=CC=C(Cl)C=C1)N1C=NC=N1,0
CCC1=CC(=CC2=C1OCO2)C1=C(N(C2=CC=CC=C2C(F)(F)F)S(=O)(=O)C2=C1C=CC=C2)C([O-])=O,1
ClC1C2OC2C2C1C1(Cl)C(Cl)=C(Cl)C2(Cl)C1(Cl)Cl,1
COCCOC[C@H](CC1(CCCC1)C(=O)N[C@H]1CC[C@H](CC1)C(O)=O)C(=O)OC1=CC2=C(CCC2)C=C1,0
CCOC1=CC2=C(NC(C)(C)C=C2C)C=C1,1
CC1(C)NC(=O)NC1=O,0
CCC1=C(N(N=C1C(=O)NN1CCCCC1)C1=CC=C(Cl)C=C1Cl)C1=CC=C(Br)C=C1,1
CN(C)CCOC(C1=CC=CC=C1)C1=CC=CC=C1,1
ClC1=CC(Cl)=C(C=C1)C(CN1C=CN=C1)OCC=C,1
ClC(Cl)C1=CC=CC=C1,0
CC1=C2C=CC=CC2=CC=C1,0
CCOP(=S)(OCC)OC1=NN(C(C)C)C(Cl)=N1,0
CC(C)(C1=CC=CC=C1)C1=CC(=C(O)C=C1)C(C)(C)C1=CC=CC=C1,1
CN1C2=C(NC=N2)C(=O)N(C)C1=O,0
O=C1CCCCC1,0
[O-]C(=O)C1=CC=C2N(CC3=NOC(=C3)C3=CC=C(Cl)S3)C(=NC2=C1)C(=O)NC1CCN(CC1)C1CC1,0
NC1=CC=C(C=C1)C1=CC=C(N)C=C1,1
CCCCCCCCCCCCC=C,0
CC[C@@H]1C[C@H](N(CC2=CC(=CC(=C2)C(F)(F)F)C(F)(F)F)C(C)=O)C2=C(C=CC(=C2)C(F)(F)F)N1C(=O)OC(C)C,0
CC(C)C1=CC=C(C)C=C1,0
NC1=NC(NC2CC2)=NC(N)=N1,0
OCCNCCO,0
CC1=C(C=CC=C1[N+]([O-])=O)[N+]([O-])=O,0
CCCOC(=O)C1=CC(O)=C(O)C(O)=C1,0
O=C1CCC(CC1)C1CCCCC1,0
OC(CN1C=NC=N1)(CN1C=NC=N1)C1=C(F)C=C(F)C=C1,0
S=C1NCCN1,1
COC1=CC2=C(C(OC)=C1OC)C1=CC=C(OC)C(=O)C=C1[C@H](CC2)NC(C)=O,1
COC1=CC(=CC=C1N)C1=CC(OC)=C(N)C=C1,1
CC(=O)S[C@@H]1CC2=CC(=O)CC[C@]2(C)[C@H]2CC[C@@]3(C)[C@@H](CC[C@@]33CCC(=O)O3)[C@H]12,1
CCCC1=CC(=O)NC(=S)N1,0
CC(C)C1=CC(=CC=C1)C(C)C,1
OC(=O)C1=CC=C(C=C1)[N+]([O-])=O,0
CC1=CC(C)=CC(C)=C1,0
CCOP(=S)(OC1=CC=C(C=C1)[N+]([O-])=O)C1=CC=CC=C1,1
COC(=O)N(C(=O)N1CO[C@]2(CC3=C(C=CC(Cl)=C3)C2=N1)C(=O)OC)C1=CC=C(OC(F)(F)F)C=C1,1
CCCCCCCCCCCO,0
CC1=C(C)C(NC2=NC(SCC(O)=O)=NC(Cl)=C2)=CC=C1,0
CC1=C2N=C(C3=CC=CC=C3Cl)C3=C(NC2=NN1)C=CC(=C3)[N+]([O-])=O,1
FC1=CNC(=O)NC1=O,0
NC(=O)N\N=C\C1=CC=C(O1)[N+]([O-])=O,0
CCCCSP(=O)(SCCCC)SCCCC,1
C\C(\C=C\C1=C(C)CCCC1(C)C)=C/C=C/C(/C)=C/C(O)=O,0
COCC1=CN=C(C2=NC(C)(C(C)C)C(=O)N2)C(=C1)C(O)=O,0
CCCCCCCCCCCCCN1CC(C)OC(C)C1,0
NN1C=NN=C1,0
NC1=C(Cl)C(=O)N(N=C1)C1=CC=CC=C1,0
OC1=CC2=C(CC3=CC=CC=C23)C=C1,0
COC1=NN(CSP(=S)(OC)OC)C(=O)S1,1
CC#C[C@]1(O)CC[C@H]2[C@@H]3CCC4=CC(=O)CCC4=C3[C@H](C[C@]12C)C1=CC=C(C=C1)N(C)C,1
CCOP(=S)(OCC)OC1=NC(=NC(C)=C1)C(C)C,0
CN([C@H]1CC[C@@]2(CCCO2)C[C@@H]1N1CCCC1)C(=O)CC1=CC=CC2=C1C=CO2,1
[O-][N+](=O)C1=CC(=C(Cl)C(=C1NC1=C(Cl)C=C(C=N1)C(F)(F)F)[N+]([O-])=O)C(F)(F)F,1
OC1=C(C=CC=C1)C1=CC=CC=C1,1
CCN1CCC2(COC3=C2C=C2N(CCC2=C3)C(=O)C2=CC=C(C=C2)C2=CC=C(C=C2C)C2=NN=C(C)O2)CC1,1
OC(=O)CN1C(=O)N(CC2=CC=C(Br)C=C2F)C(=O)C2=C1C=C(Cl)C=C2,0
COC(=O)C1=CC=C(C=C1)C(=O)OC,0
CCCCCCCCCCO,1
O(P(OC1=CC=CC=C1)OC1=CC=CC=C1)C1=CC=CC=C1,0
CC\C(=C(\CC)C1=CC=C(O)C=C1)C1=CC=C(O)C=C1,1
OC12N=C(SC1CC1=CC(Cl)=CC=C21)C1=CC=CC=C1,1
COP(=O)(OC)SCN1C(=O)OC2=CC(Cl)=CN=C12,0
OC1=CC=C(C=C1)C1=COC2=C(C=CC(O)=C2)C1=O,1
COC1=NC(NC(C)C)=NC(NC(C)C)=N1,0
CC1=CC(N)=CC=C1,0
COC1=CC=C(C=C1)N1N=C(C=C1C1=CC=C(C=C1)S(C)=O)C(F)F,0
NCC1=CC=CC(=C1)C1CCN(CC1)C(=O)C1=CC=C(O1)C#CC1=CC=CC=C1F,1
OCCC(F)(F)C(F)(F)C(F)(F)C(F)(F)C(F)(F)C(F)(F)C(F)(F)C(F)(F)F,0
COC1=CC=CC(=C1)C1=C(Cl)C=C(\C=C/CN2CCCCCC2)C=C1,1
CN1C(=O)N(C(=O)C=C1C(F)(F)F)C1=CC(C(=O)OC(C)(C)C(=O)OCC=C)=C(Cl)C=C1,0
COC1=CC(OC)=NC(SC2=C(C([O-])=O)C(Cl)=CC=C2)=N1,1
NC(=O)N1C2=CC=CC=C2C=CC2=C1C=CC=C2,0
ClC1=CC=C(C=C1)C1=C(NC(=O)C2=C(Cl)N=CC=C2)C=CC=C1,1
CC(C)(C)C1=CC=CC=C1,0
N1N=NC2=C1C=CC=C2,0
C[C@]12C[C@H](O)[C@@]3(F)[C@@H](CCC4=CC(=O)C=C[C@]34C)[C@@H]1C[C@@H](O)[C@]2(O)C(=O)CO,0
CC(C)C1=CC=C(C)C=C1O,1
CN1CCC[C@H]1C1=CN=CC=C1,0
O=C(N[C@H]1CN2CCC1CC2)C1=CC2=C(OCCO2)C=C1,0
CN(C)C(=O)NC1(CCN(CC[C@]2(CN(CCO2)C(=O)C2=CC=CC=C2)C2=CC(F)=C(F)C=C2)CC1)C1=CC=CC=C1,1
CNC(=O)OC1=CC=CC2=C1OC(C)(C)O2,0
COC1=CC=CC(C(=O)NN(C(=O)C2=CC(C)=CC(C)=C2)C(C)(C)C)=C1C,0
OC1=C2C(CC3=CC=CC(O)=C3C2=O)=CC=C1,0
CCCCC(CC)C(O)=O,0
CCN(CC)C(=O)SCC1=CC=C(Cl)C=C1,0
OC(=O)C1(CC1)C(=O)NC1=CC=C(Cl)C=C1Cl,0
CNS(=O)(=O)C1=C(F)C=C(Cl)C(=C1)C(=O)N1CCC(CCN2C3CCC2CC(C3)N2C(C)=NC3=C2C=CC=C3)(CC1)C1=CC(F)=CC=C1,0
OC1=C(Cl)C(Cl)=C(Cl)C(Cl)=C1Cl,0
C1=CC=C(C=C1)C1=CC=CC=C1,0
CCC1=CN=C(CCOC2=CC=C(CC3SC(=O)NC3=O)C=C2)C=C1,0
CCC(=O)C(CC(C)N(C)C)(C1=CC=CC=C1)C1=CC=CC=C1,1
CC1=CC=C(O)C=C1,0
CCOP(=S)(OCC)SCSC(C)(C)C,0
COC1=C(N)C=C(C=C1)[N+]([O-])=O,0
CC(C)(C)C(O)C(OC1=CC=C(Cl)C=C1)N1C=NC=N1,1
C[C@@H](OC1=CC=C(OC2=NC=C(Cl)C=C2F)C=C1)C(=O)OCC#C,0
CC1=C2C(=O)C3=C(C(O)=C(O)C([C@@H]4O[C@H](CO)[C@@H](O)[C@H](O)[C@H]4O)=C3O)C(=O)C2=CC(O)=C1C(O)=O,0
CCCCCCCCCCCCCCCCO,0
OC1=C(\N=N\C2=CC=C(C=C2)S([O-])(=O)=O)C2=C(C=C1)C=C(C=C2)S([O-])(=O)=O,0
CC(C)(OO)C1=CC=CC=C1,0
CC[C@]12CC[C@H]3[C@@H](CCC4=CC(=O)CC[C@H]34)[C@@H]1CC[C@@]2(O)C#C,0
CN(CC1=NC2=C(N)N=C(N)N=C2N=C1)C1=CC=C(C=C1)C(=O)N[C@@H](CCC(O)=O)C(O)=O,0
CC(C)[C@H](SC(C)=O)C(=O)N[C@H]1CC2=C(C=CC=C2)[C@H]2CCC[C@H](N2C1=O)C(O)=O,0
CS(=O)(=O)NC(=O)C1=CC(OC2=CC=C(C=C2Cl)C(F)(F)F)=CC=C1[N+]([O-])=O,0
[O-][N+](=O)C1=CC=C(OC2=C(Cl)C=C(Cl)C=C2)C=C1,1
OC1=CC=C(C=C1)[N+]([O-])=O,0
CCOC1=NC(F)=CC2=NC(=NN12)S(=O)(=O)NC1=C(Cl)C=CC=C1Cl,0
CC1(C)NC(=O)N(C1=O)C1=CC(=C(C=C1)[N+]([O-])=O)C(F)(F)F,0
O=C(OCCCCCCOC(=O)C1=CC=CC=C1)C1=CC=CC=C1,0
CCCCOCN(C(=O)CCl)C1=C(CC)C=CC=C1CC,0
O=CCCCC=O,0
ClC1=CC(Cl)=CC=C1,0
OCCOCCOCCO,0
OC1=CC2=C(C=CC=C2)C2=CC=CC=C12,1
CCN1N=C(CC2=CC=CC=C2)C=C1C1CCN(C[C@H]2C[C@@H](C[C@@H]2C2=CC=CC(F)=C2)N(C)[C@H](C(C)C)C(O)=O)CC1,1
ClC1=CC=C(CCC(CN2C=NC=N2)(C#N)C2=CC=CC=C2)C=C1,1
CCOC1OC2=C(C=C(OS(C)(=O)=O)C=C2)C1(C)C,0
CCCOC1=NN(C(=O)[N-]S(=O)(=O)C2=C(C=CC=C2)C(=O)OC)C(=O)N1C,0
CCCCCCCC(O)=O,0
FC(F)(F)C1=CC=CC(C(=O)N[C@H]([C@@H]2CCCCN2)C2=CC=CC=C2)=C1Cl,1
CCCCCCCCOC(=O)C1=CC=C(C(=O)OCCCCCCCC)C(=C1)C(=O)OCCCCCCCC,0
CCCCCC(O)=O,0
CC1=CC=C(C=C1)[N+]([O-])=O,0
N=C(NC1=CC=CC=C1)NC1=CC=CC=C1,1
CC1=NN(C(=O)N1C(F)F)C1=CC(NS(C)(=O)=O)=C(Cl)C=C1Cl,0
COCC(=O)N(C(C)C(=O)OC)C1=C(C)C=CC=C1C,0
ClC1=CC=CC(=N1)C(Cl)(Cl)Cl,0
CO\C=C(\C(=O)OC)C1=C(COC2=NC(=CC=C2)C(F)(F)F)C=CC=C1,1
CC(C)=CC1C(C(=O)OCC2=COC(CC3=CC=CC=C3)=C2)C1(C)C,0
C[N+](C)(C)CC1CO1,0
CCCCOC(=O)[C@@H](C)OC1=CC=C(OC2=C(F)C=C(C=C2)C#N)C=C1,0
ClCCN(CCCl)P1(=O)NCCCO1,0
OC[C@H]1O[C@@H]2O[C@@H]3[C@@H](CO)O[C@H](O[C@@H]4[C@@H](CO)O[C@H](O[C@@H]5[C@@H](CO)O[C@H](O[C@@H]6[C@@H](CO)O[C@H](O[C@@H]7[C@@H](CO)O[C@H](O[C@H]1[C@H](O)[C@H]2O)[C@H](O)[C@H]7O)[C@H](O)[C@H]6O)[C@H](O)[C@H]5O)[C@H](O)[C@H]4O)[C@H](O)[C@H]3O,0
CN[C@H]1CC[C@@H](C2=CC=C(Cl)C(Cl)=C2)C2=CC=C(C=C12)S(N)(=O)=O,1
NC1=C(Cl)C(=CC(Cl)=C1)C(O)=O,0
CCCCN(CCCC)CCCC,0
SC1=NC2=C(S1)C=CC=C2,0
FC1=CC=C(OC2=CC=NC3=CC(Cl)=CC(Cl)=C23)C=C1,1
OC[C@H](O)[C@H]1OC(=O)C(O)=C1[O-],0
CN(C)S(=O)(=O)N1C(=NC(Cl)=C1C1=CC=C(C)C=C1)C#N,1
CC1=C(CCOC2=CC=CC3=C2C=CN3CCC(O)=O)N=C(O1)C1=CC=CC=C1,1
CO\N=C(\C1=NOCCO1)C1=C(OC2=C(F)C(OC3=C(Cl)C=CC=C3)=NC=N2)C=CC=C1,1
CC1(C)N(Br)C(=O)N(Br)C1=O,0
O=C(NC1=CN=NS1)NC1=CC=CC=C1,1
CCNC(=O)NC(=O)C(=N\OC)\C#N,0
CCCCCCCCCCCCC1=CC=CC=C1,0
OC(=O)C1=C(Cl)C=CC2=CC(Cl)=CN=C12,0
COCCOCCOCCOC,0
OC(=O)CCCCC(O)=O,0
CC(C)C(=O)NC1=CC(=C(C=C1)[N+]([O-])=O)C(F)(F)F,1
C[C@@H]1[C@@H]2NC[C@@H](C)C[C@H]2O[C@]11CC[C@H]2[C@@H]3CC=C4C[C@@H](O)CC[C@]4(C)[C@H]3CC2=C1C,0
CCCCC1=NC2=C(N=CC=C2)N1CC1=CC=C(C=C1)C1=CC=CC=C1C1=NN=N[N-]1,0
COCCOCCO,0
CSC1=CC=C(OC2=CC=C(C=C2CN(C)C)S(N)(=O)=O)C=C1C,1
NC1=CC2=C(C=CC=C2)C=C1,0
CCC1=CN=C(C2=NC(C)(C(C)C)C(=O)N2)C(=C1)C(O)=O,0
CC(=O)O[Hg]C1=CC=CC=C1,1
COP(N)(=O)SC,0
CC(C)(O)C1=CC=C(CNC(=O)C2=CC=CN=C2OC2=CC=C(F)C=C2)C=C1,0
CCCOC(=O)C1=CC=C(O)C=C1,1
BrC1=CC=C(OC2=CC=CC=C2)C=C1,0
N(NC1=CC=CC=C1)C1=CC=CC=C1,0
OC1=CC(O)=CC=C1,0
CC1=C(C)S(=O)(=O)CCS1(=O)=O,0
CCCCCCC(=O)OCC,0
CC(C)(C)N1N=CC(SCC2=CC=C(C=C2)C(C)(C)C)=C(Cl)C1=O,1
CCOP(=S)(OCC)SCSP(=S)(OCC)OCC,1
CCC(C)(C)C1=CC(=C(O)C=C1)C(C)(C)CC,1
N#CSCSC1=NC2=CC=CC=C2S1,1
CC(C)COC(=O)C1=C(C=CC=C1)C(=O)OCC(C)C,1
CC1=CC=CC=C1[N+]([O-])=O,0
NC#N,1
CSC(=O)C1=C(N=C(C(C(=O)SC)=C1CC(C)C)C(F)(F)F)C(F)F,1
CN(C)C1=NC(=O)N(C2CCCCC2)C(=O)N1C,0
CCCCC(CC)COC(=O)CCCCC(=O)OCC1=CC=CC=C1,0
CCCCCCCCCC[N+](C)(C)CCCCCCCCCC,1
CC1=NC=C(C=N1)[C@@H](CCCCCCC1=NC2=C(CCCN2)C=C1)CC(O)=O,0
CC(Cl)(Cl)C(O)=O,0
C[C@]12CC[C@H]3[C@@H](CCC4=C3C=CC(O)=C4)[C@@H]1CC[C@H]2O,1
ClC(Cl)(Cl)SN1C(=O)C2=C(C=CC=C2)C1=O,1
CC1=CC(C)=C(O)C(C)=C1,1
CC(=O)NC1=CC=C(O)C=C1,0
N1C=NC=N1,0
CCCCC(CC)COC(=O)C1=CC=C(C(=O)OCC(CC)CCCC)C(=C1)C(=O)OCC(CC)CCCC,0
CCCCCCCCC(O)=O,0
CNC1=C(Cl)C(=O)N(N=C1)C1=CC=CC(=C1)C(F)(F)F,0
CC[C@H](NC(=O)C1=C([N-]S(=O)(=O)C2=CC=CC3=CC=CN=C23)C=CC(F)=C1)C1=CC=CC=C1,0
CN(C)[C@H]1[C@@H]2C[C@H]3C(=C(O)[C@]2(O)C(=O)C(C(N)=O)=C1O)C(=O)C1=C(C=CC=C1O)[C@@]3(C)O,0
COC1=C(NNC(=O)OC(C)C)C=C(C=C1)C1=CC=CC=C1,1
CCCCCCCC1CCC(=O)O1,1
COP(=S)(OC)OC1=CC(C)=C(SC)C=C1,0
OC(=O)C1C(C(O)=O)C2(Cl)C(Cl)=C(Cl)C1(Cl)C2(Cl)Cl,0
CCNC1=NC(N)=NC(Cl)=N1,0
CCNC1=NC(SC)=NC(NC(C)C)=N1,1
CN(C)C(=O)NC1=CC=C(Cl)C=C1,0
CCOC1=CC(=CC=C1)N1C=C(N=C1C1=CC=C(C)C=C1)C(=O)N1CCN(CC1)C1=CC2=CC=CC=C2C(=C1)C([O-])=O,0
ONC(=O)C1(CCCC1)N(CCC(O)=O)S(=O)(=O)C1=CC=C(OC2=CC=C(F)C=C2)C=C1,0
CC(C)=CCC\C(C)=C\COC(C)=O,0
OC1=CC=C(O)C=C1,0
OC(=O)COC1=C(Cl)C=C(Cl)C(Cl)=N1,0
C1OC1C1=CC=CC=C1,0
ClC1=CC=C(NC(=O)NC2=CC=C(Cl)C(Cl)=C2)C=C1,1
OC1=C(C=C(C=C1)[N+]([O-])=O)[N+]([O-])=O,1
CCCCOC(=O)C(C)OC1=CC=C(OC2=CC=C(C=N2)C(F)(F)F)C=C1,0
CC1(C)C(C=C(Cl)Cl)C1C(=O)OC(C#N)C1=CC=C(F)C(OC2=CC=CC=C2)=C1,0
CCCCCCCC\C=C/CCCCCCCC(=O)OC[C@@H](O)[C@H]1OC[C@H](O)[C@H]1O,0
OC1=CC=C2C=CC=CC2=C1\N=N\C1=CC=CC=C1,0
COC1=CC=C(C=C1)C(C1=CC=C(OC)C=C1)C(Cl)(Cl)Cl,1
CCOC1=CC=C(C=C1)C(C)(C)COCC1=CC(OC2=CC=CC=C2)=CC=C1,0
COP(=S)(OC)OC1=CC=C(C(C)=C1)[N+]([O-])=O,0
CC(=O)OCCOCCOCCOC(C)=O,0
COC1=CN=C(OC)N2N=C(NS(=O)(=O)C3=C(C=CC=C3OCC(F)F)C(F)(F)F)N=C12,0
CN(C)C(=O)C1(CCN(CCC2(CN(CCO2)C(=O)C2=CC=CC=C2)C2=CC=C(Cl)C(Cl)=C2)CC1)N1CCCCC1,1
CC(C)(C)OOC(C)(C)C,0
CCSC(=O)N(CC(C)C)CC(C)C,0
CCOC1=NC(=NS1)C(Cl)(Cl)Cl,0
ClC1=C(Cl)C=CC=C1,0
C(C1=CC=CC=C1)[N+]1=C2C=CC=CC2=CC=C1,1
ClC1=CC=C(C=C1)C(Cl)(Cl)Cl,0
OC(=O)C1=C(C=CC=C1)C(=O)OCC1=CC=CC=C1,0
C[C@]12CC[C@H]3[C@@H](CCC4=CC(=O)CC[C@H]34)[C@@H]1CC[C@@]2(O)C#C,0
CC12CC1(C)C(=O)N(C2=O)C1=CC(Cl)=CC(Cl)=C1,0
CCCCCCCCCCCCCCCCCC(O)=O,0
CC(C)(NC(=O)C1=CC(Cl)=CC(Cl)=C1)C#C,1
ClC1=CC=C(Cl)C=C1,0
CCOCCOCCO,0
CC(C)(C)CC(C)(C)C1=CC(N2N=C3C=CC=CC3=N2)=C(O)C=C1,0
O=C(CCCCCCCCC1=CN=CC=C1)N1CCC(CC1)C=C(C1=CC=CC=C1)C1=CC=CC=C1,0
[O-]S(=O)(=O)C(F)(F)C(F)(F)C(F)(F)C(F)(F)C(F)(F)C(F)(F)F,0
COC(=O)C1=C(N)C=CC=C1,0
COC1=CC(OC)=NC(NC(=O)[N-]S(=O)(=O)C2=NC=CC=C2OCC(F)(F)F)=N1,0
COS([O-])(=O)=CN1C(=CC(C2=CC=CC=C2)=[N+]1C)C1=CC=CC=C1,1
CC1(OC(=O)N(C1=O)C1=CC(Cl)=CC(Cl)=C1)C=C,0
C[C@]12C[C@H](O)[C@H]3[C@@H](CCC4=CC(=O)CC[C@]34C)[C@@H]1CC[C@@H]2C(=O)CO,0
ClC1=C(Cl)[C@]2(Cl)[C@@H]3[C@@H]4C[C@@H](C=C4)[C@@H]3[C@@]1(Cl)C2(Cl)Cl,1
CCC(=NOC\C=C\Cl)C1=C(O)CC(CC1=O)C1CCOCC1,1
OC(=O)C(F)(F)C(F)(F)C(F)(F)C(F)(F)C(F)(F)C(F)(F)C(F)(F)C(F)(F)F,0
OC1=CC=C(C=C1)C(C1=CC=C(O)C=C1)C(Cl)(Cl)Cl,1
OP(O)(=O)CCCl,0
CC1=CC(C)=NC(NC2=CC=CC=C2)=N1,0
NC(=O)CN(CC(F)(F)F)C1=CC(=C(C=C1)C#N)C(F)(F)F,0
ClC1=C(Cl)C(Cl)(Cl)C(Cl)=C1Cl,0
CC(C)C(OC(=O)C(C)C)C(C)(C)COC(=O)C(C)C,0
COP(=O)(OC)OC(Br)C(Cl)(Cl)Br,0
C\C(=C/CO)\C=C\C=C(/C)\C=C\C1=C(C)CCCC1(C)C,0
CCN(CC(C)=C)C1=C(C=C(C=C1[N+]([O-])=O)C(F)(F)F)[N+]([O-])=O,1
CCCSP(=O)(OCC)OC1=C(Cl)C=C(Br)C=C1,0
CCCCC(CC)COC(=O)C1=C(C=CC=C1)C(=O)OCC(CC)CCCC,0
CC(CC1=CC=C(OCC(O)=O)C=C1)NCC(O)C1=CSC(=N1)C(F)(F)F,0
CNC([S-])=S,0
OC1CCCCC1,0
CC(C)(C)OOC(=O)C1=CC=CC=C1,0
CCC(C)(CC)C1=NOC(NC(=O)C2=C(OC)C=CC=C2OC)=C1,1
OC[C@H]1O[C@@](CO)(O[C@H]2O[C@H](CO)[C@@H](O)[C@H](O)[C@H]2O)[C@@H](O)[C@@H]1O,0
ClC(Cl)C(Cl)(Cl)SN1C(=O)C2CC=CCC2C1=O,0
CNC(=O)N(C)C1=NN=C(S1)C(C)(C)C,0
CCN(CC1=CC(=CC=C1)S([O-])(=O)=O)C1=CC=C(C=C1)C(=C1C=CC(C=C1)=[N+](CC)CC1=CC(=CC=C1)S([O-])(=O)=O)C1=C(C=CC=C1)S([O-])(=O)=O,1
COC(=O)CCCCC(=O)OC,0
CC1=C(C=CC=C1COC(=O)[C@H]1[C@@H](\C=C(/Cl)C(F)(F)F)C1(C)C)C1=CC=CC=C1,0
OC1=C(Cl)C=C(Cl)C=C1Cl,0
CC#CC1=CC(C)=NC(NC2=CC=CC=C2)=N1,1
FC(F)C(F)(F)OCC(CN1C=NC=N1)C1=C(Cl)C=C(Cl)C=C1,1
CN(C)N=O,0
CCCOC1=C(C=C(C=C1)S(=O)(=O)N1CCN(CC)CC1)C1=NC2=C(CC)N(CC3=CC=CC=N3)N=C2C(=O)N1,0
COC(=O)NS(=O)(=O)C1=CC=C(N)C=C1,0
CC1COC(CN2C=NC=N2)(O1)C1=C(Cl)C=C(OC2=CC=C(Cl)C=C2)C=C1,1
[H][C@]1(OC(=O)C2=C1C=CC1=C2OCO1)[C@]1([H])C2=C(CC[N+]1(C)C)C=C1OCOC1=C2,1
CC1=C(N)C(N)=CC=C1,0
OCC(CO)(CBr)CBr,0
CCCCCCCCCCCC[N+](C)(C)C,1
CCC1=CC=CC(CC)=C1N(COC)C(=O)CCl,0
COC(=O)NC(=S)NC1=C(NC(=S)NC(=O)OC)C=CC=C1,0
CCC(C)NC1=C(C=C(C=C1[N+]([O-])=O)C(C)(C)C)[N+]([O-])=O,1
CN(C)C1=CC=C(C=C1)C(C1=CC=C(C=C1)N(C)C)=C1C=CC(C=C1)=[N+](C)C,1
CC(C)CCO,0
CCCCOC(=O)C1=CC=CC=C1,0
CCCCC(O)(CN1C=NC=N1)C1=CC=C(Cl)C=C1Cl,1
CCC(C)(C1=CC=C(O)C=C1)C1=CC=C(O)C=C1,0
CC(C)=CCCC(C)=CC=O,0
CCCCCCCCOC(=O)C1=CC(O)=C(O)C(O)=C1,1
COS(=O)(=O)OC,0
CC(C)[C@]1(CCC2=CC=C(N)C=C2)CC(O)=C(SC2=CC(C)=C(CO)C=C2C(C)(C)C)C(=O)O1,0
CC(O)CCO,0
CCCCCCCCOC1=CC(O)=C(C=C1)C(=O)C1=CC=CC=C1,0
CCN(CC1=CC=CN=C1)C(=O)C1=CC=CC(Cl)=C1[C@]1(C)C(=O)N(CC2=C(OC)C=C(OC)C=C2)C2=CC=C(Cl)C=C12,1
COC1=CC=C(C=C1)C(=O)NC1=C(C#N)C(NCC2=CC=CC=C2)=C2C=CC=CC2=N1,1
CCOP(=S)(OCC)SCN1C(=O)OC2=CC(Cl)=CC=C12,1
CCOC1=CC(OC2=CC=C(C=C2Cl)C(F)(F)F)=CC=C1[N+]([O-])=O,1
CC1=CC2=CC=CN=C2C=C1,0
CC(=O)[C@H]1CC[C@H]2[C@@H]3CCC4=CC(=O)CC[C@]4(C)[C@H]3CC[C@]12C,1
CCCCOC(=O)C1=CC=C(O)C=C1,1
CS(O)(=O)=CC(C)C1=CC=C(C=C1S(C)(=O)=O)C(=O)N=C(N)N,0
CC(=O)N1CCN(CC1)C1=CC=C(OC[C@H]2CO[C@@](CN3C=CN=C3)(O2)C2=CC=C(Cl)C=C2Cl)C=C1,1
COC1=C(OC)C(=CC=C1)[C@H](O)C1CCN(CCC2=CC=C(F)C=C2)CC1,1
CC(=O)CC(C)(C)O,0
CC[C@H](C)C(=O)O[C@H]1C[C@@H](C)C=C2C=C[C@H](C)[C@H](CC[C@@H]3C[C@@H](O)CC(=O)O3)[C@@H]12,0
OC(=O)C(Cl)Cl,0
C[C@@H](O)C1=NC(=CC=N1)N1[C@@H](C)CN(C[C@H]1C)C1=NC(C)=NC(C)=N1,0
ClC1=C(C=CC=C1)C(N1C=CN=C1)(C1=CC=CC=C1)C1=CC=CC=C1,0
O=C(C1=CC=CC=C1)C1=CC=CC=C1,0
NCC1(CC2=NOC(=O)N2)CCCCC1,0
[O-][N+](=O)C1=C(Cl)C(Cl)=C(Cl)C(Cl)=C1Cl,1
CNC(=O)\C=C(/C)OP(=O)(OC)OC,0
C1=CC2=C(C=C1)C1=CC3=C(C=CC=C3)C3=C1C2=CC=C3,0
O=C1N(C2CCC(=O)NC2=O)C(=O)C2=CC=CC=C12,0
NC1=C(C(=NN1C1=C(Cl)C=C(C=C1Cl)C(F)(F)F)C#N)S(=O)C(F)(F)F,1
CC1(OC(=O)N(NC2=CC=CC=C2)C1=O)C1=CC=C(OC2=CC=CC=C2)C=C1,1
C\C=C\C=C\C(O)=O,0
CC(C)(C)C1=CC=C(OC2CCCCC2OS(=O)OCC#C)C=C1,1
CCCCOC(=O)C1=C(C=CC=C1)C(=O)OCC1=CC=CC=C1,1
CCCCCCCCOC(=O)CCCCCCCCC(=O)OCCCCCCCC,0
CC1=C(N)C=C(N)C=C1,0
CC1=CN(NC(=O)C2=C(C)N=C(N=C2)C2=CC=CC=N2)C2=CC=C(F)C=C12,0
OCC(CO)N1C=NC(=C1C1=CC=NC(OC2=CC=CC=C2)=N1)C1=CC=C(F)C=C1,0
CS(O)(=O)=CC(C)(C)C1=CC(\C=C2/SC(=N)NC2=O)=CC(=C1O)C(C)(C)C,1
COS(C)(=O)=O,0
ClC12C3(Cl)C4(Cl)C5(Cl)C(Cl)(C1(Cl)C4(Cl)Cl)C2(Cl)C(Cl)(Cl)C35Cl,0
COC1=C(CN[C@H]2CCCN[C@H]2C2=CC=CC=C2)C=C(OC(F)(F)F)C=C1,1
NS(=O)(=O)C1=CC2=C(NCNS2(=O)=O)C=C1Cl,0
CN(C)CCO,0
[O-][N+](=O)C1=C(C=CC=C1)[N+]([O-])=O,1
N#CCCCCC#N,0
CC(C)NCC(O)C1=CC(O)=C(O)C=C1,0
[O-][N+](=O)C1=CC=C(Cl)C(Cl)=C1,0
COC1=C(OC)C=C(C=C1)C(=CC(=O)N1CCOCC1)C1=CC=C(Cl)C=C1,1
C[Si]1(C)O[Si](C)(C)O[Si](C)(C)O[Si](C)(C)O1,0
FC1=CC(Br)=C(C=C1)C(=O)NS(=O)(=O)\C=C\C1=CC=CS1,0
CCOC(=O)C(O)(C1=CC=C(Cl)C=C1)C1=CC=C(Cl)C=C1,0
FC(OC(F)(F)F)C(F)(F)OC1=C(Cl)C=C(NC(=O)NC(=O)C2=C(F)C=CC=C2F)C=C1,0
CCCSC(=O)N(CCC)CCC,0
CC1=C(N)C=CC(CC2=CC(C)=C(N)C=C2)=C1,1
