smiles,active
Cc1ccc(Sc2cnc(Nc3cccc(Br)n3)s2)cc1C(=O)N(C)CCC#N,1
Cc1c(ccc(c1)OC)N,0
CCCC(CCC)c1nc(c2ccc(C(C)(C)C)cc2)c[nH]1,1
COc1ncc(c2cc(O[C@@H]3CCOC3)c3nc(N)nc(C)c3c2)cc1NS(=O)(=O)c1ccc(F)cc1F,1
Cc1cc(cc(c1O)[N+](=O)[O-])[N+](=O)[O-],0
COc1ccc(cc1)OC,0
COc1ccc(c2nonc2c2cc(OC)c(OC)c(OC)c2)cc1N,1
CCOc1c(ccc(c1)C=O)O,0
CC12CC3CC(C)(C1)CC(N)(C3)C2,1
CCCCC(CC)COCC1CO1,0
c1cc(c(c(c1O)Cl)Cl)Cl,0
CC(CCC#N)C#N,0
COc1ccc(/C=C/C(=O)OCC2CCN(Cc3ccc4c(c3)OCO4)CC2)cc1O,1
CNC(=O)N(c1ccccc1)c1ccccc1,0
CCOC(=O)C(C)C(=O)C,0
COc1cc(/C=C/C(=O)/C=C/c2nc3c(C)cccc3n2C)ccc1O,1
COC(=O)CCCN1C(=O)[C@]23O[C@]4(O)[C@@H](O)C(=O)N5C(C)(C)[C@H](Cc6cccc1c26)[C@H]3[C@]45O,1
c1ccc(cc1)c1ccccc1Br,0
COC(=O)[C@]1(Cc2ccc(O)c(CC=C(C)C)c2)OC(=O)C(=C1c1ccccc1)O,1
COC(=O)[C@@H]1c2c(oc3cc(C)cc(OC)c3c2=O)C=C[C@H]1O,1
c1c(c(cc(c1Cl)Cl)Cl)Cl,0
COc1cc2c(Nc3ccc(C#N)cc3)ncnc2cc1OCCCN1CCN(C)CC1,1
Cc1ccccc1C(=O)N,0
CCN1CCN(CCCOc2cc3ncnc(Nc4ccccc4C#N)c3cc2OC)CC1,1
Cc1c(ccc(c1)[N+](=O)[O-])N,0
C[C@@H]1CC[C@H]2[C@@](C)(C(=O)NCCCCNC(=O)[C@@]3(C)O[C@@H]4O[C@@]5(C)CC[C@H]6[C@H](C)CC[C@@H]3[C@@]46OO5)O[C@@H]3O[C@@]4(C)CC[C@@H]1[C@@]23OO4,1
O=C(N/N=C/N1CCN(c2cc3c(cc2F)c(=O)c(C(=O)O)cn3C2CC2)CC1)c1cccc(F)c1,1
Cc1c(cc(cc1)C(=O)O)[N+](=O)[O-],0
CC(C)n1cnc2c(NCc3ccc(c4ccccn4)cc3)nc(NC[C@@H](O)CO)nc12,1
c1cc(c(c(c1Cl)O)Cl)Cl,0
C(C(CO)(CBr)CBr)O,0
Clc1cnc2nc1Nc1cccc(c1)Nc1ncc(Cl)c(n1)Nc1cccc(c1)N2,0
CC(C)(C)NC(=O)C(c1ccc(F)cc1)N(C(=O)/C=C/C(=O)c1ccc(F)cc1)C1CC1,0
COC(=O)c1ccccc1N,0
CCCCC1C(=O)N(N(C1=O)c1ccccc1)c1ccccc1,0
FC(F)(F)c1ccc(COc2cccc(Nc3ncnc4cc5c(cc34)OCCOCCOCCO5)c2)cc1,0
CC[C@@H](CO)Nc1nc(NCc2ccncc2)c2ncn(C(C)C)c2n1,1
CC(C)CCC[C@@H](C)[C@H]1CC[C@H]2[C@H]3[C@H](CC[C@]12C)[C@@]1(C)CC[C@H](O)C[C@]1(O)[C@H](O)[C@@H]3O,1
CCCC(C)(COC(=O)N)COC(=O)NC(C)C,0
O=C1NC(=O)/C(=C/c2cn(c3ccccc3)nc2c2ccccc2)/S1,1
COc1c2c(ccc1)sc(n2)N,0
CN(CCCNC(=O)c1cccc(Cl)c1Cl)Cc1ccccc1,1
Oc1[nH]c2c(Br)cccc2c1C1=Nc2ccccc2/C/1=N\OCCN1CCNCC1,1
CCOC(=O)c1sc(c2ccnc(NC(=O)C3CC3)c2)nc1OCCNc1c2c(nc3ccccc13)CCCC2,0
CCc1cccc(NC(=O)c2cnn3c(C(F)F)cc(c4ccc(C)cc4)nc23)c1,1
CCn1cc(C(=O)O)c(=O)c2cc(F)c(N3CCNCC3)cc12,1
CCCCC(CC)COC(=O)COc1c(cc(cc1)Cl)Cl,0
CN(CCCCCCCOc1ccc(c2cc3ccccc3o2)cc1)Cc1ccccc1,1
c1c(cc(c(c1N)Cl)C(=O)O)Cl,0
CCCCCCc1c(cc(cc1)O)O,0
CC(=C)c1ccccc1,0
COC(=O)[C@]1(Cc2ccc(O)c(CC=C(C)C)c2)OC(=O)C(=C1c1ccc(OC)cc1)O,1
c1c(c(cc(c1Cl)Cl)Cl)O,0
Nc1nccc(c2c[nH]c3nc(Br)ccc23)n1,1
Cc1ccc(cc1)NC(=O)C,0
COc1cc(CCc2cc(OC)c(O)c(OC)c2)ccc1O,1
CN(CCCNC(=O)c1ccc(Cl)c(Cl)c1)Cc1ccccc1,0
C[C@@H]1CC[C@H]2[C@@H](C)C(=O)O[C@@H]3O[C@@]4(C)CC[C@@H]1[C@@]23OO4,1
CC(=O)O[C@H]1C(=O)[C@]2(C)[C@@H](O)C[C@H]3OC[C@@]3(OC(=O)C)[C@H]2[C@H](OC(=O)c2ccccc2)[C@]2(O)C[C@H](OC(=O)[C@H](O)[C@@H](NC(=O)c3ccccc3)c3ccccc3)C(=C1C2(C)C)C,1
COc1ccc(c2coc3cc(OCCc4ccccc4)ccc3c2=O)cc1N(CCCl)CCCl,1
CCCCC[C@H](O)CCCCCCCCCCCc1cc(O)cc(O)c1,1
c1cc(ccc1O)Cl,0
C=CCCl,0
O=c1[nH]cc(F)c(=O)[nH]1,1
COc1cc2oc3c(OC)c(c4cc(CC=C(C)C)c(O)c(OC)c4)cc(OC)c3c2cc1O,1
c1c(c(cc(c1Cl)[N+](=O)[O-])O)N,0
CCCCOC(=O)COc1c(cc(cc1)Cl)Cl,0
COc1ccc(c2cc(=O)c3c(O)c(OC)c(OC)c(OC)c3o2)cc1OC,1
CC(C)Oc1ccnc2[nH]cc(c3ccnc(N)n3)c12,1
CCNCC,0
CCN(CC)CCO/N=C\1/C(=C\2/C(=O)Nc3cc(Br)ccc23)/Nc2ccccc12,1
c1cc(=O)[nH][nH]c1=O,0
C(=S)(N)NN,0
Cc1ncc[nH]1,0
C=CCBr,0
C[C@@H]1CC[C@H]2[C@@](C)(C(=O)OCCCCCCCCCOC(=O)[C@@]3(C)O[C@@H]4O[C@@]5(C)CC[C@H]6[C@H](C)CC[C@@H]3[C@@]46OO5)O[C@@H]3O[C@@]4(C)CC[C@@H]1[C@@]23OO4,1
C(C(Cl)Cl)(Cl)Cl,0
CC1=CC(=O)O[C@]21C[C@H]1C[C@H](O)[C@@]3(C)Oc4cc(O)cc(C)c4C[C@H]3CC(C)(C)/C=C/C[C@]1(C)O/C/2=C\C(=O)O,1
C=C1C(C2(C(C(C1(C2(Cl)Cl)Cl)Cl)Cl)Cl)(CCl)CCl,1
C1(=C(C(C(=C1Cl)Cl)(Cl)Cl)Cl)Cl,0
Cc1c(c(ccc1)C)O,0
Fc1cnc2nc1Nc1cccc(c1)Nc1ncc(F)c(n1)Nc1cccc(c1)N2,0
CC(C)(/C=N/OC(=O)NC)SC,0
c1ccc(cc1)Cl,0
C[C@@H]1[C@H]2C3=CC[C@@H]4[C@@]5(C)CC[C@H](O)C(C)(C)[C@@H]5CC[C@@]4(C)[C@]3(C)CC[C@@]2(C(=O)O)CC[C@H]1C,1
CC(=O)OCc1ccco1,1
CC(=CCCC(C)(C=C)O)C,0
CCCCC(=O)Cl,0
CCCN1C(=O)S/C(=C\c2cn(c3ccccc3)nc2c2ccc(Cl)cc2)/C1=O,1
COC1=C(NC(C)C(=O)C)C(=O)c2nc(c3nc(C(=O)O)c(C)c(c4ccc(OC)c(OC)c4O)c3N)ccc2C1=O,1
COC(=O)c1ccccc1O,0
O=C1C(=C(Nc2nc(c3ccc(Cl)cc3)cs2)C(=O)c2ccccc12)Cl,0
COc1ccc(/C=C/C(=O)/C=C/c2nc3cc(O)ccc3n2C)cc1O,1
Nc1ncc(c2ccc(C(F)(F)F)cc2)c(c2c[nH]c3cccc(Br)c23)n1,1
COC(=O)c1ccccc1,0
c1ccc(cc1)CCN=C(N)N=C(N)N,0
COC1=CC(=O)OC(C1)C=Cc1cc2c(cc1)OCO2,0
c1ccncc1,0
Cc1c(c(ccc1)[N+](=O)[O-])[N+](=O)[O-],0
O=[N+]([O-])c1ccc(COc2ccc(Nc3ncnc4cc5c(cc34)OCCOCCO5)cc2)cc1,1
COc1ncc(c2cc(OC3CCOCC3)c3nc(N)nc(C)c3c2)cc1NS(=O)(=O)c1ccc(F)cc1F,1
COc1c(ccc(c1)[C@@H]1[C@H](Oc2c(O1)cc(cc2)[C@@H]1[C@H](C(=O)c2c(cc(cc2O1)O)O)O)CO)O,1
CCOC(C)(C)C,0
C(CCl)OCCCl,0
CCC(C)(C)C,0
CC1CCC(C2=C(CC(C12)O)C)C=C(C)C(=O)O,0
O=C1c2ccccc2-c2nccc3c(OCCCN4CCCCC4)ccc1c23,1
c1ccc(c(c1)N)Cl,0
CC[C@H](CO)Nc1nc(Nc2ccccc2c2ccccc2)c2ncn(C(C)C)c2n1,1
c1cc(c(cc1[N+](=O)[O-])OCCO)NCCO,0
CC[C@H](CO)Nc1nc(NCc2ccc(c3ccccc3)cc2)c2ncn(C(C)C)c2n1,1
CCCCCCOC(=O)C(=C)C,0
Cc1cc(ccc1)NC(=O)Oc1cccc(c1)NC(=O)OC,1
c1cc(ccc1C=O)C(=O)O,0
Nc1nccc(c2c[nH]c3ccc(Br)cc23)n1,1
CC(=O)CCC(=O)C,0
c1ccc2c(c1)cco2,0
Cc1nnc(s1)NS(=O)(=O)c1ccc(cc1)N,0
CCCN(CCC)c1c(cc(cc1[N+](=O)[O-])C(F)(F)F)[N+](=O)[O-],0
CC(C)(c1cc(c(c(c1)Br)OCC(CBr)Br)Br)c1cc(c(c(c1)Br)OCC(CBr)Br)Br,0
COc1cccc(/C=C/n2cc(/C=C/c3ccc(O)cc3)nn2)c1,1
CN(CCCNC(=O)c1cccc(Cl)c1)Cc1ccccc1,0
O=[N+]([O-])c1ccccc1NC(CCl)CCl,0
c1ccc(c(c1)C(c1ccc(cc1)O)c1ccc(cc1)O)C(=O)O,0
C=C1C(=O)[C@@]23[C@@H](CC[C@@H]1[C@H]2OC(=O)C)[C@]1(C)CCC(=O)C(C)(C)[C@H]1C[C@H]3O,1
CCN(CC)CCOc1cnc2-c3c(C(=O)c4c2c1ccc4)cccc3,1
C=CC1CO1,0
CC(=O)Nc1ccc(cc1)N,0
O=C(CCCCCCCn1cc(c2cccnc2)nn1)Nc1ccccc1Cc1ccccc1,1
Nc1ncccc1/N=C/c1ccnc(NC(=O)C2CC2)c1,1
CCCCc1ccc(C(=O)NCCCN(C)Cc2ccccc2)cc1,0
C[N+]1(CCC(=O)Nc2ccc3-c4nccc5cccc(C(=O)c3c2)c45)CCCC1,1
COc1ccnc2[nH]cc(c3ccnc(SC)n3)c12,1
c1ccc(c(c1)C(F)(F)F)Cl,0
O=C(c1ccccc1)N1CCC(CCCCn2cc(c3ccccc3)nn2)CC1,1
CC(=O)OC(c1ccccc1)C(=O)c1ccccc1,0
CCO[Si](CCCN)(OCC)OCC,0
COc1cc2c(Nc3ccc(C#N)cc3)ncnc2cc1OCCCN1CCCCC1CCO,1
c1cc(cc(c1)[N+](=O)[O-])C(=O)O,0
COc1cc2c(Nc3ccc(C#N)cc3)ncnc2cc1OCCCN(C)C,1
CN(C)CCCCl,0
CC(=C)C=C,0
C=C1C(=O)[C@@]23[C@@H](C[C@H](O)[C@@H]1[C@H]2O)[C@]1(C)CCCC(C)(C)[C@H]1C[C@H]3O,1
CC(C)[C@H](CO)Nc1nc(Nc2ccc(c3ccccn3)cc2)c2ncn(C(C)C)c2n1,1
c12c(c(c(c(c1Br)Br)Br)Br)C(=O)OC2=O,0
CN(C)CCO/N=C\1/C(=Nc2ccccc12)c1c(O)n(C)c2c(Br)cccc12,1
CSc1nc(Nc2ccccc2)c2cnn(CC(C)c3ccccc3)c2n1,1
Oc1ccnc2[nH]cc(c3ccncn3)c12,1
c1cc(ccc1C(C(CO)NC(=O)C(Cl)Cl)O)[N+](=O)[O-],0
CC(C)[C@H](CO)Nc1nc(Nc2cccc(c3ccccn3)c2)c2ncn(C(C)C)c2n1,1
CCOc1cc(c(cc1C(=O)C)OCC)OCC,0
c1ccc(cc1)P(c1ccccc1)c1ccccc1,0
COc1ccc(c2occc2c2cc(OC)c(OC)c(OC)c2)cc1O,1
c1cc(c(cc1[N+](=O)[O-])[N+](=O)[O-])N,0
Nc1nccc(c2c[nH]c3nccc(O)c23)n1,1
COc1cc([C@@H]2c3cc4c(cc3[C@@H](Nc3nnc(C)o3)[C@H]3COC(=O)[C@H]23)OCO4)cc(OC)c1OC,1
C1CC2C(O2)CC1C1CO1,0
Cc1cccc(n2ccnc2SCC(=O)c2ccc3c(c2)CCC(=O)N3)c1,0
N[C@@H](Cc1ccc(N(CCCl)CCCl)cc1)C(=O)O,1
CC(C)(CCC(C)(C)O)O,0
CC(C)CON=O,0
CCOP(=O)(NC(C)C)Oc1cc(c(cc1)SC)C,1
c1ccc(cc1)OP(Oc1ccccc1)Oc1ccccc1,0
C1CCC(CC1)NC(=S)NC1CCCCC1,0
O=C(Nc1cnn(c2cccc(C(=O)Nc3cnn(C4CCNCC4)c3)c2)c1)Nc1ccccc1Cl,1
O=C(CCCCCC(=O)N(Cc1ccccc1)C(Cc1ccccc1)C(=O)NCCc1ccccc1)NO,1
COP(=S)(OC)Oc1ccc(cc1)[N+](=O)[O-],0
CC(=O)Nc1ccc(cc1)C(=O)CCl,1
C=C1C(=O)[C@@]23[C@H]4C[C@H](O)[C@@H]1[C@H]2OC(C)(C)O[C@@H]3C[C@@H]1C(C)(C)[C@H](O)CC[C@@]41C,1
c1ccc(cc1)c1cc(=O)c2ccccc2o1,0
COc1cccc(/C=C/c2cn(/C=C/c3ccc(O)cc3)nn2)c1,1
CCCc1ccc(C(=O)NCCCN(C)Cc2ccccc2)cc1,0
CC(=O)c1cc(ccc1)[N+](=O)[O-],0
CCCCCCCCC/C=C/CC1CC(=O)OC1=O,0
Nc1nccc(c2c[nH]c3ncc(c4ccoc4)cc23)n1,0
c1ccc2c(c1)Oc1ccccc1S2,0
C[C@@H]1CC[C@H]2[C@@](C)(C(=O)OCC(C)(C)COC(=O)[C@@]3(C)O[C@@H]4O[C@@]5(C)CC[C@H]6[C@H](C)CC[C@@H]3[C@@]46OO5)O[C@@H]3O[C@@]4(C)CC[C@@H]1[C@@]23OO4,1
COc1ccc(NCc2cn(CC(=O)O[C@H]3CC[C@@]4(C)C(=CC[C@H]5[C@@H]6CCC(=O)[C@@]6(C)CC[C@H]45)C3)nn2)cc1,1
CC[C@H](CO)Nc1nc(c2cccnc2)c2ncn(C(C)C)c2n1,1
c1ccc(c(c1)CCl)[N+](=O)[O-],0
Cc1ccc(C(=O)/C=C/C(=O)N(C2CC2)C(C(=O)NCc2ccccc2)c2ncc(C)cn2)cc1,1
CC(C)C(C)C,0
CN(C)NC(=O)CCC(=O)O,0
c1ccc2cc(ccc2c1)Cl,0
C=CCN1C(=O)S/C(=C\c2cn(c3ccccc3)nc2c2ccc(Cl)cc2)/C1=O,1
Cc1ccc(Sc2cnc(Nc3cccc(Br)n3)s2)cc1C(=O)N1CCN(C(=O)CN)CC1,1
O=C(NCCN1CCOCC1)C1CCN(Cc2ccccc2)CC1,1
CCC(C)c1ccccc1O,0
CNC(=O)c1cc(Oc2ccc(NC(=O)Nc3ccc(Cl)c(C(F)(F)F)c3)cc2)ccn1,1
c1cc(ccc1C(=O)O)[N+](=O)[O-],0
C=Cc1ccccc1Cl,0
c1cc(ccc1N)Sc1ccc(cc1)N,0
CCCCCOC(=O)c1ccccc1C(=O)OCCCCC,0
CC[N+](CC)(CC)CCCCOc1ccc(/C=C/c2cc(OC)cc(OC)c2)cc1,1
Cc1ccc(cc1)S(=O)(=O)N,0
CC(C)[C@H](CO)Nc1nc(Nc2cccc(c3ccccc3)c2)c2ncn(C(C)C)c2n1,1
CC(=O)c1ccc(cc1)[N+](=O)[O-],0
FC(F)(F)c1cc2cc(c1)Nc1nc(ncc1Cl)Nc1cc(cc(C(F)(F)F)c1)Nc1nc(ncc1Cl)N2,0
COc1cc(/C=C/C(=O)/C=C/c2nc3cc(O)ccc3n2C)ccc1O,1
Nc1nccc(c2c[nH]c3cccc(O)c23)n1,1
COc1ccc(/C=C\c2cc(OC)c(OC)c(OC)c2)cc1OC(=O)CCCc1ccc(N(CCCl)CCCl)cc1,1
Cc1ccc(cc1)[N+](=O)[O-],0
CCn1cc(C(=O)O)c(=O)c2cc(F)c(N3CCN(/C=N/NC(=O)c4ccc(C(F)(F)F)cc4)CC3)cc12,1
CCc1ccc(cc1)C(c1ccc(cc1)CC)C(Cl)Cl,0
c1ccc(cc1)[N+](=O)[O-],0
Cc1cc2c(cc1)nccc2,0
Cn1cc(c2ccnc(N)n2)c2c(O)ccnc12,1
CC[C@H](CO)Nc1nc(NCc2ccccn2)c2ncn(C(C)C)c2n1,1
CC(C)(F)CC[C@@H]1OC(C)(C)O[C@]1(C)[C@H]1CC[C@@]2(F)C3=CC(=O)[C@@H]4C[C@H]5OC(C)(C)O[C@H]5C[C@]4(C)[C@H]3CC[C@]12C,1
CN(C)Cc1ccccc1,0
c1ccc(cc1)CC(=O)OCc1ccccc1,0
O=C1Nc2cc(Br)ccc2/C/1=C\1/Nc2ccccc2/C1=N\OCC(O)CO,1
Cc1ccc(cc1)N(C)C,0
c1cc(c(cc1[N+](=O)[O-])O)N,0
c1cc(c(cc1N)Cl)N,1
CC(C)[C@H](c1ccc(C(F)(F)F)nc1)N1CC[C@@H](CC(=O)[O-])C[C@H]1c1ccc(C(F)(F)F)cc1,1
Cc1cc2c(cccn2)cc1,0
c1cc(c(c(c1)Cl)Cl)[N+](=O)[O-],0
c1cc(c(c(c1)Cl)C=O)Cl,0
CCCN(CCC)S(=O)(=O)c1ccc(cc1)C(=O)O,0
CC(=O)O[C@H]1CC[C@@]2(C)[C@@H](CC[C@]3(C)[C@@H]2CC=C2[C@@H]4[C@@H](C)[C@H](C)CC[C@]4(C(=O)N4CCC(CCO)CC4)CC[C@@]32C)C1(C)C,1
CNc1ccc(cc1)[N+](=O)[O-],0
COc1ccc2c(c1C/C=C(\C)/CO)C=C(CO)OC2,1
c1ccc2c(c1)ccc(n2)C1C(=O)c2ccccc2C1=O,0
COc1ccc(c2nc3ccccc3c3nnc(SCc4ncc(C)c(OC)c4C)n23)cc1,0
COC(=O)[C@]1(Cc2ccc(OC)c(CC=C(C)C)c2)OC(=O)C(=C1c1ccccc1)O,1
Cc1cc(c(cc1Sc1cc(c(cc1C)O)C(C)(C)C)C(C)(C)C)O,1
C1=NC2C(N=C(NC2=N1)N)S,1
C1CCC(=NO)CC1,0
C=CC(=O)OCCOCCOC(=O)C=C,1
c1ccc2c(c1)c(c[nH]2)CO,0
COc1cccc(c2cscc2c2cc(OC)c(OC)c(OC)c2)c1F,1
CCCCCCCCN,0
Cc1ccccc1C#N,0
O=C(Nc1cc(COCc2cn(CCNc3c4c(nc5ccccc35)CCCC4)nn2)ccn1)Nc1cccc2c1C1CCCCN1C2=O,0
CC(C)Nc1ccccc1,0
Cc1cc(nc(n1)NS(=O)(=O)c1ccc(cc1)N)C,0
CC(C)c1c(c(ccc1)C(C)C)O,0
C=C1C(=O)[C@@]23[C@@H]([C@@H](O)[C@H](O)[C@@H]1[C@H]2OC(=O)C)[C@]1(C)CCCC(C)(C)[C@H]1C[C@H]3O,1
c1cc(c(cc1Cl)N)O,1
C(=C\C(=O)Cl)/C(=O)Cl,0
c1c(oc(c1)C(=O)O)CO,0
Cc1cc2c(c(=O)o1)C=C1C(C)(C)CC=CC1(C)O2,1
C(CCl)OP(OCCCl)OCCCl,0
COC(=O)CCCCC(=O)OC,0
O=[N+]([O-])c1ccc(NC(CCl)CCl)c([N+](=O)[O-])c1,0
C[N+](C)(C)Cc1ccccc1,0
CN(Cc1ccnc(NC(=O)Nc2cccc3c2C2CCCCN2C3=O)c1)Cc1cn(CCNc2c3c(nc4ccccc24)CCCC3)nn1,1
CC[C@H](CO)Nc1nc(NCc2ccc(c3ccccn3)cc2)c2ncn(C(C)C)c2n1,1
FC(F)(F)c1ccc(COc2ccccc2Nc2ncnc3cc4c(cc23)OCCOCCO4)cc1,0
CCNC(=S)NCC,0
c1ccc(cc1)c1ccccc1[N+](=O)[O-],0
c1nncn1N,0
Cc1c(cc(cc1)N)O,0
Oc1ccc(/C=C/c2cn(/C=C/c3ccccc3)nn2)cc1,1
CC(C)C=O,0
COc1ccc(c2ccoc2c2cc(OC)c(OC)c(OC)c2)cc1,1
Cc1cc2c(c(=O)o1)C=C(c1ccccc1)C(CC(C)C)O2,1
O=C1C(=C(Nc2nc(c3ccc([N+](=O)[O-])cc3)cs2)C(=O)c2ccccc12)Cl,1
COc1cc([C@@H]2c3cc4c(cc3[C@H](O)[C@H]3COC(=O)[C@H]23)OCO4)cc(OC)c1OC,1
Cc1c(c(ccc1)O)C,0
COc1ccc(c2coc(C=O)c2c2cc(OC)c(OC)c(OC)c2)cc1,1
CCOCC(=O)O,0
CCOC(=O)C,0
COc1cc2c(cc1OC)C(=O)C(C(=O)C1CCN(Cc3ccccc3)CC1)C2,0
CCOC(=O)c1csc(NC2=C(Cl)C(=O)c3ccccc3C2=O)n1,1
CSc1nc(Nc2cccc(Br)c2)c2cnn(CC(C)c3ccccc3)c2n1,1
O=C(CCCCCCC(=O)Nc1ccccc1)NO,1
Cc1c(nc[nH]1)CSCCNC(=NC)NC#N,0
Cc1c(C#Cc2cnc3cnc(c4ccc(N)cc4)cn23)cccc1C(=O)Nc1cc(CN2CCN(C)CC2)cc(C(C)C)c1,1
c1cc(cc(c1)Br)C=O,0
CCC(=C)C(=O)c1c(c(c(cc1)OCC(=O)O)Cl)Cl,1
O=C1S/C(=C\c2cn(c3ccccc3)nc2c2ccccc2)/C(=O)N1Cc1ccccc1,1
CCCCOCC1CO1,0
c1ccc2-c3c4c(-c2c1)cccc4ccc3,0
C1CCC(CC1)N=C=O,0
COc1cc(c2ccc(O)c(O)c2)c(OC)c(O)c1c1ccc(OCC=C(C)C)c(O)c1,1
COCCN1CCN(CCO/N=C\2/C(=C\3/C(=O)Nc4cc(Br)ccc34)/Nc3ccccc23)CC1,1
CCOC(=O)C(=C)C#N,0
c1cc(c(cc1F)F)N,0
CC(C)CCOC(=O)/C=C/c1ccccc1,0
CCOc1ccc(cc1)N,0
CCCCNCC,0
c1ccc2c(c1)c1cccc3c1c1c(cccc21)cc3,0
C(CNCCNCCN)N,0
c1ccc2c(c1)cccc2N=C=S,0
CC(=O)CC[C@H]1C(=O)[C@@]23[C@@H](C(=O)[C@H](O)[C@H]1[C@H]2O)[C@]1(C)CCC[C@](C)(CO)[C@H]1C[C@H]3O,1
CCOCCOCC,0
CCOC(=O)Cn1ccc(c2cnc(N)c(O[C@H](C)c3c(Cl)ccc(F)c3Cl)c2)cc1=O,1
CC[C@H](CO)Nc1nc(NCc2ccccc2)c2ncc(C(C)C)n2n1,1
COc1nc(c2ccnc(NC(=O)C3CC3)c2)sc1C(=O)NCCCNc1c2c(nc3ccccc13)CCCC2,1
C=C1C(=O)[C@@]23CC[C@@H]4[C@@](C)(CO)CC[C@H](O)[C@@]4(C)[C@@H]2CC[C@@H]1[C@H]3O,1
CC(C)Sc1nc(Nc2cccc(O)c2)c2cnn(CC(Cl)c3ccccc3)c2n1,1
CCC=O,0
C=CCOC(=O)c1ccccc1N,0
c1cc(ccc1NC(=O)N)[As](=O)(O)O,0
O=C(CCCCCCCn1cc(c2cccnc2)nn1)Nc1ccccc1Oc1ccccc1,1
Cc1cccc(c1[N+](=O)[O-])C(=O)O,0
CC(C)(C)c1ccccc1O,0
c1cc(c(cc1C(F)(F)F)[N+](=O)[O-])Cl,0
CC(CCl)O,0
Cc1c(cc(cc1)N)C,0
C=C1C(=O)[C@@]23[C@@H]([C@@H](O)C[C@@H]1[C@H]2O)[C@]1(C)CCC[C@](C)(CO)[C@H]1C[C@H]3O,1
C(CCC#N)CC#N,0
CC(=O)NS(=O)(=O)c1ccc(cc1)N,0
CC(=O)OCc1ccccc1,0
COc1cc(c2cc(NC(=O)Nc3ccc(OCCN(C)C)cc3)cc(OC)c2OC)ccc1/C(=N/O)/C,1
c1cc(ccc1S(=O)(=O)c1ccc(cc1)Cl)Cl,0
CC(=O)[C@H]1CC[C@@H]2[C@@]1(CC[C@H]1[C@H]2CCC2=CC(=O)CC[C@]12C)C,1
C=Cc1ccccn1,0
CN(C)CCOC(c1ccccc1)c1ccccc1,0
Nc1nccc(c2c[nH]c3cccc(Br)c23)n1,1
c1csc(n1)N,0
Cc1cccc(n2nc(C)c3c2NC2=C(C(=O)CC(C)(C)C2)C3c2ccc(O)cc2)c1,1
CCN(CC)CCCOc1cc2ncnc(Nc3ccc(C#N)cc3)c2cc1OC,1
Cc1cc(c(cc1)[N+](=O)[O-])N,0
CC(CCC(=O)[O-])C1CCC2C1(C(CC1C2CCC2C1(CCC(C2)O)C)O)C,0
CC(Cn1ncc2c(Nc3cc(O)ccc3Cl)nc(SCCN3CCOCC3)nc12)c1ccccc1,1
Cc1cc2c(c(=O)o1)C=C1C(C)(C)CCCC1(C)O2,1
c1ccc2cc(ccc2c1)N,0
CC(C)OC(=O)/C=C(\C)/C=C/CC(C)CCCC(C)(C)OC,0
COc1cc(N2CCC(N3CCN(C)CC3)CC2)ccc1Nc1ncc(Cl)c(Nc2ccccc2S(=O)(=O)C(C)C)n1,1
CC(=O)Nc1ccc(c2cnc(N)nc2c2c[nH]c3ccc(Br)cc23)cc1,0
Cc1c(c(ccc1)C)N,0
Cc1cc(cc(c1)OP(=O)(Oc1cc(cc(c1)C)C)Oc1cc(cc(c1)C)C)C,0
C(CO)NCCO,0
CCNc1nc(nc(n1)Cl)NC(C)C,0
CN(C)c1cc2c(cc1)nc1-c(cc(=[N+](C)C)cc1)s2,1
COc1cc(/C=C/C(=O)/C=C(\O)/C=C/c2ccc(O)c(OC)c2)ccc1O,1
c1c(oc(c1)C(=O)NCC(=O)O)CO,0
CC[C@H](CO)Nc1nc(c2ccncc2)c2ncn(C(C)C)c2n1,1
CC(=O)OC=C,0
C[NH+](C)CCC(c1ccccc1)c1cccc[nH+]1,0
CC(C)CC(C)N,0
O=C(Nc1cnn(c2cccc(C(=O)Nc3cnn(C4CCNC4)c3)c2)c1)Nc1ccccc1Cl,1
FC(F)(F)c1ccc(COc2ccccc2Nc2ncnc3cc4c(cc23)OCCOCCOCCO4)cc1,1
C1CCC(CC1)(C#N)O,0
Cc1c(c2c(cc1)nc(s2)c1ccc(cc1)N)S(=O)(=O)O,0
COc1cc(CNCCc2c(C)[nH]c3ccc(c4ccccc4)cc23)cc2c1OCO2,1
COc1cc(/C=C/2\CNC/C(=C\c3ccc(O)c(OC)c3)/C2=O)ccc1O,1
CCCC(C(CC)CO)O,0
C(C(CCl)Cl)O,0
CCCCC(CC)CNCC(CC)CCCC,0
CC(Cn1ncc2c(Nc3cccc(O)c3)nc(NCCO)nc12)c1ccccc1,1
CC(C)(C)c1cc(c(cc1)O)O,1
COc1cc(c2c(OC)cc(c3ccccc3)c(OC)c2O)cc(CC=C(C)C)c1O,1
COc1c(cc(cc1)[N+](=O)[O-])N,0
Cc1cn(c(=O)[nH]c1=O)C1CC(C(O1)CO)N=[N+]=[N-],0
COc1cc2c(cc1OC)C(=O)/C(=C/C1CCN(Cc3ccccc3)C1)/C2,0
C[C@@H]1[C@H]2C3=CC[C@@H]4[C@@]5(C)CC[C@H](O)C(C)(C)[C@@H]5CC[C@@]4(C)[C@]3(C)CC[C@@]2(C(=O)N2CCN(CCOCCO)CC2)CC[C@H]1C,1
C[C@@H]1CC[C@H]2[C@@](C)(C(=O)OCCCCCCCCCCOC(=O)[C@@]3(C)O[C@@H]4O[C@@]5(C)CC[C@H]6[C@H](C)CC[C@@H]3[C@@]46OO5)O[C@@H]3O[C@@]4(C)CC[C@@H]1[C@@]23OO4,1
CC1=Cc2c(cc(C)oc2=O)OC1c1ccco1,1
CC(C)(c1cc(c(c(c1)Br)O)Br)c1cc(c(c(c1)Br)O)Br,0
c1ccc(COc2ccccc2Nc2ncnc3cc4c(cc23)OCCOCCOCCOCCO4)cc1,1
c1ccc2c(c1)[nH]c(=S)s2,0
COc1ccc2nc3c(c(NCCNC(=O)c4sc(c5ccnc(NC(=O)C6CC6)c5)nc4OC)c2c1)CCCC3,1
CN(CCCNC(=O)c1ccc(C(F)(F)F)cc1)Cc1ccccc1,0
CC(=O)c1ccc(c2cnc(N)nc2c2c[nH]c3cc(Br)ccc23)cc1,1
CC(=CCl)C,0
C[C@@H]1CC[C@H]2[C@@](C)(C(=O)OCCOC(=O)[C@@]3(C)O[C@@H]4O[C@@]5(C)CC[C@H]6[C@H](C)CC[C@@H]3[C@@]46OO5)O[C@@H]3O[C@@]4(C)CC[C@@H]1[C@@]23OO4,1
COc1c(c2ccccc2)cc(OC)c2c1oc1c3c(c(O)cc21)OC(C)(C)C=C3,0
C(CC(=O)O)C(=O)C(=O)O,0
COc1ccc(c2cc(=O)c3c(OC)c(OC)c(OC)c(OC)c3o2)cc1,1
CCOP(=O)(OCC)OCC,0
C=CCOC(=O)c1ccccc1C(=O)OCC=C,0
CCCCCCc1nc(c2ccc(CC(C)C)cc2)c[nH]1,1
COc1ccccc1OCCNCC1COC(c2ccccc2)(c2ccccc2)OC1,0
Cc1ccccc1O,0
c1ccc(COc2ccc(Nc3ncnc4cc5c(cc34)OCCOCCOCCO5)cc2)cc1,0
CC(C)n1cnc2c(NCc3ccc(c4ccccn4)cc3)nc(NC(C)(C)CO)nc12,1
O=C(c1c[nH]c2ccccc12)C(NCc1ccc2c(c1)OCO2)c1ccccc1,1
COc1ccc([C@]23O[C@@H]4C2O[C@](OC)([C@H]3O)[C@]4(O)c2ccc(O)cc2)cc1,1
Cn1cnc2c1c(=O)n(c(=O)n2C)C,0
Cc1c(c(=O)n(n1C)c1ccccc1)N(C)C,0
CCOc1c(cc(cc1)NC(=O)C)N,0
c1ccc(cc1)COC(=O)Cl,0
CCCC(C)CO,0
Cc1cscn1,0
[cH-]1cccc1,1
COc1ccc(/C=C/C(=O)/C=C/c2nc3cc(C)ccc3n2C)cc1O,1
Nc1ncc(I)c(c2c[nH]c3cccc([N+](=O)[O-])c23)n1,1
Nc1ncc(I)c(c2c[nH]c3ccc([N+](=O)[O-])cc23)n1,1
Cc1cc2c(c(=O)o1)C=C1CCCCC1(C)O2,1
C=CCc1cc2c(cc1)OCO2,0
CCCCC[C@@H](CCCCCCCCCCCc1cc(O)cc(O)c1C(=O)O)OS(=O)(=O)O,0
c1ccc(cc1)NC(=O)Nc1ccccc1,0
c1ccc(COc2ccc(Nc3ncnc4cc5c(cc34)OCCOCCO5)cc2)cc1,0
C[NH+](C)CCC(c1ccc(cc1)Cl)c1ccccn1,0
O=C(N/N=C/NC(=O)c1cnccn1)c1cccc(F)c1,1
COc1cc(/C=C/C(=O)/C=C/c2nc3cc([N+](=O)[O-])ccc3n2C)ccc1O,1
CCN(CC)CCOc1ccc2c3c(-c4ccccc4C2=O)nccc13,1
Cc1[nH]c2ccc(c3ccccc3)cc2c1CC(N)c1ccccc1,1
CN1CCN(CCO/N=C\2/C(=C\3/C(=O)Nc4cc(Br)ccc34)/Nc3ccccc23)CC1,1
Cc1cc(c(cc1)[N+](=O)[O-])[N+](=O)[O-],0
CC[C@H](CO)Nc1nc(NCc2ccc(c3cccnc3)cc2)c2ncn(C(C)C)c2n1,1
CC1(C2CCC(O1)(CC2)C)C,0
C1CC(OC1CO)n1cnc2c1[nH]cnc2=O,0
C=C1C[C@](OC)([C@H](O)C(=O)N[C@H]2OCO[C@H]3[C@@H]2O[C@H](C[C@H](O)CO)C(C)(C)[C@@H]3OC)O[C@H](C)[C@@H]1C,1
c1cc(c(cc1[N+](=O)[O-])Cl)Cl,0
CC(C)Cc1nccs1,0
CC(C)NC(=O)C=C,0
c1cc(c(cc1c1cc(c(cc1)N)Cl)Cl)N,1
Nc1nccc(c2cn(C(=O)N3CCOCC3)c3ccc(Br)cc23)n1,1
O=C(CCCCCCCCn1cc(c2cccnc2)nn1)NCC(c1ccccc1)c1ccccc1,1
C[N+](C)(C)CCC(=O)Nc1ccc2-c3nccc4cccc(C(=O)c2c1)c34,1
CC[C@H](CO)Nc1nc(NCc2ccccc2)n2ncc(C(C)C)c2n1,1
COc1cc(C(C(=O)NC(C)(C)C)N(CCC(C)C)C(=O)/C=C/C(=O)c2ccc(F)cc2)cc(OC)c1OC,1
c1cc2c(cc1S(=O)(=O)O)c(c(cc2[N+](=O)[O-])[N+](=O)[O-])O,0
C=C1C(=O)[C@@]23[C@@H](C(=O)[C@H](O)[C@@H]1[C@H]2O)[C@]1(C)CCC[C@](C)(CO)[C@H]1C[C@H]3O,1
CCSC(=O)Cl,0
CC[C@H](CO)Nc1nc(NCc2ccncc2)c2ncn(C(C)C)c2n1,1
COc1cc(/C=C/c2cn(/C=C/c3ccc(O)cc3)nn2)ccc1O,1
COc1ccc2c(c1CC=C(C)C)C=C(C)OC2,1
CC12CCC(=O)C=C1CCC1C2C(CC2(C1CCC2C(=O)CO)C)O,0
C=CC(=O)OCC(CO)(COC(=O)C=C)COC(=O)C=C,1
C/C=C/C=O,0
C1C(O1)CO,0
O=[N+]([O-])c1cc(C(F)(F)F)ccc1NC(CCl)CCl,0
O=Nc1c(c2c(O)[nH]c3ccccc23)[nH]c2ccccc12,1
C/C=C\c1ccc(cc1)OC,0
CCCCCCO,0
Cc1cc(C2CCCCC2)n(O)c(=O)c1,1
CC(=O)c1ccc(c2cnc(N)nc2c2c[nH]c3cccc(Br)c23)cc1,1
c1c2c(cc(c1Cl)S(=O)(=O)N)S(=O)(=O)N=CN2,0
C=CC=O,1
C=C(C)[C@@H]1CCC(=C[C@H]1c1c(O)cc(CCCCC)cc1O)C,1
Cc1cc(c(cc1)N)[N+](=O)[O-],0
C[C@]12CC[C@H]3[C@@H](CC=C4C[C@@H](OC(=O)Cn5cc(CN6C(=O)C(=O)c7c(Br)cccc67)nn5)CC[C@]34C)[C@@H]1CCC2=O,1
O=C(N/N=C/NC(=O)c1cnccn1)c1ccc(C(F)(F)F)cc1,1
CCCCCCOC(=O)NCCc1nc(c2ccc(c3ccccc3)cc2)c[nH]1,1
Cc1ccccc1[N+](=O)[O-],0
c1ccc(cc1)Nc1cc(ccc1)O,0
c1cc(c(cc1O)O)C(=O)O,0
C[C@H]([C@@H](c1ccc(Nc2nc3ccccc3s2)cc1)n1ccnc1)N(C)C,1
CCCCNC(=O)NS(=O)(=O)c1ccc(cc1)C,0
c1ccc(c(c1)N)[N+](=O)[O-],0
CCCCCC(=O)N,0
CCC(=O)C=C,0
c1cc(c(cc1Cl)Cl)C=O,0
COc1cc2c(Nc3ccc(C#N)cc3)ncnc2cc1OCCCN1CCN(CCO)CC1,1
CN(C)c1ccc(cc1)N=O,1
Cc1cc2c(c(=O)o1)C=C1CCCC1O2,1
CC/C=C/1\c2ccccc2C(=O)O1,0
Oc1ccc(/C=C/c2cn(/C=C/c3ccccc3)nn2)cc1O,1
Nc1ncc(c2ccc(C(F)(F)F)cc2)c(c2c[nH]c3ccc(Br)cc23)n1,1
N=C(N)NCCC[C@H](NC(=O)[C@H](CCCNC(=N)N)NC(=O)[C@H](CCCNC(=N)N)NC(=O)[C@H](CCCNC(=N)N)NC(=O)[C@H](CCCNC(=N)N)NC(=O)[C@H](CCCNC(=N)N)NC(=O)[C@H](CCCNC(=N)N)NC(=O)CNC(=O)CNC(=O)[C@H](Cc1c[nH]c2ccccc12)NC(=O)[C@H](CCCNC(=N)N)NC(=O)[C@H](Cc1c[nH]c2ccccc12)NC(=O)[C@H](CCCNC(=N)N)NC(=O)[C@@H](N)Cc1c[nH]c2ccccc12)C(=O)N,0
c1cc2c(c(c1)O)C(=O)c1c(cc(cc1C2=O)C(=O)O)O,0
O=C(N/N=C/Nc1ccc(C(=O)O)c(O)c1)c1cccc(C(F)(F)F)c1,1
COc1c(ccc(c1)CC=C)O,0
c1cc(c(cc1[N+](=O)[O-])[N+](=O)[O-])F,1
COc1cc(c2c(OC)cc(c3ccccc3)c(OC)c2O)ccc1OC/C=C(\C)/CO,0
c1cc(cc(c1)N)C(F)(F)F,0
Cc1c(cccc1N)N,0
CC(=O)c1ccccc1[N+](=O)[O-],0
c1ccc2c3c4c(-c5ccccc5-c4cc2c1)ccc3,0
C[C@@H]1CC[C@H]2[C@@H](O)[C@H](OC(=O)CCC(=O)O[C@@H]3O[C@@H]4O[C@@]5(C)CC[C@H]6[C@H](C)CC[C@@H]([C@H]3O)[C@@]46OO5)O[C@@H]3O[C@@]4(C)CC[C@@H]1[C@@]23OO4,1
CCC([N+](=O)[O-])Cl,0
CC12CC(=O)C3C(C1CCC2(C(=O)CO)O)CCC1=CC(=O)C=CC31C,0
c1cc(ccc1C(c1ccc(cc1)Cl)C(Cl)(Cl)Cl)Cl,0
CC1=CCC2CC1C2(C)C,0
CC(C)[C@H](CO)Nc1nc(Nc2cccc(c3cccnc3)c2)c2ncn(C(C)C)c2n1,1
c1ccc2c(c1)nc(s2)N,0
Cc1c(c2c(cc1)C(=O)c1ccccc1C2=O)[N+](=O)[O-],0
C(=O)(C(Cl)(Cl)Br)O,0
Cc1cc(cc(c1)O)C,0
CC1(C)CCC[C@@]2(C)[C@@H]3C(=O)[C@H](O)[C@@H]4[C@@H](O)[C@]3(C(=O)[C@]34CO3)[C@H](O)C[C@H]12,1
C=C(C)[C@@H]1CC[C@H]2O[C@H]2[C@H]1c1c(O)cc(CCCCC)cc1O,1
Cc1cc(c(cc1)O)C,0
Cc1ccc(cc1)O,0
c1(c(c(nc(c1Cl)Cl)C(=O)O)Cl)N,0
c1ccc2c(c1)[nH]c(=S)[nH]2,0
Cc1cc(=O)oc2cc(OCc3cn(CC(=O)O[C@H]4CC[C@@]5(C)C(=CC[C@H]6[C@@H]7CCC(=O)[C@@]7(C)CC[C@H]56)C4)nn3)ccc12,1
Cc1ccc(cc1)OP(=O)(Oc1ccc(cc1)C)Oc1ccc(cc1)C,0
CC(CCC(=O)[O-])C1CCC2C1(C(CC1C2C(CC2C1(CCC(C2)O)C)O)O)C,0
c1cc(ccc1C=Cc1cc(cc(c1)O)O)O,0
C[C@@H]1CC[C@H]2[C@@](C)(C(=O)OCCCCCCCOC(=O)[C@@]3(C)O[C@@H]4O[C@@]5(C)CC[C@H]6[C@H](C)CC[C@@H]3[C@@]46OO5)O[C@@H]3O[C@@]4(C)CC[C@@H]1[C@@]23OO4,1
c1ccc(cc1)Oc1ccccc1,0
c1cc(ccc1[N+](=O)[O-])Cl,0
COc1cc2c(cc1OC)C(=O)C(CC1CN(Cc3ccccc3)C1)C2,1
Cc1ccc(NC(=O)Nc2nnc(Sc3ncnc4cc(OCCCN5CCOCC5)ccc34)s2)cc1,1
CCC(CC(C(C(C(C(C)Cl)Cl)Cl)Cl)Cl)Cl,0
COc1cc2c(cc1)nc(s2)N,0
CSCCC=O,0
C=C1C(=O)[C@@]23[C@@H]([C@@H](O)[C@H](O)[C@@H]1[C@H]2O)[C@]1(C)CCCC(C)(C)[C@H]1C[C@H]3O,1
COc1ccc(cc1)C(=C(c1ccc(cc1)OC)Cl)c1ccc(cc1)OC,0
C[C@@H]1[C@H]2C3=CC[C@@H]4[C@@]5(C)CC[C@H](O)C(C)(C)[C@@H]5CC[C@@]4(C)[C@]3(C)CC[C@@]2(C(=O)NCCO)CC[C@H]1C,1
CCSCc1ccc2c(c1)c1c3c(c4c5cc(CSCC)ccc5n5c4c1n2[C@H]1C[C@](O)(C(=O)OC)[C@]5(C)O1)CNC3=O,1
C[C@H]1CNCCN1S(=O)(=O)c1cccc2cnccc12,1
C=CCCC#N,0
CCCCCCCC(=O)O,0
c1cc(cc(c1)O)N,0
CC1C(C(C(C(O1)OC1C(C(OC(C1OC(=O)C=Cc1cc(c(cc1)O)O)COC1C(C(C(C(O1)CO)O)O)O)OCCc1cc(c(cc1)O)O)O)O)O)O,0
Cc1ccc(c2cc(C(F)(F)F)nn2c2ccc(S(=O)(=O)N)cc2)cc1,1
C1C(O1)COc1ccccc1,0
C[C@H]1CC[C@@H]2[C@H]([C@H]3[C@@H](N2C1)C[C@@H]1[C@@]3(CC[C@H]2[C@H]1CC=C1[C@@]2(CCC(C1)O[C@H]1[C@@H]([C@H]([C@H]([C@H](O1)CO)O)O[C@H]1[C@@H]([C@H]([C@@H]([C@H](O1)CO)O)O)O)O[C@@H]1[C@@H]([C@@H]([C@H]([C@@H](O1)C)O)O)O)C)C)C,1
Cc1c(n(c(c1)CC(=O)[O-])C)C(=O)c1ccc(cc1)Cl,0
c1ccc(cc1)N(N=O)[O-],0
CC(=O)c1ccccn1,0
C/C(=C/CCl)/Cl,0
CCCCOC(=O)c1ccc(cc1)O,0
CN(CCCNC(=O)c1ccc(F)cc1)Cc1ccccc1,0
Cc1cc2c(c(=O)o1)C=C1C(C[C@H]3C[C@@H]1C3(C)C)O2,1
COC(=O)[C@]1(Cc2ccc(O)c(CC(=O)C)c2)OC(=O)C(=C1c1ccc(OC)cc1)O,1
CCCc1cc(O)c2c(c1)OC(C)(C)[C@@H]1CCC(=C[C@@H]21)C,0
CCC1C=Cc2c(cc(C)oc2=O)O1,1
CCCCC(CC)COC(=O)c1ccccc1C(=O)O,0
CCCCCC(CCCCC)c1nc(c2ccc(c3ccccc3)cc2)c[nH]1,1
C[N+](C)(C)CCOc1cnc2-c3c(C(=O)c4c2c1ccc4)cccc3,1
c1ccc(c(c1)C(=O)O)N,0
Cc1cccc(c1)C(=O)O,0
COc1cc(c2cc(NC(=O)Nc3ccc(OCCCN4CCOCC4)cc3C)cc(OC)c2OC)ccc1/C(=N/O)/C,0
C=C1C(=O)[C@@]23[C@@H](CC[C@@H]1[C@H]2O)[C@]1(C)[C@@H](O)C[C@H](O)C(C)(C)[C@H]1C[C@H]3O,1
CC1=CCC2[C@@H]1[C@H]1OC(=O)[C@@H](C)[C@@H]1C[C@]1(C)O[C@H]21,0
c1ccc(cc1)COC(=O)c1ccccc1O,0
O=C(O)c1sc(c2ccnc(NC(=O)C3CC3)c2)nc1OCCNc1c2c(nc3ccccc13)CCCC2,0
COP(=S)(OC)SCn1c(=O)c2ccccc2nn1,1
CCCCC(CC)C=O,0
C[C@]12CC[C@H]3[C@@H](CC=C4C[C@@H](OC(=O)Cn5cc(COc6ccc(C(=O)/C=C/c7ccc(Br)cc7)cc6)nn5)CC[C@]34C)[C@@H]1CCC2=O,1
COc1cc2c(Nc3ccccc3C#N)ncnc2cc1OCCCN1CCCC1,1
C[C@@H](Oc1cc(c2ccn(C)c(=O)c2)cnc1N)c1c(Cl)ccc(F)c1Cl,1
C[C@@H]1[C@H]2C3=CC[C@@H]4[C@@]5(C)CC[C@H](O)C(C)(C)[C@@H]5CC[C@@]4(C)[C@]3(C)CC[C@@]2(C(=O)OCCO[N+](=O)[O-])CC[C@H]1C,1
c1cc2c(c3c(cccn3)cc2)nc1,1
COc1cc(/C=C/C(=O)/C=C/c2nc3c(C)c(C)ccc3n2C)ccc1O,1
c1ccc2c(c1)ccc(=O)o2,0
COc1cc2ncnc(Nc3ccc(F)c(Cl)c3)c2cc1OCCCN1CCOCC1,1
C(=C\C#N)/C#N,1
C(C1C2C(C(C(O1)OC1C(OC(C(C1O)O)OC1C(OC(C(C1O)O)OC1C(OC(C(C1O)O)OC1C(OC(C(C1O)O)OC1C(OC(O2)C(C1O)O)CO)CO)CO)CO)CO)O)O)O,0
O=C(N/N=C/N1CCN(c2cc3c(cc2F)c(=O)c(C(=O)O)cn3C2CC2)CC1)c1cccc(C(F)(F)F)c1,1
CC(C)Nc1ccc(cc1)Nc1ccccc1,1
C(C(CBr)Br)Cl,0
c1cc(c(cc1[N+](=O)[O-])N)C(=O)O,0
O=C(CCN1CCCCC1)c1ccc(c2ccccc2)cc1,1
CCCCC(CC)COC(=O)C=C,0
CN(CCCCCCCOc1ccc(c2oc3ccccc3c2C(=O)c2ccccc2)cc1)Cc1ccccc1,1
c1cc[n+](c(c1)[S-])[O-],1
C1CCC(C1)O,0
C=CC(=O)OCCOCCOCCOCCOC(=O)C=C,1
COc1cc(OC)c2c(c1CC=C(C)C)C[C@@H](C)OC2=O,1
CC(C)[C@H](CO)Nc1nc(NCc2ccc(c3ccccn3)cc2)c2ncn(C(C)C)c2n1,1
CN(C)c1ccc(cc1)C(=C1C=CC(=[N+](C)C)C=C1)c1ccccc1,1
c1ccc(cc1)COCc1ccccc1,0
Cc1cc(C)c(O)c(c2n[nH]c3c2C(c2ccccc2)N(CCCO)C3=O)c1,1
COc1cc2c(Nc3ccc(C#N)cc3)ncnc2cc1OCCCN1CCC(C)CC1,1
CCCCCCCCn1c(=O)ccs1,1
Cc1cc2c(cc1C)sc(n2)N,0
CC[C@H](CO)Nc1nc(Nc2ccc(c3ccccn3)cc2)c2ncn(C(C)C)c2n1,1
CN(CCCNCc1ccc(Cl)cc1)Cc1ccccc1,1
CC(Cn1ncc2c(Nc3cc(O)ccc3Cl)nc(NCCO)nc12)c1ccccc1,1
CC[C@H](CO)Nc1nc(NCc2cccc(c3ccccc3)c2)c2ncn(C(C)C)c2n1,1
COc1cc2c(Nc3ccc(C#N)cc3)ncnc2cc1OCCCN1CCC(N(C)C)CC1,0
CCCCOC(=O)NCCc1nc(c2ccc(c3ccccc3)cc2)c[nH]1,1
Cc1ccc(Sc2cnc(Nc3cccc(Br)n3)s2)cc1C(=O)N(C)CC#N,1
c1ccc2c(c1)ccc1c2cccn1,0
CCCCCCCCCC(=O)O,0
C(C(C(C(C(CBr)O)O)O)O)Br,0
CCCC(=O)Cl,0
CCOC(=O)C1CCN(CCCOc2cc3ncnc(Nc4ccc(C#N)cc4)c3cc2OC)CC1,0
COc1ccc(/C=C/c2cn(/C=C/c3ccc(O)c(OC)c3)nn2)cc1,1
CCBr,0
Nc1ncc(c2ccncc2)cc1/N=C/c1ccnc(NC(=O)C2CC2)c1,0
O=C([O-])C[C@@H]1CCN([C@@H](c2ccc(C(F)(F)F)nc2)C2CC2)[C@H](c2ccc(C(F)(F)F)cc2)C1,1
O=C(Nc1nccs1)C1CCN(Cc2ccccc2)CC1,1
CCN(CCCCCCNC1=CC(=O)C(=CC1=O)NCCCCCCN(CC)Cc1ccccc1OC)Cc1ccccc1OC,1
C[N+]1(CC(=O)Nc2ccc3-c4nccc5cccc(C(=O)c3c2)c45)CCCC1,1
C[C@@H]1CC[C@H]2[C@@](C)(C(=O)OCCCCCCCCOC(=O)[C@@]3(C)O[C@@H]4O[C@@]5(C)CC[C@H]6[C@H](C)CC[C@@H]3[C@@]46OO5)O[C@@H]3O[C@@]4(C)CC[C@@H]1[C@@]23OO4,1
COc1cc(/C=C/c2cn(/C=C/c3ccc(O)c(OC)c3)nn2)ccc1O,1
C(=C\C(=O)O)\C(=O)O,0
CCN(CC)C(=S)SCC(=C)Cl,0
COc1cccc(/C=C/n2cc(/C=C/c3ccc(O)c(OC)c3)nn2)c1,1
C(CSSCCC(=O)O)C(=O)O,0
Cc1cccc(c2nnc(SCC(=O)c3ccc(O)cc3O)n2c2ccccc2)c1,0
c1ccc(cc1)C(=O)C=O,0
CCC(C)(C)OC,0
CC[C@@H](CO)Nc1nc(NCc2cccnc2)c2ncn(C(C)C)c2n1,1
CC(=O)C(=O)C,0
Cc1cc2c(cc1C)n(c1-c(c(=O)[nH]c(=O)n1)n2)CC(C(C(CO)O)O)O,0
c1cocc1,0
CCOC(=O)C1C(O1)(C)c1ccccc1,0
CSSC,0
c1ccc(c(c1)C(=O)N)[N+](=O)[O-],0
CCCCCCCCCCCCC1CO1,0
CC(=O)Oc1ccccc1C(=O)Nc1ncc(s1)[N+](=O)[O-],1
CC(C)(C)NC(=O)[C@@H]1C[C@@H]2CCCC[C@@H]2CN1C[C@H]([C@H](Cc1ccccc1)NC(=O)[C@H](CC(=O)N)NC(=O)c1nc2ccccc2cc1)O,1
CCCCOCCOCCOCCCC,0
Cc1c(cccc1O)C(=O)N[C@@H](CSc1ccccc1)[C@@H](CN1C[C@H]2CCCC[C@H]2C[C@H]1C(=O)NC(C)(C)C)O,1
COc1ccccc1CNCCCN1C(=O)c2ccc3c4c(ccc(c24)C1=O)C(=O)N(CCCNCc1ccccc1OC)C3=O,1
c1ccc(cc1)C(=O)NO,0
c1cc(c(c(c1[N+](=O)[O-])Cl)Cl)Cl,0
c1cc(cc(c1)[N+](=O)[O-])C(F)(F)F,0
Cc1ccc(o1)C,0
CCCCCC[C@H](c1ccc(C(F)(F)F)nc1)N1CC[C@@H](CC(=O)[O-])C[C@H]1c1ccc(C(F)(F)F)cc1,1
CC(C)NCC(c1cc(c(cc1)O)O)O,0
COC(=O)c1ccccc1C(=O)OC,0
c1ccc2c(c1)cccc2N,0
CCOC(=O)[C@]12CC[C@@H](C)[C@H](C)[C@H]1C1=CC[C@@H]3[C@@]4(C)CC[C@H](OC(=O)C)C(C)(C)[C@@H]4CC[C@@]3(C)[C@]1(C)CC2,1
CC(CCC(=O)O)(c1ccc(cc1)O)c1ccc(cc1)O,0
COc1ccc(c2nonc2c2cc(OC)c(OC)c(OC)c2)cc1[N+](=O)[O-],1
c1cc(ccc1C=O)Cl,0
C=C(C)COc1ccc2c(=O)c(c3ccc(OC)c(N(CCCl)CCCl)c3)coc2c1,1
Cc1[nH]c2ccc(c3ccccc3)cc2c1CCNCc1ccccc1,1
c1ccc2c(c1)c1ccccc1[nH]2,0
CN(C)CCC(=O)Nc1ccc2-c3nccc4cccc(C(=O)c2c1)c34,1
COc1cc2c(Nc3ccc(C#N)cc3)ncnc2cc1OCCCN(CCO)Cc1ccccc1,1
c1ccc2cc3cc(ccc3cc2c1)N,0
O=C(CCCCCC(=O)N(CCc1ccccc1)C(Cc1ccccc1)C(=O)NCCc1ccccc1)NO,1
COc1ccc2-c3c(CCc2c1)c1c(c2c3C(=O)NC2)c2ccccc2n1CCO,1
COC(=O)c1ccc(cc1)C=O,0
COc1cnc2nc1Nc1cc(cc(N3CCCC3)c1)Nc1ncc(OC)c(n1)Nc1cc(cc(N3CCCC3)c1)N2,1
OB(O)/C=C/c1ccccc1,1
CCOP(=O)(OC/C=C\[C@@]1(C)O[C@@H]2O[C@@]3(C)CC[C@H]4[C@H](C)CC[C@@H]1[C@@]24OO3)OC/C=C/[C@@]1(C)O[C@@H]2O[C@@]3(C)CC[C@H]4[C@H](C)CC[C@@H]1[C@@]24OO3,1
c1ccc(cc1)N,0
c1ccc(c(c1)C(=O)Cl)[N+](=O)[O-],0
CCOc1ccc2c(=O)c(c3ccc(OC)c(N(CCCl)CCCl)c3)coc2c1,1
c1cnc(cn1)C(=O)N,0
Cc1nc2c([nH]1)cc(cc2)Cl,0
COc1cc(/C=C/2\CN(C(=O)CCC(=O)NCCCNCCCN)C/C(=C\c3ccc(O)c(OC)c3)/C2=O)ccc1O,1
CNc1nc(C)c2cc(c3cnc(OC)c(NS(=O)(=O)c4ccc(F)cc4F)c3)cc(O[C@@H]3CCOC3)c2n1,1
COc1ccc(c2coc3cc(OC(C)C)ccc3c2=O)cc1N(CCCl)CCCl,1
CC[C@H](CO)Nc1nc(NCc2cccc(c3cccnc3)c2)c2ncn(C(C)C)c2n1,1
O=c1c(F)cn(Cc2cn(Cc3ccccc3Cl)nn2)c(=O)n1Cc1cn(Cc2ccccc2Cl)nn1,1
CCC(C)C(=O)O,0
CC1=CC(Nc2ccccc12)(C)C,0
CN(C)C(=O)Cl,0
C(C(Cl)Cl)Cl,0
CSc1nc(Nc2cccc(Cl)c2)c2cnn(CCc3ccccc3)c2n1,1
c1ccc(cc1)OCC(=O)O,0
CC(C)(c1ccccc1)c1ccc(cc1)O,0
c1cc(ccc1C(=N)N)OCCCCCOc1ccc(cc1)C(=N)N,0
CCCCOC(=O)C,0
Cc1ccc(cc1)Br,0
COc1ccc(c2coc3cc(OC4CCCCCC4)ccc3c2=O)cc1N(CCCl)CCCl,1
CC(=O)C1(CCC2C1(CCC1C2C=C(C2=CC(=O)C3CC3C12C)Cl)C)OC(=O)C,0
Cc1cc(ccc1)Br,0
C=C(C)[C@@H]1CCC(=C[C@H]1c1c(O)cc(CCC)cc1O)C,0
Cc1cc(c(cc1C)N)C,0
Cc1cccc(c1)C=C,0
CC(C)COC(=O)COc1cc(c(cc1Cl)Cl)Cl,0
CCC(C)(OO)OOC(C)(CC)OO,0
COc1ccccc1[N+](=O)[O-],0
CC(C)(C)CC(C)(C)c1ccc(cc1)OCCO,0
c1cc2c(cc1[N+](=O)[O-])c(=O)[nH][nH]c2=O,0
CCOc1cccc(c1)N,0
CCCCCO,0
O=C(CN1CCC(Cc2ccccc2)CC1)c1ccc2ccccc2c1,1
C[C@@H]1[C@H]2C3=CC[C@@H]4[C@@]5(C)CC[C@H](O)C(C)(C)[C@@H]5CC[C@@]4(C)[C@]3(C)CC[C@@]2(C(=O)N2CCN(CCO)CC2)CC[C@H]1C,1
c1cc(ccc1CCN)O,0
CCn1cc(c(=O)c2c1nc(cc2)C)C(=O)O,0
Cn1nnc2c(C(=O)N)ncn2c1=O,1
COc1cc2c(Nc3ccc(C#N)cc3)ncnc2cc1OCCCN1CCC(O)CC1,1
C1CC=CC(=O)C1,0
CCCCCCCCC,0
CCOP(=O)(OC[C@@]1(C)O[C@@H]2O[C@@]3(C)CC[C@H]4[C@H](C)CC[C@@H]1[C@@]24OO3)OC[C@@]1(C)O[C@@H]2O[C@@]3(C)CC[C@H]4[C@H](C)CC[C@@H]1[C@@]24OO3,1
CC(CCl)OC(C)CCl,0
Cc1cc(c(cc1)N)N,1
CCCCCCC=O,0
c1cc(ccc1O)O,1
CCCCOC(=O)[C@]12CC[C@@H](C)[C@H](C)[C@H]1C1=CC[C@@H]3[C@@]4(C)CC[C@H](OC(=O)C)C(C)(C)[C@@H]4CC[C@@]3(C)[C@]1(C)CC2,1
O=C(CCCCCCn1cc(c2cccnc2)nn1)n1c2ccccc2c2ccccc12,1
CCC(C)Oc1ccc2c(=O)c(c3ccc(OC)c(N(CCCl)CCCl)c3)coc2c1,1
C(CN)N,0
C=CC(=O)N,0
CC[C@H](CO)Nc1nc(Nc2cccc(c3cccnc3)c2)c2ncn(C(C)C)c2n1,1
c1ccccc1,0
C(CBr)Br,0
C([N+](=O)[O-])([N+](=O)[O-])([N+](=O)[O-])[N+](=O)[O-],0
Cc1cc(=O)oc2cc(cc(c12)O)O,0
O=C1NC(=O)/C(=C/c2cn(c3ccc([N+](=O)[O-])cc3)nc2c2ccc(Cl)cc2)/S1,1
Cc1c2ccc3cccc4c3c2c(cc1)cc4,0
c1ccc(cc1)c1ccc(cc1)Br,0
C(C(C1C(=C(C(=O)O1)O)O)O)O,0
CC(=CCCC1(C)C=Cc2c(cc(C)oc2=O)O1)C,1
Cc1c(ccc(c1)Cl)O,0
Nc1nccc(c2c[nH]c3ccccc23)n1,1
O=C(NCCCN1CCCC1)c1ccc(Cl)cc1,0
COC(=O)[C@@H]1c2c(oc3cc(CCO)cc(O)c3c2=O)C=C[C@H]1O,1
CNc1ccccc1,0
CCCC(CCC)C(=O)O,0
C[C@]12CC[C@H]3[C@@H](CC=C4C[C@@H](OC(=O)Cn5cc(CN6C(=O)C(=O)c7cc(Cl)ccc67)nn5)CC[C@]34C)[C@@H]1CCC2=O,1
C1(=O)C2(C3(C4(C1(C1(C2(C3(C(C41Cl)(Cl)Cl)Cl)Cl)Cl)Cl)Cl)Cl)Cl,1
O=C(N/N=C/N1CCN(c2cc3c(cc2F)c(=O)c(C(=O)O)cn3C2CC2)CC1)c1ccc(C(F)(F)F)cc1,1
Cc1c(cc(c(c1[N+](=O)[O-])OC)C(C)(C)C)[N+](=O)[O-],0
CC(C)n1cnc2c(Nc3cccc(c4ccccn4)c3)nc(NC(C)(C)CO)nc12,1
O=C1S/C(=C\c2cn(c3ccccc3)nc2c2ccc(Cl)cc2)/C(=O)N1Cc1ccccc1,1
NNC(=O)c1ccncc1,1
Cc1cc(c2c(c1)C(=O)c1c(C2=O)c(ccc1)O)O,0
COc1ccc(/C=C\c2cc(OC)c(OC)c(OC)c2)cc1N(CCCl)CCCl,1
CCOC(=O)c1c(NC(=O)C2CC(=O)Nc3ccccc23)sc(C)c1C,1
C=C1C(=O)[C@@]23C(CC[C@@H]1[C@H]2O)[C@]1(C)CC[C@@H](O)C(C)(C)[C@H]1C[C@H]3O,1
C(=C(Cl)Cl)(C(=C(Cl)Cl)Cl)Cl,0
Oc1cccc2[nH]c3ccccc3c12,1
C=CCCCCCCC=C,0
C[C@@H]1[C@H]2C3=CC[C@@H]4[C@@]5(C)CC[C@H](O)C(C)(C)[C@@H]5CC[C@@]4(C)[C@]3(C)CC[C@@]2(C(=O)OCCCCO[N+](=O)[O-])CC[C@H]1C,1
c1cc(cc(c1)S(=O)(=O)O)N,0
Cc1c(ccc(c1)Nc1ccc(cc1)O)N,1
C1CNP(=O)(OC1)N(CCCl)CCCl,0
C[C@]12CC[C@H]3[C@@H](CC=C4C[C@@H](OC(=O)Cn5cc(Cn6cc(F)c(=O)n(Cc7cn(CC(=O)O[C@H]8CC[C@@]9(C)C(=CC[C@H]%10[C@@H]%11CCC(=O)[C@@]%11(C)CC[C@H]9%10)C8)nn7)c6=O)nn5)CC[C@]34C)[C@@H]1CCC2=O,1
Cc1cc(c(cc1)C)O,0
COc1ccc(/C=C/C(=O)/C=C/c2nc3cc(Cl)ccc3n2C)cc1O,1
COc1cc2c(Nc3ccccc3C#N)ncnc2cc1OCCCN1CCN(C)CC1,1
C(#N)/C(=C(\C#N)/N)/N,0
CC(C)[C@H](CO)Nc1nc(Nc2ccc(c3ccncc3)cc2)c2ncn(C(C)C)c2n1,1
CC1CCC(C2=C(CC(C12)OC(=O)C)C)C=C(C)C(=O)O,0
c1ccc(cc1)CCl,0
c1cc(ccc1C(c1ccc(cc1)Cl)C(Cl)Cl)Cl,1
COc1cc(cc(c1OC)OC)Cc1cnc(nc1N)N,0
CCCCC#N,0
C[C@@H]1[C@H]2C3=CC[C@@H]4[C@@]5(C)CC[C@H](O)C(C)(C)[C@@H]5CC[C@@]4(C)[C@]3(C)CC[C@@]2(C(=O)NC(CO)C(=O)O)CC[C@H]1C,1
CCCOC(=O)c1ccc(cc1)O,0
CCCC=C,0
C1C=CC=[C-]1,1
CCCCOP(=O)(OCCCC)OCCCC,0
C1CC(CCC1CC1CCC(CC1)N)N,0
COc1cc(/C=C/n2cc(/C=C/c3cc(OC)c(OC)c(OC)c3)nn2)ccc1O,1
COc1ccc(C2=C(c3cc(OC)c(OC)c(OC)c3)CCC2)cc1O,1
c1cc(ccc1c1ccc(cc1)N)N,0
CCN(C(=O)N)N=O,0
Cc1c(CC(N)c2ccccc2)c2cc(c3ccccc3)ccc2n1Cc1ccccc1,0
CCC(C)(C)C(=O)O,0
c1ccc(cc1)N(c1ccccc1)N=O,0
c1cc2c(cc1[N+](=O)[O-])[nH]cn2,0
c1cc(cc(c1)I)[N+](=O)[O-],0
CC[C@H](CO)Nc1nc(Nc2cccc(c3ccncc3)c2)c2ncn(C(C)C)c2n1,1
COCCOC(=O)c1ccccc1C(=O)OCCOC,0
CC1C=CC=CC=CC=CC=CC=CC=CC(CC2C(C(CC(O2)(CC(CC(C(CCC(CC(CC(=O)OC(C(C1O)C)C)O)O)O)O)O)O)O)C(=O)O)OC1C(C(C(C(O1)C)O)N)O,0
C=CC(=O)NCNC(=O)C=C,0
COc1cc(/C=C/c2cn(/C=C/c3ccc(O)cc3)nn2)cc(OC)c1OC,0
c1cc(c(cc1S(=O)(=O)O)N)O,0
c1cc(c(cc1N)N)[N+](=O)[O-],0
COC(=O)CCCN1C(=O)[C@]23O[C@]4(O)[C@@](O)([C@@H](C)O)C(=O)N5C(C)(C)[C@H](Cc6cccc1c26)[C@H]3[C@]45O,1
CN(C)CCO/N=C\1/C(=Nc2ccccc12)c1c(O)[nH]c2c(Br)cccc12,1
C(CNCCNCCNCCN)N,0
C[C@@H]1CC(=O)C=C([C@@]21C(=O)c1c(O2)c(c(cc1OC)OC)Cl)OC,1
Nc1ncc(c2ccc(C(F)(F)F)cc2)c(c2c[nH]c3cc(Br)ccc23)n1,1
O=C(N/N=C/Nc1ccc(C(=O)O)c(O)c1)c1ccc(F)cc1,1
Cc1c(cc(cc1)[N+](=O)[O-])N,0
CCCCCCCCC1CO1,0
COc1cccc(C(=O)NCCCN(C)Cc2ccccc2)c1,1
COc1cc([C@@H]2c3cc4c(cc3[C@@H](Nc3nnco3)[C@H]3COC(=O)[C@H]23)OCO4)cc(OC)c1OC,1
Cc1ccc(n2c(SCC(=O)N3CC(=O)Nc4ccccc34)nnc2c2cccc(C)c2)cc1,0
CC(C)n1cnc2c(NCc3ccc(c4ccccn4)cc3)nc(NCC[C@H](O)CO)nc12,1
CC(C)n1cc(NC(=O)c2cccc(n3cc(NC(=O)Nc4ccccc4Cl)cn3)c2)cn1,1
C[C@@H]1CC[C@H]2[C@@](C)(C(=O)OCc3ccccc3COC(=O)[C@@]3(C)O[C@@H]4O[C@@]5(C)CC[C@H]6[C@H](C)CC[C@@H]3[C@@]46OO5)O[C@@H]3O[C@@]4(C)CC[C@@H]1[C@@]23OO4,1
c1cc(ccc1Cc1ccc(cc1)N=C=O)N=C=O,0
COc1ccc(c2ccoc2c2cc(OC)c(OC)c(OC)c2)cc1O,1
CC(=C)C(=O)OC,0
COc1ccc(c2nonc2c2cc(OC)c(O)c(OC)c2)cc1,1
C[C@]12CC[C@H]3[C@@H](CC=C4C[C@@H](OC(=O)Cn5cc(CN6C(=O)C(=O)c7c(Cl)cccc67)nn5)CC[C@]34C)[C@@H]1CCC2=O,1
Nc1nccc(c2c[nH]c3ncc(c4ccc(F)cc4)cc23)n1,0
CN(C)CCCCCCN(C)C,0
CCOC(=O)C1C(O1)c1ccccc1,0
Nc1nccc(c2c[nH]c3cc(Br)ccc23)n1,1
CC1=C(C(CCC1)(C)C)/C=C/C(=C/C=C/C(=C/C=O)/C)/C,1
COc1c(O)cc2c(c1CC=C(C)C)C[C@@H](C)OC2=O,1
c1cc(ccc1N)Br,0
COc1cc(cc2c1OCO2)CC=C,0
c1cc(ccc1C(=C(Cl)Cl)c1ccc(cc1)Cl)Cl,0
COP(=O)(OC)OC=C(Cl)Cl,1
C1CC(=O)Oc2ccccc12,0
CN(C)C(=S)SSC(=S)N(C)C,1
COc1cc2c(cc1OC)C(=O)C(CC1CCCN(Cc3ccccc3)C1)C2,1
c1cc2nc(n1)Nc1cc(cc(N3CCOCC3)c1)Nc1ccnc(n1)Nc1cc(cc(N3CCOCC3)c1)N2,1
Cc1[nH]c2ccc(Br)cc2c1CC(N)c1cc(Cl)cc(Cl)c1,1
Cc1c(ccc(c1)c1cc(c(cc1)N=Nc1c(c2ccccc2c(c1)S(=O)(=O)[O-])N)C)N=Nc1c(c2ccccc2c(c1)S(=O)(=O)[O-])N,1
c1cc(c(c(c1)Cl)Cl)Cl,0
COc1ccc(c2nonc2c2cc(OC)c(OC)c(OC)c2)cc1O,1
CCCCCCCC/C=C\CCCCCCCC(=O)O,0
COc1ccc2c(c1)nc(/C=C/C(=O)/C=C/c1ccc(O)c(OC)c1)n2C,1
COc1ccc2c(c1)C/C(=C/c1ccccc1c1ccc3nc(N)ccc3c1)/C2=O,1
c1c(oc(c1)[N+](=O)[O-])/C=N/NC(=O)N,0
Cc1ccccc1N,0
Cc1c(cccc1Cl)N,0
COc1cc(/C=C/n2cc(/C=C/c3ccccc3)nn2)ccc1O,1
C=C1C(=O)[C@@]23CC[C@@H]4C(C)(C)CC[C@H](O)[C@@]4(C)[C@@H]2[C@@H](O)C[C@@H]1[C@H]3O,1
CC1(C(N2C(S1)C(C2=O)NC(=O)C(c1ccccc1)N)C(=O)O)C,0
CC(=O)Nc1ccc(c2cnc(N)nc2c2c[nH]c3cc(Br)ccc23)cc1,1
O=C(CCCCCCCn1cc(c2cccnc2)nn1)Nc1ccccc1c1ccccc1,1
CC/C=C/C#N,0
Cc1cc(c(c(c1)C(C)(C)C)O)C(C)(C)C,0
Cc1cc(c(cc1)C)N,0
CCCCC[C@H](O)CCCCCCCCCCCc1cc(O)cc(O)c1Cc1c(O)c(C)cc(C(=O)C)c1O,1
CCCCC/C=C/C=C/C=O,0
CCCC(CCCC(CCC(CCC(CCC(CCCC(CCC)Cl)Cl)Cl)Cl)Cl)Cl,0
C1C2C=CC1C1C2C2(C(=C(C1(C2(Cl)Cl)Cl)Cl)Cl)Cl,0
C=C1[C@@H]2CC[C@H]3[C@@]45CO[C@@](O)([C@@H](O)[C@@H]4C(C)(C)CC[C@@H]5OC(=O)C)[C@@]3([C@@H]1O)[C@@H]2O,1
Cc1c(c(ccc1)[N+](=O)[O-])C,0
c1cc(ccc1C(=O)O)Cl,0
c1cc(ccc1C(=O)O)C(=O)O,0
O=C(NCCCN1Cc2ccccc2C1)c1ccc(Cl)cc1,0
c1ccc2c(c1)C=Cc1ccccc1N2C(=O)N,0
CCCCOCCOCCOCc1cc2c(cc1CCC)OCO2,0
C(CCl)CCl,0
c1cc(c(cc1Cl)C(=O)O)Cl,0
Nc1nccc(c2cn(C(=O)c3ccccc3)c3ccc(Br)cc23)n1,0
c1cc(c(cc1Cl)Cl)[N+](=O)[O-],0
Cc1c(c2ccccc2cc1)C,0
COc1ccc(c2c(c3cc(OC)c(OC)c(OC)c3)coc2/C=N/NC(=O)CCCC(=O)O)cc1,1
COc1ccc(c2coc3cc(OCc4ccc(C)cc4)ccc3c2=O)cc1N(CCCl)CCCl,1
CC12CCC(=O)C=C1CCC1C2CCC2(C1CCC2=O)C,0
C(C(CBr)(CBr)CBr)O,0
c1c(sc(n1)N)[N+](=O)[O-],0
CCC[C@@H](C(=O)O)c1cc(OCc2ccccc2)cc(c2ccc(C(F)(F)F)cc2)c1,1
c1cc(c(cc1C(Cl)(Cl)Cl)Cl)Cl,0
Cc1cnc2nc1Nc1cc(cc(N3CCCC3)c1)Nc1ncc(C)c(n1)Nc1cc(cc(N3CCCC3)c1)N2,0
CCN(CC1CCN(Cc2ccc(Cl)cc2Cl)CC1)C(=O)C,1
CC(C)CCON=O,0
CC[C@H](CO)Nc1nc(NCc2ccccc2)c2ncn(C(C)C)c2n1,1
CNCCN(C)C(=O)c1cc(Sc2cnc(Nc3cccc(Br)n3)s2)ccc1C,1
c1cscc1,0
Cc1ccc(cc1)C(=O)O,0
CN(CCNC(=O)c1ccc([N+](=O)[O-])cc1)Cc1ccccc1,0
CC(=O)O[C@H]1CC[C@@]2(C)[C@@H](CC[C@]3(C)[C@@H]2CC=C2[C@@H]4[C@@H](C)[C@H](C)CC[C@]4(C(=O)N4CCN(CCO)CC4)CC[C@@]32C)C1(C)C,1
CCC#N,0
O=C(NCc1ccco1)C1CCN(Cc2ccccc2)CC1,1
C[C@@H]1CC[C@H]2[C@@H](C)[C@H](N3CCN(C(=O)Nc4ccc(F)cc4)CC3)O[C@@H]3O[C@@]4(C)CC[C@@H]1[C@@]23OO4,1
CCOC(=O)c1cc2cc(c1)Nc1nc(ncc1Cl)Nc1cc(cc(C(=O)OCC)c1)Nc1nc(ncc1Cl)N2,1
CCCCCCCCCCCCCCCC[n+]1ccccc1,1
COc1ccc(/C=C/C(=O)/C=C/c2nc3ccccc3n2C)cc1O,1
CNCC(c1ccc(cc1)O)O,0
Cc1ccc(cc1)C(C)(C)C,0
COc1cccc(c2cnc(N)nc2c2c[nH]c3ccc(Br)cc23)c1,1
C[C@@H]1CC[C@H]2[C@@](C)(C(=O)NCCCCCCCCNC(=O)[C@@]3(C)O[C@@H]4O[C@@]5(C)CC[C@H]6[C@H](C)CC[C@@H]3[C@@]46OO5)O[C@@H]3O[C@@]4(C)CC[C@@H]1[C@@]23OO4,0
CCC(=O)/C=C/C1C(=CCCC1(C)C)C,0
O=[N+]([O-])c1cc(C(F)(F)F)ccc1NC(CO)CO,0
CCCCCN(CC1CCN(Cc2ccccc2)CC1)C(=O)C,1
COc1ccnc2c1c(c1ccnc(N)n1)cn2C,1
c1c(cc(c(c1Cl)Cl)Cl)Cl,0
CC1CC2(C3C(O3)(CO2)C)OC2C1C1(CCC34CC53CCC(C(C5CCC4C1(C2)C)(C)C)OC1C(C(C(CO1)O)O)O)C,0
c1ccc(cc1)CCI,1
C=CCN=C=S,0
C=C1C(=O)[C@@]23[C@@H](CC[C@@H]1[C@H]2O)[C@]1(C)[C@@H](O)C[C@H](OC(=O)C)C(C)(C)[C@H]1C[C@H]3O,1
CN1C(=O)[C@]23O[C@]4(O)[C@@H](O)C(=O)N5C(C)(C)[C@H](Cc6cccc1c26)[C@H]3[C@]45O,1
O=C(CCCCCCCCn1cc(c2cccnc2)nn1)Nc1ccccc1Oc1ccccc1,1
CC1CC(CC(C1)(C)C)OC(=O)c1ccccc1O,0
CCCCCCCCCCCOC(=O)c1ccccc1C(=O)OCCCCCCCCCCC,0
CCCCC(=O)N(C)C,0
c1ccc(cc1)C(=O)c1ccccc1,0
Cc1cnc2nc1Nc1cccc(c1)Nc1ncc(C)c(n1)Nc1cccc(c1)N2,0
c1cc2c(cc1[N+](=O)[O-])C(=O)NC2=O,0
CC(=O)O[C@H]1CC[C@@]2(C)[C@@H](CC[C@]3(C)[C@@H]2CC=C2[C@@H]4[C@@H](C)[C@H](C)CC[C@]4(C(=O)N4CCN(CCOCCO)CC4)CC[C@@]32C)C1(C)C,1
C[C@]12N[C@H](Cc3ccccc13)c1ccccc21,1
CCOP(=S)(OCC)Oc1nc(c(cc1Cl)Cl)Cl,0
c1cc(c(cc1Cl)[N+](=O)[O-])N,0
CCCOc1ccc2c(=O)c(c3ccc(OC)c(N(CCCl)CCCl)c3)coc2c1,1
CCN1CCN(CCCOc2cc3ncnc(Nc4cccc(C#N)c4)c3cc2OC)CC1,1
C[C@@H]1[C@H]2C3=CC[C@@H]4[C@@]5(C)CC[C@H](O)C(C)(C)[C@@H]5CC[C@@]4(C)[C@]3(C)CC[C@@]2(C(=O)N2CCC(CCO)CC2)CC[C@H]1C,1
Cc1c(c2c(n1C(=O)c1ccc(cc1)Cl)ccc(c2)OC)CC(=O)O,0
c1ccc(cc1)C(C#N)O,0
CC[C@H](CO)Nc1nc(Nc2ccc(c3cccnc3)cc2)c2ncn(C(C)C)c2n1,1
O=C1C(=C(Nc2nc(c3ccccc3)cs2)C(=O)c2ccccc12)Cl,1
CC1=CC(=O)CC(C1(/C=C/C(=C\C(=O)O)/C)O)(C)C,0
CN(CCCC(=O)Nc1ccc(Cl)cc1)Cc1ccccc1,1
c1cc(ccc1c1cc(=O)c2c(cc(cc2o1)O)O)O,1
CC(=O)/C=C/c1ccccc1,0
COc1cc2c(Nc3ccc(C#N)cc3)ncnc2cc1OCCCN(C)CCO,1
COc1cccc(/C=C/c2cn(/C=C/c3ccccc3)nn2)c1,1
c1cc(c(cc1C(=O)O)Cl)Cl,0
COc1cc([C@@H]2c3cc4c(cc3[C@@H](Nc3nnc(c5ccncc5)o3)[C@H]3COC(=O)[C@H]23)OCO4)cc(OC)c1OC,1
CC(CCl)Cl,0
COc1ccc(c2nnc(N[C@@H]3c4cc5c(cc4[C@@H](c4cc(OC)c(OC)c(OC)c4)[C@H]4C(=O)OC[C@H]34)OCO5)o2)cc1,1
CCCN(CCC)C(=O)SCC,0
CCOP(=S)(OCC)Oc1ccc(cc1)[N+](=O)[O-],0
CC(C)OC(=O)Cc1ccccc1,0
CCCCCCCCOC(=O)c1ccccc1C(=O)OCCCCCCCC,0
C1C=CC2C1C1CC2C=C1,0
C=C(CCl)Cl,0
O=Nc1c(c2c(O)[nH]c3c(Br)cccc23)[nH]c2ccccc12,1
Cc1ccc(OCc2cn(CC(=O)O[C@H]3CC[C@@]4(C)C(=CC[C@H]5[C@@H]6CCC(=O)[C@@]6(C)CC[C@H]45)C3)nn2)cc1,1
COc1cc2c(Nc3ccc(C#N)cc3)ncnc2cc1OCCCN1CCc2ccccc2C1,1
c12c(c(c(c(c1Cl)Cl)Cl)Cl)C(=O)OC2=O,0
C1Nc2cc(c(cc2S(=O)(=O)N1)S(=O)(=O)N)Cl,0
Oc1ccc(/C=C/n2cc(/C=C/c3ccc(O)c(O)c3)nn2)cc1,1
O=C(O)c1csc(NC2=C(Cl)C(=O)c3ccccc3C2=O)n1,1
CC(=O)O[C@@H]1[C@H]2[C@@H]3CC[C@H]([C@H](C)CCCC(C)C)[C@@]3(C)CC[C@@H]2[C@@]2(C)CC[C@H](O)C[C@]2(O)[C@@H]1OC(=O)C,1
CC12C(C=CC3(C1C(C14C3CCC(C1)(C(=C)C4)O)C(=O)O)OC2=O)O,0
c1cc(c(cc1N)Cl)Cl,0
CC[C@H](CO)Nc1nc(Nc2cccc(c3ccccn3)c2)c2ncn(C(C)C)c2n1,1
CSc1nc(Nc2cccc(O)c2)c2cnn(CC(C)c3ccccc3)c2n1,1
C(O)[P+](CO)(CO)CO,0
c1cc(ccc1NO)N=O,1
C[C@@H]1CC[C@H]2[C@@](C)(C(=O)OCCCCCOC(=O)[C@@]3(C)O[C@@H]4O[C@@]5(C)CC[C@H]6[C@H](C)CC[C@@H]3[C@@]46OO5)O[C@@H]3O[C@@]4(C)CC[C@@H]1[C@@]23OO4,1
Cc1ccc(cc1)Cl,0
CC/C(=N/O)/C,0
C=Cc1ccccc1C=C,0
CCc1ccccc1O,0
FC(F)(F)c1ccc(COc2cccc(Nc3ncnc4cc5c(cc34)OCCOCCO5)c2)cc1,0
O=C1Nc2cc(Br)ccc2/C/1=C\1/Nc2ccccc2/C1=N\OCCN1CCNCC1,1
c1ccc2c(c1)Nc1ccccc1S2,0
COc1cnc2nc1Nc1cc(cc(N3CCOCC3)c1)Nc1ncc(OC)c(n1)Nc1cc(cc(N3CCOCC3)c1)N2,0
C(/C=C/Cl)Cl,0
C[C@@H]1CC[C@H]2[C@@](C)(C(=O)NCCCCCCNC(=O)[C@@]3(C)O[C@@H]4O[C@@]5(C)CC[C@H]6[C@H](C)CC[C@@H]3[C@@]46OO5)O[C@@H]3O[C@@]4(C)CC[C@@H]1[C@@]23OO4,1
CC[N+](CC)(CC)CCCCCCCCOc1ccc(/C=C/c2ccccc2)cc1,1
Cc1c(c(ccc1)C)[N+](=O)[O-],0
CCCCCCCCCCCCCl,0
COc1cnc2nc1Nc1cc(cc(C(F)(F)F)c1)Nc1ncc(OC)c(n1)Nc1cc(cc(C(F)(F)F)c1)N2,0
COc1ccc(/C=C/C(=O)/C=C/c2nc3cc([N+](=O)[O-])ccc3n2C)cc1O,1
O=C1Nc2cc(Br)ccc2/C/1=C\1/Nc2ccccc2/C1=N\OCCN1CCN(CCOCCO)CC1,1
CN(CCCNC(=O)c1ccc(C#N)cc1)Cc1ccccc1,1
C(=O)(N)NC(=O)N,0
O=C(CSc1nnc(c2c[nH]c3ccccc23)n1CC1CCCO1)c1ccc(Cl)s1,1
CC(C)n1cnc2c(NCc3ccc(c4ccccn4)cc3)nc(N3C[C@H](O)C[C@H]3CO)nc12,1
Cc1ccc(cc1)C(=O)OC,0
COc1cc(/C=C/C(=O)/C=C/c2nc3ccccc3n2C)ccc1O,1
COc1ccc(c2coc3cc(OC4CCCCC4)ccc3c2=O)cc1N(CCCl)CCCl,1
c1ccc(cc1)CCBr,0
COC(=O)c1sc(c2ccnc(NC(=O)C3CC3)c2)nc1OCCNc1c2c(nc3ccccc13)CCCC2,1
CC1(C2CCC1(C(=O)C2)C)C,0
CCN(CC)c1cc(ccc1)O,0
C=CCOc1ccc2c(=O)c(c3ccc(OC)c(N(CCCl)CCCl)c3)coc2c1,1
c1c(cc(c(c1S(=O)(=O)O)O)C(=O)O)N,0
COC(=O)CS,0
CCC1CO1,0
c1ccc(cc1)C#N,0
c1c2-c(ncnc2=O)[nH][nH]1,0
Nc1ncc(c2ccccc2)cc1/N=C/c1ccnc(NC(=O)C2CC2)c1,1
C(CO)[N+](=O)[O-],0
COc1cc2c(Nc3ccc(C#N)cc3)ncnc2cc1OCCCN1CCCC1,1
COc1ccc(c2cscc2c2cc(OC)c(OC)c(OC)c2)cc1,1
Cc1ncc(n1CCO)[N+](=O)[O-],0
COc1ccc(c2coc3cc(O)ccc3c2=O)cc1,1
c1c(c(c(c(c1Cl)Cl)[N+](=O)[O-])Cl)Cl,0
c1ccc2cc3c(cc2c1)C(=NC3=N)N,1
C1CCCC1,0
COc1cc2c(Nc3ccc(C#N)cc3)ncnc2cc1OCCCN1CCC(CO)CC1,1
CCN(CC)c1ccc(cc1)N,1
CC(C)COC(=O)c1ccccc1C(=O)OCC(C)C,0
C[C@@H]1CC[C@H]2[C@@H](C)[C@@H](O)O[C@@H]3O[C@@]4(C)CC[C@@H]1[C@@]23OO4,1
C=C1C(=O)[C@@]23C(CC[C@@H]1[C@H]2O)[C@]1(C)CC[C@H](O)C(C)(C)[C@H]1C[C@H]3O,1
O=C(NC1CCCc2ccccc12)C1CCN(Cc2ccccc2)CC1,0
C/C=C/C=C/C=O,1
C1CC(OC1CO)n1ccc(nc1=O)N,0
C=C1C(=O)[C@@]23[C@@H](C[C@H](OC(=O)C)[C@@H]1[C@H]2O)[C@]1(C)CC[C@@H](O)C(C)(C)[C@H]1C[C@H]3O,1
COc1nc(c2ccnc(NC(=O)C3CC3)c2)sc1C(=O)NCCCCCCNc1c2c(nc3ccccc13)CCCC2,1
CC(C)CC[C@H](c1ccc(C(F)(F)F)nc1)N1CC[C@@H](CC(=O)[O-])C[C@H]1c1ccc(C(F)(F)F)cc1,1
C(CCO)CO,0
CCC(C)O,0
O=C(/C=C/c1cccnc1)NCCCCC1CCN(C(=O)c2ccccc2)CC1,1
CC(C)(F)CC[C@@H]1OC(C)(C)O[C@]1(C)[C@H]1CC=C2C3=CC(=O)[C@@H]4C[C@H]5OC(C)(C)O[C@H]5C[C@]4(C)[C@H]3CC[C@]12C,1
Cc1c(cc(cc1)N=C=O)N=C=O,0
C1(=C(C(=O)C(=C(C1=O)Cl)Cl)Cl)Cl,1
N#Cc1ccc(Nc2ncnc(Nc3ccc(C(=N)N)cc3)c2[N+](=O)[O-])cc1,0
Nc1nccc(c2c[nH]c3cc([N+](=O)[O-])ccc23)n1,1
CN(C)c1ccccc1,0
CC(C)COC(=O)C(=C)C,0
C1(C(=C(C(=O)O1)Cl)C(Cl)Cl)O,1
C1CC(=O)OC1=O,0
COc1ccc(c2cocc2c2cc(OC)c(OC)c(OC)c2)cc1,1
C[C@@H]1CC[C@@]2([C@H]([C@H]3[C@@H](O2)[C@H]([C@@H]2[C@@]3(CC[C@H]3[C@H]2CC[C@@H]2[C@@]3(C[C@H]([C@@H](C2)O[C@H]2[C@@H]([C@H]([C@H]([C@H](O2)CO)O[C@H]2[C@@H]([C@H]([C@@H]([C@H](O2)CO)O)O[C@H]2[C@@H]([C@H]([C@@H](CO2)O)O)O)O[C@H]2[C@@H]([C@H]([C@@H]([C@H](O2)CO)O)O[C@H]2[C@@H]([C@H]([C@@H]([C@H](O2)CO)O)O)O)O)O)O)O)C)C)O)C)OC1,1
C[C@@H]1[C@H]2C3=CC[C@@H]4[C@@]5(C)CC[C@H](O)C(C)(C)[C@@H]5CC[C@@]4(C)[C@]3(C)CC[C@@]2(C(=O)OCCCO[N+](=O)[O-])CC[C@H]1C,1
C[C@H]1/C=C/C=C(\C(=O)Nc2c(c(c3c(c2O)c(c(c2c3C(=O)[C@](O2)(O/C=C/[C@@H]([C@H]([C@H]([C@@H]([C@@H]([C@@H]([C@H]1O)C)O)C)OC(=O)C)C)OC)C)C)O)O)/C=N/N1CCN(CC1)C)/C,1
COc1ccc2c3c1O[C@H]1C[C@@H](O)C=C[C@@]31CCN(CCOCCOCCNC13CC4CC(C)(CC(C)(C4)C1)C3)C2,1
CC1CCc2c(C1)occ2C,0
Cc1c(cc(cc1)S(=O)(=O)[O-])C,0
CN(CCCNC(=O)c1ccccc1Cl)Cc1ccccc1,0
Cc1cnc[nH]1,0
CCCCC[C@H]1OC(=O)[C@H]([C@@H](C)CC)N(C)C(=O)[C@@H]2CCCN2C(=O)[C@H](Cc2ccccc2)OC(=O)[C@H](C(C)C)N(C)C(=O)[C@H](C(C)C)NC(=O)[C@H]1C,0
CC(C)([N+](=O)[O-])Cl,0
c1cc2c(cccc2[N+](=O)[O-])c(c1)[N+](=O)[O-],0
COc1ccnc2[nH]cc(c3ccncn3)c12,1
Nc1c2c(nc3ccccc13)CCCC2,1
COc1cc(C2c3cc4c(cc3Cn3nncc23)OCO4)cc(OC)c1OC,1
c1ccc(c(c1)Cl)Cl,0
c1ccc2c(c1)c(c([nH]2)C1=Nc2ccccc2C1=O)O,1
COc1ccc(/C=C/C(=O)c2cc(OC)c(OC)c(OC)c2)cc1O,1
CCCCOC(=O)c1ccccc1N,0
c1cc(ccc1N)O,1
c1cc(c(cc1Cc1cc(c(cc1)N)Cl)Cl)N,0
CCCCC(CC)CO,0
CCCCCC/C(=C\c1ccccc1)/C=O,0
COc1ccc(C)cc1NC(=O)c1cnn2c(C(F)F)cc(c3ccc(C)cc3)nc12,1
Nc1ccc2c(c3nc(N)ncc3I)c[nH]c2c1,0
COc1cccc(/C=C/n2cc(/C=C/c3cc(OC)c(OC)c(OC)c3)nn2)c1,0
c1cc(cc(c1)Cl)Cl,0
C[C@H]1[C@H]([C@H](C[C@@H](O1)O[C@H]1C[C@@](Cc2c1c(c1c(c2O)C(=O)c2c(C1=O)c(ccc2)OC)O)(C(=O)C)O)N)O,1
COc1ccc(c2c(OC)cc(c3ccc(O)c(CC=C(C)C)c3)c(OC)c2O)cc1OC,0
C(CBr)Cl,0
CC[C@@H](CO)Nc1nc(NCc2ccccc2)c2ncn(C(C)C)c2n1,1
CC(C)NC(C)C,0
c1c(cc(cc1Cl)Cl)N,0
CCCOC(=O)[C@]12CC[C@@H](C)[C@H](C)[C@H]1C1=CC[C@@H]3[C@@]4(C)CC[C@H](OC(=O)C)C(C)(C)[C@@H]4CC[C@@]3(C)[C@]1(C)CC2,1
c1cc(cc(c1)Cl)N,0
CCOP(=S)(OCC)Oc1nc(nc(c1)C)C(C)C,0
C[C@@H]1CC[C@H]2[C@@H](C)[C@H](N3CCN(C(=O)Nc4ccc(C(F)(F)F)cc4)CC3)O[C@@H]3O[C@@]4(C)CC[C@@H]1[C@@]23OO4,1
O=[N+]([O-])c1ccc(NC(CO)CO)cc1,0
c1cc(c(cc1Cl)Cl)C(=O)O,0
O=C(CCCCCCn1cc(c2cccnc2)nn1)Nc1ccccc1Cl,1
FC(F)(F)c1ccc(COc2ccc(Nc3ncnc4cc5c(cc34)OCCOCCOCCOCCO5)cc2)cc1,1
C=CC(=O)OCCCCCCOC(=O)C=C,1
CC(C)(C)OC,0
O=C(CCCCCCn1cc(c2cccnc2)nn1)Nc1ccccc1Oc1ccccc1,1
COC(=O)[C@@H]1c2c(oc3cc(CO)cc(OC)c3c2=O)C=C[C@H]1O,1
COc1c(cc(cc1)C=O)OC,0
c1cc(cc(c1)Cl)C(=O)O,0
Cc1ccc(cc1)C#N,0
C=CC1CCC=CC1,0
CC(C)CCC[C@@H](C)[C@H]1CC[C@H]2[C@@H]3C[C@@H](O)[C@@]4(O)C[C@@H](O)CC[C@]4(C)[C@H]3CC[C@]12C,1
Cc1[nH]c2ccc(Br)cc2c1C[C@H](N)c1ccccc1,1
CN1CCc2cc3c(cc2C1C1c2c(c(c(cc2)OC)OC)C(=O)O1)OCO3,0
c1cc(c(cc1Cl)Cl)C(=O)CCl,1
COc1c(ccc(c1)C=O)O,0
COc1nc(c2ccnc(NC(=O)C3CC3)c2)sc1C(=O)NCCNc1c2c(nc3ccccc13)CCCC2,1
CCCCCCCCCCCCCCC1CO1,0
O=C(N/N=C/c1ccc(Cl)cc1)c1ccc(CN2CCCC(O)C2)cc1,0
FC(F)(F)c1cc2cc(c1)Nc1nccc(n1)Nc1cc(cc(C(F)(F)F)c1)Nc1nccc(n1)N2,1
CCCCCc1cc(cc(c1)O)O,0
Cc1c(onc1C)NS(=O)(=O)c1ccc(cc1)N,0
COc1cc([C@@H]2c3cc4c(cc3[C@@H](O[C@@H]3O[C@@H]5CO[C@@H](C)O[C@H]5[C@H](O)[C@H]3O)[C@H]3COC(=O)[C@H]23)OCO4)cc(OC)c1O,1
CC(C)(O)CC[C@@H]1OC(C)(C)O[C@]1(C)[C@H]1CC[C@@]2(O)C3=CC(=O)[C@@H]4C[C@H]5OC(C)(C)O[C@H]5C[C@]4(C)[C@H]3CC[C@]12C,1
C[C@@H]1CC[C@H]2[C@@](C)(COP(=O)(OC[C@@]3(C)O[C@@H]4O[C@@]5(C)CC[C@H]6[C@H](C)CC[C@@H]3[C@@]46OO5)Oc3ccccc3)O[C@@H]3O[C@@]4(C)CC[C@@H]1[C@@]23OO4,1
C(CS(=O)(=O)O)N,0
C/C=C/CC#N,0
Nc1ncc(I)c(c2c[nH]c3c(Br)cccc23)n1,1
c1cc(ccc1COC(Cn1ccnc1)c1c(cc(cc1)Cl)Cl)Cl,1
CC(C)CCC[C@@H](C)[C@H]1CC[C@H]2[C@@H]3C[C@@H](NCCc4cnc[nH]4)[C@@]4(O)C[C@@H](O)CC[C@]4(C)[C@H]3CC[C@]12C,1
C(COCCO)O,0
Cc1cc(c(cc1)N)C,0
CCCN1C(=O)S/C(=C\c2cn(c3ccccc3)nc2c2ccccc2)/C1=O,1
CC[C@@H](CO)Nc1nc(NCc2ccccn2)c2ncn(C(C)C)c2n1,1
COc1ccc(NS(=O)(=O)c2ccc3c(c2)N(C(=O)C)CC(C)O3)cc1Cl,1
c1cc(c(c(c1)Cl)O)Cl,0
Cc1ccccc1C=O,0
Cc1n[nH]c(O)c1C(c1cccc(OCc2ccc(F)cc2)c1)c1c(O)n[nH]c1C,0
FC(F)(F)c1ccc(COc2cccc(Nc3ncnc4cc5c(cc34)OCCOCCOCCOCCO5)c2)cc1,1
O=C1S/C(=C\c2cn(c3ccccc3)nc2c2ccc(Cl)cc2)/C(=O)N1Cc1cccc(Br)c1,1
COc1cc(/C=C/C(=O)N2CCC=CC2=O)cc(OC)c1OC,1
c1cc(ccc1C(F)(F)F)Cl,0
CCOc1cc(/C=C/2\CN(C(=O)CCC(=O)NCCCNCCCCNCCCN)C/C(=C\c3ccc(O)c(OCC)c3)/C2=O)ccc1O,1
COc1cc(N2CCC(N)CC2)ccc1Nc1ncc(Cl)c(c2c[nH]c3ccccc23)n1,1
CCCCCCCCO,0
CCCCCCCC(=O)OCC(COC(=O)CCCCCCC)OC(=O)CCCCCCC,0
c1ccc(c(c1)N)S(=O)(=O)O,0
CC(=O)Nc1ccc(cc1)C(=O)O,0
c1ccc2c(c1)[nH]c(n2)c1cscn1,0
Cc1cccc2ccccc12,0
C=C1C(=O)[C@@]23[C@@H](C(=O)C[C@@H]1[C@H]2O)[C@]1(C)CCC[C@](C)(CO)[C@H]1C[C@H]3O,1
CCc1ccccc1,0
c1cc(ccc1N)Oc1ccc(cc1)N,0
COc1c(ccc(c1)c1cc(c(cc1)N=C=O)OC)N=C=O,0
CC(C)[N+](=O)[O-],0
Cn1c2c(c(=O)n(c1=O)C)[nH]cn2,0
CC1CC(=O)O1,0
c1ccc(COc2ccccc2Nc2ncnc3cc4c(cc23)OCCOCCOCCO4)cc1,0
CC1(CC(CC(C1)(C)CN=C=O)N=C=O)C,0
C[N+](C)(C)CCCC(=O)Nc1ccc2-c3nccc4cccc(C(=O)c2c1)c34,1
CC(C)c1cnn2c(NCc3ccc(Cl)cc3)nc(N[C@@H](CO)C(C)C)nc12,1
CCCCOC(=O)NCCc1nc(c2ccc(N3CCCC3)cc2)c[nH]1,1
Cc1cc(O)cc2c1C[C@H]1CC(C)(C)/C=C/C[C@]3(C)OC4=CC(=O)O[C@]5(C)CC(=O)O[C@]45C[C@H]3C[C@H](O)[C@@]1(C)O2,1
COc1ccc(/C=C\c2cc(OC)c(OC)c(OC)c2)cc1O,1
C=C1[C@@H]2C(=O)C[C@H]3[C@]4(C)[C@@H](O)C[C@H](OC(=O)C)C(C)(C)[C@H]4C[C@@H](O)[C@@]3([C@@H]1O)[C@@H]2O,1
CCCCOC(=O)NCCc1nc(c2ccc(CCC)cc2)c[nH]1,1
C1CCC(C(C1)C(=O)OCC1CO1)C(=O)OCC1CO1,1
O=C(NCc1ccccn1)C1CCN(Cc2ccccc2)CC1,1
CN(C)C(=O)Nc1cccc(c1)C(F)(F)F,0
Cc1cc(c(o1)C)C(=O)C,0
CC(=O)Nc1ccccc1,0
CCN(CC)CCCOc1ccc2c3c(-c4ccccc4C2=O)nccc13,1
c1c([nH]c(=O)[nH]c1=O)C(=O)O,0
COc1cc(/C=C/c2ccc(OCCCC[P+](c3ccccc3)(c3ccccc3)c3ccccc3)cc2)cc(OC)c1,1
COc1cc2c(cc1OC)C(=O)/C(=C/C1CCCN(Cc3ccccc3)C1)/C2,1
c1c(nc(s1)N)CC(=O)O,0
CCOC(=O)c1c(C)[nH]c(C)c1C(=O)CSC1=Nc2ccccc2C2CC=NN12,1
COC(=O)C(CO)NC(=O)[C@]12CC[C@@H](C)[C@H](C)[C@H]1C1=CC[C@@H]3[C@@]4(C)CC[C@H](OC(=O)C)C(C)(C)[C@@H]4CC[C@@]3(C)[C@]1(C)CC2,1
CCC(O)OC(CC)O,0
COc1ccccc1CNCCN1C(=O)c2ccc3c4c(ccc(c24)C1=O)C(=O)N(CCNCc1ccccc1OC)C3=O,1
c1cc(ccc1N)Cl,0
CCC(C)Nc1ccc(cc1)NC(C)CC,1
C[C@@H]1CC[C@H]2[C@@](C)(C(=O)OCCCCCCOC(=O)[C@@]3(C)O[C@@H]4O[C@@]5(C)CC[C@H]6[C@H](C)CC[C@@H]3[C@@]46OO5)O[C@@H]3O[C@@]4(C)CC[C@@H]1[C@@]23OO4,0
CCCC[N+](=O)[O-],0
C1C2C(C(C1Cl)Cl)C1(C(=C(C2(C1(Cl)Cl)Cl)Cl)Cl)Cl,1
CCCCOCCOCCSC#N,0
CC(C)[C@H](CO)Nc1nc(Nc2ccc(c3cccnc3)cc2)c2ncn(C(C)C)c2n1,1
C[C@]12CC[C@H]3[C@@H](CC=C4C[C@@H](OC(=O)Cn5cc(CN6C(=O)C(=O)c7ccccc67)nn5)CC[C@]34C)[C@@H]1CCC2=O,0
CCOC(=O)c1ccccc1C(=O)OCC,0
Nc1nccc(c2c[nH]c3ncccc23)n1,1
O=C1Nc2cc(Br)ccc2/C/1=C\1/Nc2ccccc2/C1=N\OCCN1CCCC1,1
c1ccc(cc1)Nc1cccc2ccccc12,0
COc1cccc(/C=C/c2cn(/C=C/c3cccc(OC)c3)nn2)c1,1
CCCCCCC(=O)O,0
CC[N+](CC)(CC)CCOc1ccc(/C=C/c2cc(OC)cc(OC)c2)cc1,1
CC[C@H](CO)Nc1nc(NCc2ccc(c3ccncc3)cc2)c2ncn(C(C)C)c2n1,1
c1ccc2c(c1)cc(cc2[N+](=O)[O-])[N+](=O)[O-],0
CCN(CC)CCOc1ccc(NC(=O)Nc2cc(OC)c(OC)c(c3ccc(/C(=N/O)/C)c(OC)c3)c2)cc1,0
C[C@@H]1[C@H]([C@H](C[C@@H](O1)O[C@@H]1[C@H](O[C@H](C[C@@H]1O)O[C@@H]1[C@H](O[C@H](C[C@@H]1O)O[C@H]1CC[C@]2([C@@H](C1)CC[C@@H]1[C@@H]2C[C@H]([C@]2([C@@]1(CC[C@@H]2C1=CC(=O)OC1)O)C)O)C)C)C)O)O,1
c1ccc(cc1)SCCSc1ccccc1,0
COc1cc2c(cc1OC)C(=O)/C(=C/C1CCN(Cc3ccccc3)CC1)/C2,0
Cc1ccc(Sc2cnc(Nc3cccc(Br)n3)s2)cc1C(=O)N1CCN(C(=O)[C@@H](C)N)CC1,1
C[C@@H]1CC[C@H]2[C@@](C)(C(=O)OCCCCCCCCCCCCOC(=O)[C@@]3(C)O[C@@H]4O[C@@]5(C)CC[C@H]6[C@H](C)CC[C@@H]3[C@@]46OO5)O[C@@H]3O[C@@]4(C)CC[C@@H]1[C@@]23OO4,1
C1COC1=O,0
Oc1ccc(/C=C/n2cc(/C=C/c3ccccc3)nn2)cc1,1
CC(C)CCOCC(=O)OCC=C,0
C(CCCN)CCN,0
CN(CCNC(=O)c1cccc(Cl)c1Cl)Cc1ccccc1,0
Cc1cn(c(=O)[nH]c1=O)C1C=CC(O1)CO,0
COc1ccc(c2cocc2c2cc(OC)c(OC)c(OC)c2)cc1[N+](=O)[O-],1
COc1ccc(cc1)CC=C,0
C[C@@H]1[C@H]2C3=CC[C@@H]4[C@@]5(C)CC[C@H](O)C(C)(C)[C@@H]5CC[C@@]4(C)[C@]3(C)CC[C@@]2(C(=O)NC(Cc2ccc(O)cc2)C(=O)O)CC[C@H]1C,1
CC12CCC(=O)C=C1CCC1C2(C(CC2(C1CCC2(C)O)C)O)F,0
CCCCCCCCCCCC[N+](C)(C)CCOc1ccccc1,0
CCCCOc1ccc2c(=O)c(c3ccc(OC)c(N(CCCl)CCCl)c3)coc2c1,1
Cc1cc(c(cc1)O)N,1
Cc1c(cccc1[N+](=O)[O-])C(=O)O,0
COP(=O)(OC)O/C(=C\Cl)/c1cc(c(cc1Cl)Cl)Cl,1
N=C(NCCC[C@H](NC(=O)c1cc2c(cn1)[nH]c1ccccc21)C(=O)OCc1ccccc1)N[N+](=O)[O-],1
CCCn1ccc(c2cnc(N)c(O[C@H](C)c3c(Cl)ccc(F)c3Cl)c2)cc1=O,1
Oc1ccc(Cl)c(Nc2nc(SCCN3CCOCC3)nc3c2cnn3CC(Cl)c2ccccc2)c1,1
C[C@]12CC[C@H]3[C@@H](CC=C4C[C@@H](OC(=O)Cn5cc(COc6ccc(Br)cc6)nn5)CC[C@]34C)[C@@H]1CCC2=O,1
CCCCCCCCCCCCCC(=O)O,0
CC(=O)OCC(COC(=O)C)OC(=O)C,0
c1ccc(c(c1)C(=O)O)Cl,0
COc1cc2c(cc1OC)C(=O)C(CC1CCCCN1Cc1ccccc1)C2,1
c1ccc(cc1)c1ccccc1O,0
COc1cccc(/C=C/c2cn(/C=C/c3ccc(O)c(OC)c3)nn2)c1,1
Cc1ccc2[nH]c(C)c(CC(N)c3ccccc3)c2c1,1
C[C@H](CCCC(C)C)[C@H]1CC[C@@H]2[C@@]1(CCC/C/2=C\C=C/1\C[C@H](CCC1=C)O)C,1
O=C(CCCCCCC(=O)N(Cc1ccccc1)C(Cc1ccc(c2ccccc2)cc1)C(=O)NCCc1ccccc1)NO,1
CCCCCCCC(=O)Cl,0
CC(C)CCC[C@@H](C)[C@H]1CC[C@H]2[C@@H]3C[C@@H](O)[C@@]4(O)[C@@H](O)[C@@H](O)CC[C@]4(C)[C@H]3CC[C@]12C,1
c1ccc(cc1)OC(=O)c1ccccc1O,0
c1c(cc(cc1Cl)Cl)O,0
c1ccc(cc1)CCOC(=O)c1ccccc1N,0
CCc1c(c(nc(n1)N)N)c1ccc(cc1)Cl,0
CC(C)Oc1ccc2-c3c(CCc2c1)c1c(c2c3C(=O)NC2)c2ccccc2n1CCO,1
C(C(=O)O)Br,0
CC(=CCC/C(=C/C=O)/C)C,0
CCOCCOC(=O)C,0
C[C@]12CC[C@H]3[C@@H](CC=C4C[C@@H](OC(=O)Cn5cc(CN6C(=O)C(=O)c7cccc(Cl)c67)nn5)CC[C@]34C)[C@@H]1CCC2=O,1
O=C1NC(=O)/C(=C/c2cn(c3ccccc3)nc2c2ccc(Cl)cc2)/S1,1
Nc1nccc(c2c[nH]c3nccc(Cl)c23)n1,1
COc1ccc(c2nonc2c2cc(OC)c(OC)c(OC)c2)cc1,1
c1ccc2c(c1)cn[nH]c2=O,1
O=C1C=C(NCCCNCc2cc3ccccc3o2)C(=O)C=C1NCCCNCc1cc2ccccc2o1,1
COc1cc2c(cc1OC)C(=O)/C(=C/C1CN(Cc3ccccc3)C1)/C2,0
O=C(Nc1cnn(c2cccc(C(=O)NCC3CCNCC3)c2)c1)Nc1ccccc1Cl,1
c1c(cc(c(c1Br)O)Br)Br,0
CCCCCC(CCCCC)c1nc(c2ccc(F)cc2)c[nH]1,1
C1CCC(CC1)O,0
COc1ccccc1O,0
C=C1C(=O)[C@@]23[C@@H](CC(=O)[C@@H]1[C@H]2O)[C@]1(C)[C@@H](O)C[C@H](OC(=O)C)C(C)(C)[C@H]1C[C@H]3O,1
c1ccc(cc1)NC(=Nc1ccccc1)N,0
COc1cc2c(Nc3ccc(C#N)cc3)ncnc2cc1OCCCN1CCC(c2ccccc2)CC1,0
COc1cc2c(cc1OC)C(=O)C(CC1CCN(Cc3ccccc3)CC1)C2,1
C1CCC2C(C1)O2,0
COc1ccc(c2occc2c2cc(OC)c(OC)c(OC)c2)cc1,1
C/C=C\1/NC(=O)[C@H](CCO)NC(=O)C[C@@H](CCCCC)NC(=O)CNC(=O)[C@H](CC(C)C)NC(=O)[C@@H](C(C)C)NC(=O)[C@H]([C@@H](C)CC)NC(=O)[C@@H](CC(C)C)NC(=O)[C@@H](Cc2ccccc2)NC(=O)[C@H](CCO)NC(=O)[C@@H]2C[C@@H](O)CN2C1=O,1
CC(=O)Nc1ccc(cc1)O,0
Cc1cnccc1,0
O=[N+]([O-])c1ccc(NC(CCl)CCl)c(C(F)(F)F)c1,1
CCCCC(CC)CN,0
c1ccc(cc1)C1(C(=O)NC(=O)N1)c1ccccc1,0
CCCCOC(=O)[C@]12CC[C@@H](C)[C@H](C)[C@H]1C1=CC[C@@H]3[C@@]4(C)CC[C@H](O)C(C)(C)[C@@H]4CC[C@@]3(C)[C@]1(C)CC2,1
CCOC(=O)[C@]12CC[C@@H](C)[C@H](C)[C@H]1C1=CC[C@@H]3[C@@]4(C)CC[C@H](O)C(C)(C)[C@@H]4CC[C@@]3(C)[C@]1(C)CC2,1
c1cc2c3c(c1)ccc1cccc(c31)cc2,0
c1cc(c(c(c1)Cl)C(=O)Cl)Cl,0
c1cc(ccc1C(CN)O)O,0
COc1cc2c(Nc3ccc(C#N)cc3)ncnc2cc1OCCCN1CCC(N2CCCCC2)CC1,1
CCCCOCCO,0
O=C(CCCCCCCCn1cc(c2cccnc2)nn1)Nc1ccccc1Cc1ccccc1,1
Cc1cc(=O)c(O)cc2c1C[C@H]1C[C@H](O)[C@@]3(C)Oc4cc(O)c(=O)cc(C)c4C[C@H]3CC(C)(C)/C=C/C[C@]1(C)O2,1
CC(=C)CCl,0
CCNC(=O)c1cc(Sc2cnc(Nc3ccccn3)s2)ccc1C,1
c1cc(ccc1c1coc2cc(cc(c2c1=O)O)O)O,1
CCCOCC(C)OCC(C)O,0
c1cc(c(cc1Cl)N)Cl,0
Cc1c(C)c2c(c(C)c1O)CCC(C)(C(=O)O)O2,1
Cc1c(c2c(cc1)C(=O)c1ccccc1C2=O)N,0
CCCCC(CC)COC(=O)c1ccc(cc1)N(C)C,0
CN(CCCNC(=O)c1ccc(Cl)cc1)Cc1ccccc1,1
C[N+]1(CCOc2cnc3-c4c(C(=O)c5c3c2ccc5)cccc4)CCCC1,0
Cc1c(ccc(c1)O)Cl,0
c1ccnc(c1)Cl,0
CC(=O)c1ccc(cc1)S(=O)(=O)NC(=O)NC1CCCCC1,0
COc1cc(c(cc1)N)OC,0
CCCC(=O)c1cc(c(cc1O)O)O,1
C=C1C(=O)[C@@]23[C@@H](C[C@H](O)[C@@H]1[C@H]2O)[C@]1(C)[C@@H](O)CCC(C)(C)[C@H]1C[C@H]3O,1
c1cc2cc(c1)Nc1nccc(n1)Nc1cccc(c1)Nc1nccc(n1)N2,1
CCOC(=O)CBr,0
COc1cc(c2cc(NC(=O)Nc3ccc(OCCCN4CCOCC4)cc3)cc(OC)c2OC)ccc1/C(=N/O)/C,1
O=C(NCCNc1cccc2ccccc12)C1CCN(Cc2ccccc2)CC1,1
CCCCCCCC[N+](CCCCCCCC)(CCCCCCCC)CCCCCCCC,1
c1ccc2c(c1)[nH]c(n2)NC(=O)N,0
CCCCOC(=O)c1ccc(cc1)N,0
CC(C)CCOC(=O)C,0
CCOc1ccc(cc1)NC(=O)C,0
COc1cc(CNc2ccc(Nc3c4c(nc5ccccc35)CCCC4)cc2)ccc1O,1
C1CCCNCC1,0
c1cc(ccc1N/N=C/1\C=CC(=O)C(=C1)C(=O)O)[N+](=O)[O-],0
CN(C)CCCNCCCN,0
CCNS(=O)(=O)c1ccc(cc1)C,0
C=C1C(=O)[C@@]23[C@@H]([C@@H](O)C[C@@H]1[C@H]2O)[C@]1(C)[C@@H](O)CCC(C)(C)[C@H]1C[C@H]3O,1
C=C1C(=O)[C@@]23[C@@H](CC[C@@H]1[C@H]2O)[C@]1(C)CC[C@H](OC(=O)C)C(C)(C)[C@H]1C[C@H]3O,1
c1ccc(cc1)c1cc(ccc1)Br,0
COc1cccc(c2cnc(N)nc2c2c[nH]c3c(Br)cccc23)c1,1
COc1ccccc1CNC(=O)C1CCN(Cc2ccccc2)CC1,1
c1ccc(cc1)C(=O)CCl,1
c1c(cc(c(c1Cl)O)Cl)Cl,0
C1C(O1)COCCCCOCC1CO1,1
CC[C@H](CO)Nc1nc(NCc2cccc(c3ccccn3)c2)c2ncn(C(C)C)c2n1,1
C[C@]12CC[C@H]3[C@@H](CC=C4C[C@@H](OC(=O)Cn5cc(COc6ccc(/C=C/C(=O)c7ccccc7)cc6)nn5)CC[C@]34C)[C@@H]1CCC2=O,1
C1Oc2c(O1)cc(cc2)C=O,0
COc1ccc(c2coc3cc(OCc4ccccc4)ccc3c2=O)cc1N(CCCl)CCCl,1
C(CBr)O,0
CC(=O)O[C@H]1CC[C@@]2(C)[C@@H](CC[C@]3(C)[C@@H]2CC=C2[C@@H]4[C@@H](C)[C@H](C)CC[C@]4(C(=O)NCCO)CC[C@@]32C)C1(C)C,1
O=C(CCCCCCn1cc(c2cccnc2)nn1)Nc1ccccc1c1ccccc1,1
COc1ccc(n2c(SCC(=O)c3ccc(OC(F)F)cc3)nc3ccccc23)cc1,0
Oc1ccc(Cl)c(Nc2ncnc3c2cnn3CC(Cl)c2ccccc2)c1,1
C[C@@H]1CC[C@H]2[C@@](C)(C(=O)Nc3cccc(NC(=O)[C@@]4(C)O[C@@H]5O[C@@]6(C)CC[C@H]7[C@H](C)CC[C@@H]4[C@@]57OO6)c3)O[C@@H]3O[C@@]4(C)CC[C@@H]1[C@@]23OO4,1
C1c2cc(c(cc2[C@@H]2[C@]1(COc1c2ccc(c1O)O)O)O)O,1
c1ccnc(c1)NS(=O)(=O)c1ccc(cc1)N/N=C\1/C=CC(=O)C(=C1)C(=O)O,0
CN(C)C(=S)[S-],1
CN(CCCNC(=O)c1ccc(C(C)(C)C)cc1)Cc1ccccc1,0
CN(C)c1ccc(cc1)Cc1ccc(cc1)N(C)C,0
CC(=CCC/C(=C/COC(=O)C)/C)C,0
CC(=O)OC(=O)C,0
C/C=C(/NC(=O)[C@H](CCO)NC(=O)C[C@H](N)CCCCC)\C(=O)N1C[C@H](O)C[C@H]1C(=O)N[C@@H](CCO)C(=O)N[C@H](Cc1ccccc1)C(=O)N[C@H](CC(C)C)C(=O)N[C@H](C(=O)N[C@@H](C(=O)N[C@@H](CC(C)C)C(=O)O)[C@@H](C)CC)[C@@H](C)CC,1
CC[C@H](CO)Nc1nc(c2ccccc2)c2ncn(C(C)C)c2n1,1
CC(C)CCCC(C)CCCC(C)CCCC(C)(C=C)O,0
COc1ccc(/C=C/C(=O)/C=C/c2nc3c(C)c(C)ccc3n2C)cc1O,1
OC[C@H]1O[C@@](CO)(OC2O[C@H](COC3O[C@H](CO)[C@H](O)[C@H](O)[C@H]3O)[C@@H](O)[C@H](O)[C@H]2O)[C@@H](O)[C@@H]1O,1
CN(C)c1ccc(cc1)N(C)C,1
CC(C)OC(=O)C,0
CN1CCCC1c1cnccc1,0
c1cc2c(cc1[N+](=O)[O-])C(=O)OC2=O,0
C[C@]12CC[C@H]3[C@@H](CC=C4C[C@@H](OC(=O)Cn5cc(COc6ccc(C(=O)/C=C/c7ccc(Cl)c(Cl)c7)cc6)nn5)CC[C@]34C)[C@@H]1CCC2=O,1
C(C(=O)O)Cl,0
CCN(CC)C(=O)O/N=C\1/C(=C\2/C(=O)Nc3cc(Br)ccc23)/Nc2ccccc12,1
CC(C)OCC1CO1,0
C1Oc2c(O1)cc(cc2)O,0
CCO,0
C1OCOCO1,0
CN(C)CCCC(=O)Nc1ccc2-c3nccc4cccc(C(=O)c2c1)c34,1
c1cc(cc(c1)Cl)C(F)(F)F,0
Nc1ncc(I)c(c2c[nH]c3c([N+](=O)[O-])cccc23)n1,1
CCSC(=O)N1CCCCCC1,0
C(CO)N(CCO)N=O,0
CC(=O)Nc1ccc(C2=CC(c3ccc(Cl)cc3Cl)n3nc(CCCO)nc3N2)cc1,1
CC(=O)c1ccc(c2cnc(N)nc2c2c[nH]c3ccc(Br)cc23)cc1,1
C[C@]12CC[C@H]3[C@H]([C@@H]1CC[C@]2(C)O)CC[C@@H]1[C@@]3(C/C(=C/O)/C(=O)C1)C,1
[O-][Cr](=O)(=O)O[Cr](=O)(=O)[O-],1
COc1cc([C@@H]2c3cc4c(cc3[C@@H](Nc3nnc(c5ccccc5)o3)[C@H]3COC(=O)[C@H]23)OCO4)cc(OC)c1OC,1
COc1nc(c2ccnc(NC(=O)C3CC3)c2)sc1C(=O)NCCCNc1c2c(nc3cc(Cl)ccc13)CCCC2,0
Nc1nccc(c2c[nH]c3ncc(c4ccc(Cl)cc4)cc23)n1,1
C[C@H]1CCCC(=O)CCC/C=C/c2c(c(cc(c2)O)O)C(=O)O1,1
COc1cc(/C=C/C(=O)CC(=O)/C=C/c2ccc(O)c(OC)c2)ccc1O,1
Clc1cccc(C(c2ccc3nc[nH]c3c2)n2ccnc2)c1,1
C(=O)(C(Cl)(Cl)Cl)O,0
COc1ccc(/C=C(\C)/C(=O)c2cc(OC)c(OC)c(OC)c2)cc1O,1
CCCCOC(=O)NCCc1nc(c2ccc(CC(C)C)cc2)c[nH]1,1
C/C(=C\C=C\C=C(\C=C\C=C(\C=C\C(=O)O)/C)/C)/C=C/C=C(/C=C/C(=O)O)\C,1
CC(=C1NC(=O)C(=C(C[C@H](C[C@H](C)O)Nc2ccccc2)Nc2ccccc2)C1=O)C,0
COc1cc2c(Nc3cccc(C#N)c3)ncnc2cc1OCCCN1CCC(C)CC1,0
FC(F)(F)c1ccc(COc2ccc(Nc3ncnc4cc5c(cc34)OCCOCCO5)cc2)cc1,0
COc1cc(/C=C/c2cn(/C=C/c3ccccc3)nn2)cc(OC)c1OC,1
CC1=C(C(C(=C(N1)C)C(=O)OC)c1ccccc1[N+](=O)[O-])C(=O)OC,1
CC(C)(O)CC[C@@H]1OC(C)(C)O[C@]1(C)[C@H]1CC=C2C3=CC(=O)[C@@H]4C[C@H]5OC(C)(C)O[C@H]5C[C@]4(C)[C@H]3CC[C@]12C,1
CN(CCOC(=O)/C=C/C(=O)c1ccc(F)cc1)C(C(=O)NC(C)(C)C)c1ccc(F)cc1,0
COc1cccc(c2cnc(N)nc2c2c[nH]c3cccc(Br)c23)c1,1
CCCNC(=O)NS(=O)(=O)c1ccc(cc1)Cl,0
O=C1Nc2cc(Br)ccc2/C/1=C\1/Nc2ccccc2/C1=N\OCCBr,1
c1cc(cc(c1)Cl)[N+](=O)[O-],0
C1C(O1)COc1cc(ccc1)OCC1CO1,1
Cc1ccccc1,0
C[C@@H]1CC[C@H]2[C@@H](C)[C@H](N3CCN(Cc4ccc(F)cc4)CC3)O[C@@H]3O[C@@]4(C)CC[C@@H]1[C@@]23OO4,1
O=[N+]([O-])c1ccc(COc2ccccc2Nc2ncnc3cc4c(cc23)OCCOCCOCCO4)cc1,0
CC(C)c1ccccc1,0
CC(C)NCC(COc1cccc2ccccc12)O,0
CC(C)(c1ccc(cc1)O)c1ccc(cc1)O,0
COc1ccc2c(c1)C/C(=C/c1ccccc1c1ccccc1)/C2=O,0
CC(C)(C)OC=O,0
CO[Si](CCCNCCC[Si](OC)(OC)OC)(OC)OC,0
CC[C@H](C)[C@H]1C(=O)N[C@H](Cc2cc(Cl)c(O)c(Cl)c2)C(=O)N[C@@H](C(C)(C)O)C(=O)O[C@H](c2ccccc2)[C@H](C)/C=C/C=C(\C)/[C@H](OC)C[C@@H]2O[C@@]2(C)C(=O)N1C,0
CC(C)(c1ccccc1)OO,1
COc1c2ccc(=O)oc2cc2c1cco2,0
CCCOc1ccnc2[nH]cc(c3ccnc(N)n3)c12,1
CCCCCCc1ccc(cc1)c1ccc(cc1)C#N,0
CC(C)(C)OOC(C)(C)C,0
COc1ccc(c2nonc2c2cc(OC)c(O)c(OC)c2)cc1O,1
CC1=Cc2c(cc(C)oc2=O)OC1C,1
Cc1cc(NC(=O)c2cccc(n3cc(NC(=O)Nc4ccccc4Cl)cn3)c2)ccn1,0
c1ccc(cc1)Br,0
COc1cc(/C=C/C(=O)OCC2CCN(Cc3ccc([N+](=O)[O-])cc3)CC2)ccc1O,1
C/C=C/c1cc2c(cc1)OCO2,0
c1ccc(cc1)Nc1ccc(cc1)N=O,1
c1ccc2c(c1)ccc1cc3c(ccc4ccccc34)cc21,0
c1ccc2c(c1)c(c1ccccc1n2)N,1
CCOc1ccccc1C(=O)N,0
C/C(=C\C=C\C=C(/C)\C=C\C=C(\C)/C=C/C(=O)O)/C=C/C=C(\C)/C=C/C(=O)O,0
CN(Cc1ccccc1)Cc1ccc(/C=C/2\Cc3ccc(OCCCCCN4CCCCC4)cc3C2=O)cc1,0
C/C=C\1/NC(=O)[C@H](CCO)NC(=O)C[C@@H](CCCCC)NC(=O)CNC(=O)[C@H](CC(C)C)NC(=O)[C@@H]([C@@H](C)CC)NC(=O)[C@H]([C@@H](C)CC)NC(=O)[C@@H](CC(C)C)NC(=O)[C@@H](Cc2ccccc2)NC(=O)[C@H](CCO)NC(=O)[C@@H]2C[C@@H](O)CN2C1=O,1
Cc1c(C)c2ccc(OCC3CCCN(C)C3)cc2oc1=O,1
Cc1c(CCN)c2cc(F)ccc2n1Cc1ccccc1,0
c1cc(ccc1N)S(=O)(=O)O,0
c1cnc[nH]1,0
CC(=O)Oc1ccc(cc1)C(c1ccc(cc1)OC(=O)C)c1ccccn1,0
c1ccc(cc1)C=O,0
Cn1c(O)c(C2=Nc3ccccc3/C/2=N\OCCN2CCCC2)c2cccc(Br)c12,1
C1C(O1)c1ccccc1,0
c1cc(c(cc1N)[N+](=O)[O-])N,0
C(=S)(N)NNC(=S)N,0
CC(C)CCC[C@@H](C)[C@H]1CC[C@H]2[C@@H]3C/C(=N\O)/[C@@]4(O)C[C@@H](O)CC[C@]4(C)[C@H]3CC[C@]12C,1
C1c2c(c(ccc2)O)C(=O)c2c1cccc2O,0
CN(CCCl)CCCl,1
C[C@]12CC[C@H]3[C@@H](CC=C4C[C@@H](OC(=O)Cn5cc(COc6cc(=O)oc7ccccc67)nn5)CC[C@]34C)[C@@H]1CCC2=O,1
CCCCCCC(C(=O)NC1CCCCC1)N(CCc1ccccc1)C(=O)CCCCCC(=O)NO,1
CC1CC2=C(CC1(C)C(=O)C)C(CCC2)(C)C,0
C(=C\c1cn(/C=C/c2ccccc2)nn1)/c1ccccc1,1
C1C(C(OC1n1cc(c(=O)[nH]c1=O)Br)CO)O,0
O=C(NCCCN1CCOCC1)c1ccc(Cl)cc1,1
c1(nc(nc(n1)Cl)Cl)Cl,1
COc1ccc(cc1)C=O,0
c1ccc(cc1)N=[N+](c1ccccc1)[O-],0
C(CCl)OP(=O)(OCCCl)OCCCl,0
CCOC(=O)CC(C(=O)OCC)SP(=S)(OC)OC,1
C(CCl)Cl,0
Clc1ccc2c(NCCCNCCCOc3cccc4[nH]c5ccccc5c34)c3c(nc2c1)CCCC3,1
CC(=C1NC(=O)C(=C(C[C@@H](C[C@H](C)O)Nc2ccccc2)Nc2ccccc2)C1=O)C,1
CC(=CCCC(=C)C=C)C,0
CC(=O)CC(=O)Nc1ccccc1,0
c1cc(c2c(c1[N+](=O)[O-])C(=O)c1c(ccc(c1C2=O)O)[N+](=O)[O-])O,1
CN(C)CCOC(=O)C=C,0
CCCSc1nnc(N2C(=O)C(=C(C(=O)c3ccco3)C2c2ccccc2F)O)s1,1
COc1cc(/C=C/C(=O)/C=C/c2nc3cc(Cl)ccc3n2C)ccc1O,1
C/C=C/c1cc(c(cc1)O)OC,0
O=C(O)Cc1ccc(c2ccc(C(F)(F)F)cc2)c(c2ccc(C(F)(F)F)cc2)c1,1
c1cc(cc(c1)[N+](=O)[O-])C(=O)N,0
COc1cc2c(Nc3ccc(C#N)cc3)ncnc2cc1OCCCN(C)Cc1ccccc1,1
O=C(CCCCCCCn1cc(c2cccnc2)nn1)NCC(c1ccccc1)c1ccccc1,1
CC(C)[C@H](CO)Nc1nc(Nc2ccc(c3ccccc3)cc2)c2ncn(C(C)C)c2n1,1
c1ccc(c2ccc(c3c[nH]c(CCC4CCCCC4)n3)cc2)cc1,1
CCCCN(CCCC)CCO,0
CCn1ccc(c2cnc(N)c(O[C@H](C)c3c(Cl)ccc(F)c3Cl)c2)cc1=O,1
C/C=C/1\CC2CC1C=C2,0
C[C@H]1C[C@@H](C(=O)[C@@H](C1)[C@@H](CC1CC(=O)NC(=O)C1)O)C,1
COc1ccc(/C=C\c2cc(OC)c(OC)c(OC)c2)cc1OCCN(CCCl)CCCl,1
CCCCCl,0
CC[N+](CC)(CC)CCCCCCOc1ccc(/C=C/c2ccccc2)cc1,1
O=C(N/N=C/c1ccc(F)cc1)c1ccc(CN2CCCC(O)C2)cc1,0
CC1=CC(=O)[N-]S(=O)(=O)O1,0
CN(CCCNC(=O)c1ccc(Cl)cc1)CCc1ccccc1,0
CCC/C=N/O,0
c1cc2c(c(c1)O)nccc2,1
COc1cc2c(Nc3cccc(C#N)c3)ncnc2cc1OCCCN1CCCC1,1
COc1c(ccc(c1)/C=C/C(=O)CC(=O)/C=C/c1cc(c(cc1)O)OC)O,1
c1cc(cc(c1)[N+](=O)[O-])C(=O)Cl,0
Nc1ncc(I)c(c2c[nH]c3ccc(Br)cc23)n1,1
c1ccc(cc1)NNc1ccccc1,0
Cc1ccccc1OCC1CO1,0
CCCCOC(=O)c1ccccc1C(=O)OCCCC,0
CN1CCN(CCOc2ccc3c4c(-c5ccccc5C3=O)nccc24)CC1,1
CC(C)COC(=O)NCCc1nc(c2ccc(c3ccccc3)cc2)c[nH]1,1
COC(=O)CC#N,0
NC(=O)c1cc[n+](C/C=C/C[n+]2cc(Cl)c(/C=N/O)c(Cl)c2)cc1,1
COc1cc([C@@H]2c3cc4c(cc3[C@@H](Nc3nnc(C)o3)[C@H]3COC(=O)[C@H]23)OCO4)cc(OC)c1O,1
C1COC1,0
c1ccc(c(c1)Nc1nc(nc(n1)Cl)Cl)Cl,0
CC(C)(C(=O)O)O,0
CC12CCC3C(C1CCC2O)CCC1=CC(=O)CCC31C,0
CCCCCCc1nc(c2ccc(c3ccccc3)cc2)c[nH]1,1
C[C@@H]1CC[C@H]2[C@@H](C)[C@H](N3CCN(c4ccc(C(F)(F)F)cc4)CC3)O[C@@H]3O[C@@]4(C)CC[C@@H]1[C@@]23OO4,1
Cc1ccccc1C,0
COc1ccc(c2coc3cc(OC4CCCC4)ccc3c2=O)cc1N(CCCl)CCCl,1
CC(Cn1ncc2c(Nc3cc(O)ccc3Cl)nc(NCCN)nc12)c1ccccc1,0
c1ccc(cc1)/C=C\c1ccccc1,0
C(SC#N)SC#N,1
C[C@]12CC[C@H]3[C@@H](CC=C4C[C@@H](OC(=O)Cn5cc(COc6ccc(C(=O)/C=C/c7ccc([N+](=O)[O-])cc7)cc6)nn5)CC[C@]34C)[C@@H]1CCC2=O,1
CN(C)CCO/N=C\1/C(=C\2/C(=O)Nc3cc(Br)ccc23)/Nc2ccccc12,1
CC(C)CC(=O)C,0
O=C1Nc2cc(Br)ccc2/C/1=C\1/Nc2ccccc2/C1=N\OCCN1CCOCC1,1
COc1ccc2c3c1O[C@H]1C[C@@H](O)C=C[C@@]31CCN(CCCCCC(=O)NC13CC4CC(C)(CC(C)(C4)C1)C3)C2,1
COc1ccc2c3c1O[C@H]1C[C@@H](O)C=C[C@@]31CCN(CCCCCCCNC13CC4CC(C)(CC(C)(C4)C1)C3)C2,1
c1ccc2c(c1)cccn2,0
COc1ccc(c2cocc2c2cc(OC)c(OC)c(OC)c2)cc1O,1
CCOc1cc(/C=C/2\CN(C(=O)CCC(=O)NCCCNCCCN)C/C(=C\c3ccc(O)c(OCC)c3)/C2=O)ccc1O,1
C1CSSC1CCCCC(=O)O,0
Nc1nccc(c2c[nH]c3c([N+](=O)[O-])cccc23)n1,1
C1CCC(CC1)N=C=NC1CCCCC1,0
CC(=O)N[C@H]1CCc2cc(c(c(c2-c2ccc(c(=O)cc12)OC)OC)OC)OC,1
CCc1nccc(c1)C(=S)N,0
C=C1C(=O)[C@@]23[C@@H](CC(=O)[C@@H]1[C@H]2O)[C@]1(C)CC[C@H](OC(=O)C)C(C)(C)[C@H]1C[C@H]3O,1
c1ccc(CCNc2nccc(c3c[nH]c4ncccc34)n2)cc1,1
Cc1c(cc(cc1)[N+](=O)[O-])[N+](=O)[O-],0
c1cc(ccc1C(c1ccc(cc1)Cl)(C(Cl)(Cl)Cl)O)Cl,0
COc1cccc(c2cnc(N)nc2c2c[nH]c3cc(Br)ccc23)c1,1
CCCC(=O)OC(=O)CCC,0
CC(C)(C)OO,0
CCCCOCCOP(=O)(OCCOCCCC)OCCOCCCC,0
C(=O)(N)NN,0
N=C(N)c1ccc(Nc2ncnc(Nc3ccc(S(=O)(=O)N)cc3)c2[N+](=O)[O-])cc1,1
Cc1cc(cc(c1N)C)c1cc(c(c(c1)C)N)C,0
CCCCCCCC/C=C\CCCCCCCC(=O)N(CCO)CCO,1
CCCBr,0
CC(CCC=C(C)C)CCO,0
CN(C)c1ccc(cc1)N,1
Cc1c2ccc3ccccc3c2c(c2ccccc12)C,1
COc1ccc(C(CO)C(O)CO)c2oc3c(O)c(O)cc(O)c3c(=O)c12,1
C=C1[C@@H]2CC(=O)[C@H]3[C@]4(C)CCC[C@](C)(CO)[C@H]4C[C@@H](O)[C@@]3([C@@H]1O)[C@@H]2O,1
O=C1Nc2cc(Br)ccc2/C/1=C\1/Nc2ccccc2/C1=N\OCCN1CCN(CCO)CC1,1
C[C@@H]1CC[C@H]2[C@@H](C)[C@H](Nc3ccc(SC(F)(F)F)cc3)O[C@@H]3O[C@@]4(C)CC[C@@H]1[C@@]23OO4,1
CCC1(C(=O)NCNC1=O)c1ccccc1,0
CCCCCCCCCCCC(=O)O,0
c1cc(cc(c1)[N+](=O)[O-])[N+](=O)[O-],0
O=C(NCCN1CCOCC1)c1ccc(Cl)cc1,1
O=C1Nc2cc(Br)ccc2/C/1=C\1/Nc2ccccc2/C1=N\OCCO,1
CCCCC(CC)C(=O)O,0
CC(C(O)c1ccc(O)cc1)N1CCC(Cc2ccccc2)CC1,1
CC(COc1ccccc1)N(CCCl)Cc1ccccc1,1
COc1cc2c(ccnc2cc1)C(C1CC2CCN1CC2C=C)O,0
CCN(CC)C(=O)c1cc(ccc1)C,0
COc1cc(c(cc1C=O)OC)OC,0
c1ccc(cc1)S(=O)(=O)O,0
c1ccc(cc1)NC=O,0
O=C(O)c1ccc(N/C=N/NC(=O)c2ccccc2F)cc1O,1
CC(C)N=C=NC(C)C,0
Cc1c(cc(cc1)O)C,0
CCCCCCCCCCCCOCC1CO1,0
c1ccc(cc1)C(=O)N,0
CC1C2CC2(CC1=O)C(C)C,0
C1C(C(C(CC1(C(=O)O)O)OC(=O)C=Cc1cc(c(cc1)O)O)O)O,0
C=C1C(=O)[C@@]23[C@@H](C(=O)[C@H](O)[C@@H]1[C@H]2O)[C@]1(C)CCCC(C)(C)[C@H]1C[C@H]3O,1
CCOc1cc2c(cc1)nc(s2)N,0
CC1=C2CC[C@@](C)(O)[C@@H]2[C@H]2OC(=O)[C@@H](CN(C)C)[C@@H]2CC1,0
CC1CCC(=C(C)C)C(=O)C1,0
CCCCCCCN,0
CCN(CC)CCC(=O)Nc1ccc2-c3nccc4cccc(C(=O)c2c1)c34,1
Cc1cc(ccc1)C,0
CCOC(=O)c1ccccc1N,0
c1ccc(cc1)S(=O)(=O)Cl,1
O=C(NCCc1nc(c2ccc(c3ccccc3)cc2)c[nH]1)OC1CCCCC1,1
CCN(c1ccccc1)C(=O)N(CC)c1ccccc1,0
CC(C)(C)n1nc(c2ccc(Cl)cc2)c2c(N)ncnc12,1
Cn1cc(SCC(=O)N2N=C(c3cccs3)CC2c2ccc(F)cc2)c2ccccc12,1
CCCCCc1cc(O)c2c(c1)OC(C)(C)[C@@H]1CCC(=C[C@@H]21)C,1
O=C1c2ccccc2-c2nccc3c(OCCN4CCCCC4)ccc1c23,1
O=[N+]([O-])c1ccc(COc2ccc(Nc3ncnc4cc5c(cc34)OCCOCCOCCOCCO5)cc2)cc1,1
c1ccc(cc1)C(Cl)(Cl)Cl,0
c1ccc(cc1)CSCc1ccccc1,0
C(C(Cl)(Cl)Cl)(Cl)(Cl)Cl,0
CC(C)(C)c1c(ccc(c1)O)O,1
CCCCOC(=O)c1ccccc1C(=O)OCc1ccccc1,0
CCCCCC[N+](=O)[O-],0
c1cc(c(cc1C=O)Cl)Cl,0
COc1cccc(c1)N,0
C=CCNC(=S)N,0
CCCCN1C(=O)c2[nH]nc(c3ccccc3O)c2C1c1ccc(OCC)cc1,1
c1c(c(cc(c1Cl)Cl)Cl)c1cc(c(cc1Cl)Cl)Cl,0
COc1ccc(/C(=N/O)/C(=N\O)/c2cc(OC)c(OC)c(OC)c2)cc1O,1
CCCCC[C@@H](CCCCCCCCCCCc1cc(O)cc(O)c1Cc1c(O)c(C)cc(C(=O)C)c1O)OS(=O)(=O)O,0
C1CCC(=O)CC1,0
COc1ccc(/C=C\c2cc(OC)c(OC)c(OC)c2)cc1N(CCO)CCO,1
COc1ccc(c2coc3cc(OCCC(C)C)ccc3c2=O)cc1N(CCCl)CCCl,1
O=C1Nc2ccc(Br)cc2/C/1=C\1/Nc2ccccc2/C1=N\O,1
C(C(=O)O)C(CC(=O)O)(C(=O)O)O,0
CC(C)[C@H](O)C(=O)N[C@@H](C)C(=O)N[C@@H]1C(=O)N(C)CCc2ccccc12,1
CC(C)(C(=O)Nc1cc(c(cc1)[N+](=O)[O-])C(F)(F)F)O,0
C1CC(C(C(C1OC(=O)C=Cc1cc(c(cc1)O)O)O)O)(C(=O)O)OC(=O)C=Cc1cc(c(cc1)O)O,0
CCOC(=O)OCC,0
COc1ccc2nc3c(c(NCCCNC(=O)c4sc(c5ccnc(NC(=O)C6CC6)c5)nc4OC)c2c1)CCCC3,0
CC[N+](=O)[O-],0
CCCOC(=O)c1ccccc1C(=O)OCCC,0
CCn1cc(C(=O)O)c(=O)c2cc(F)c(N3CCN(/C=N/NC(=O)c4cccc(F)c4)CC3)cc12,1
COc1ccc(cc1)N,0
COc1cc2c(Nc3ccc(C#N)cc3)ncnc2cc1OCCCN1CCCCC1,1
COc1cc(N2CCN(C)CC2)ccc1Nc1nc(N)n(C(=O)NCc2c(Cl)cccc2Cl)n1,1
CSc1ccc(cc1)C=O,0
c1cc(ccc1N)S(=O)(=O)c1ccc(cc1)N,0
CCOC(=O)N1CCN([C@@H]2O[C@@H]3O[C@@]4(C)CC[C@H]5[C@H](C)CC[C@@H]([C@H]2C)[C@@]35OO4)CC1,0
COc1ccc(/C=C/c2cn(/C=C/c3cccc(OC)c3)nn2)cc1,1
CCN(CC)c1cc2c(cc1)c(cc(=O)o2)C,0
CCOc1ccnc2[nH]cc(c3ccnc(N)n3)c12,1
COc1c(c2c[n+]3c(-c4cc5c(cc4CC3)OCO5)cc2cc1)OC,0
CCCCCCCCCCCCOS(=O)(=O)[O-],0
C/C=C/1\C(=O)C[C@@H]2[C@@]1(CC[C@H]1[C@H]2CCC2=CC(=O)CC[C@]12C)C,1
C[C@@H]1CC[C@H]2[C@@H](C)[C@H](N3CCN(Cc4cccc(F)c4)CC3)O[C@@H]3O[C@@]4(C)CC[C@@H]1[C@@]23OO4,1
COc1cc2c(cc1OC)C(=O)C(OC(=O)C1CCN(Cc3ccccc3)CC1)C2,0
C[C@@H]1CC[C@H]2[C@@H](C)[C@H](N3CCN(c4cccc(C(F)(F)F)c4)CC3)O[C@@H]3O[C@@]4(C)CC[C@@H]1[C@@]23OO4,1
O=C(Nc1cc(c2cn(CCNc3c4c(nc5ccccc35)CCCC4)nn2)ccn1)Nc1cccc2c1C1CCCCN1C2=O,0
O=[N+]([O-])c1ccc(COc2cccc(Nc3ncnc4cc5c(cc34)OCCOCCOCCOCCO5)c2)cc1,1
c1ccc(CCCCN2CCCc3[nH]c4ccccc4c3C2)cc1,1
CC[C@H](CO)Nc1nc(NCc2cccnc2)c2ncn(C(C)C)c2n1,1
CN1CN(C(=S)SC1)C,1
C=Cc1ccccc1,0
COc1cc(/C=C/C(=O)/C=C/c2nc3cc(C)ccc3n2C)ccc1O,1
c1ccc(c(c1)C(=O)O)[N+](=O)[O-],0
c1cc(cc(c1)[N+](=O)[O-])N,0
c1c(c(cc(c1Br)Br)Br)Oc1cc(c(cc1Br)Br)Br,0
C[C@@H](O)[C@@]1(O)C(=O)N2C(C)(C)[C@@H]3Cc4cccc5c4[C@@]4(O[C@@]1(O)[C@@]2(O)[C@H]34)C(=O)N5C,1
CC(=O)c1ccc(c2cnc(N)nc2c2c[nH]c3c(Br)cccc23)cc1,1
CC(=CCc1cc2c3c(c1)N(C)C(=O)[C@@]13O[C@]3(O)[C@@H](O)C(=O)N4C(C)(C)[C@H](C2)[C@H]1[C@]34O)C,1
CN(CCCNS(=O)(=O)c1ccc(Cl)cc1)Cc1ccccc1,0
Cc1cc(c(cc1)C)OCCCC(C)(C)C(=O)O,0
Cc1[nH]c2ccc(F)cc2c1CC(NCc1ccccc1)c1ccccc1,1
CN(C)C(=O)Nc1ccc(cc1)Cl,0
C(=C\c1ccc(OCCCCCCCCCC[P+](c2ccccc2)(c2ccccc2)c2ccccc2)cc1)/c1ccccc1,1
C(C(CCl)O)Cl,0
C(C(=C(CO)Br)Br)O,0
O=C1Nc2cc(Br)ccc2/C/1=C\1/Nc2ccccc2/C1=N\OCCN(CCO)CCO,1
CN(C)CCCNc1ccc2c3c(-c4ccccc4C2=O)nccc13,1
O=C(Cn1cc(CNC2(c3ccccc3F)CCCC2)c2ccccc12)NC1CC1,1
CCNc1ccccc1,0
C[C@@H](Oc1cc(c2cc[nH]c(=O)c2)cnc1N)c1c(Cl)ccc(F)c1Cl,1
CC(COC(=O)C(=C)C)O,0
CO[C@H]1[C@@H](C[C@@H]2CN3CCc4c([C@H]3C[C@@H]2[C@@H]1C(=O)OC)[nH]c1c4ccc(c1)OC)OC(=O)c1cc(c(c(c1)OC)OC)OC,1
C1CCC2CCCCC2C1,0
CN(CCCNC(=O)c1cccc(Br)c1)Cc1ccccc1,1
CCOP(=S)(OCC)SCSC(C)(C)C,0
O=[N+]([O-])c1ccc(COc2ccccc2Nc2ncnc3cc4c(cc23)OCCOCCO4)cc1,0
CC(COC(C)(C)C)O,0
COc1cc(c(cc1)C(=O)c1ccccc1)O,0
CN(CCCNC(=O)c1ccc(Br)cc1)Cc1ccccc1,0
c1cc(c(c(c1)Cl)C(=O)O)Cl,0
CCOC(=O)C1=C(CC)NC(=CC1c1ccccc1)c1ccccc1,1
CC(=O)Nc1ccc(c2cnc(N)nc2c2c[nH]c3c(Br)cccc23)cc1,1
CC1CC(OC(O1)C)OC(=O)C,0
C([N+](=O)[O-])(Br)Br,1
c1cc(ccc1c1coc2c(c1=O)ccc(c2)O)O,0
CN(C)CCN(Cc1ccc(cc1)OC)c1ccccn1,0
COc1cc2c(Nc3ccccc3C#N)ncnc2cc1OCCCN1CCOCC1,1
c1cc(ccc1/C=C/C(=O)O)/C=C/C(=O)O,0
FC(F)(F)c1ccc(COc2ccc(Nc3ncnc4cc5c(cc34)OCCOCCOCCO5)cc2)cc1,1
CNC(=O)c1ccccc1,0
C(=O)(N)/N=N/C(=O)N,0
c1cc(ccc1N)S(=O)(=O)N,0
CC[C@@H](CO)Nc1nc(NCc2ccccc2)n2ncc(C(C)C)c2n1,1
Nc1ccc2[nH]cc(c3nc(N)ncc3I)c2c1,1
c1ccc(cc1)C(=O)O,0
Fc1cnc2nc1Nc1cc(cc(C(F)(F)F)c1)Nc1ncc(Cl)c(n1)Nc1cc(cc(C(F)(F)F)c1)N2,0
Cc1cnc2nc1Nc1cc(cc(C(F)(F)F)c1)Nc1ncc(C)c(n1)Nc1cc(cc(C(F)(F)F)c1)N2,1
CCC(C)(C)c1ccc(cc1)O,0
c1cc(c(cc1O)Cl)Cl,0
O=[N+]([O-])c1ccc(COc2cccc(Nc3ncnc4cc5c(cc34)OCCOCCO5)c2)cc1,1
Cc1cc(Nc2ncc3ncc(=O)n(c4ccc(N)cc4)c3n2)ccc1N1CCN(C)CC1,0
c1(c(c(c(c(c1Cl)Cl)Cl)Cl)Cl)[N+](=O)[O-],0
c1c(c(cc(c1Cl)Cl)Cl)[N+](=O)[O-],0
CC(C(=O)O)O,0
CC(=O)O[Hg]c1ccccc1,1
CC1CCCO1,0
Cc1c2c(ncc1)N(c1c(cccn1)C(=O)N2)C1CC1,0
C[C@@H]1CC[C@H]2[C@@](C)(C(=O)Nc3ccc(NC(=O)[C@@]4(C)O[C@@H]5O[C@@]6(C)CC[C@H]7[C@H](C)CC[C@@H]4[C@@]57OO6)cc3)O[C@@H]3O[C@@]4(C)CC[C@@H]1[C@@]23OO4,0
CCN(Cc1ccccc1)c1ccccc1,0
O=C(NCCc1nc(c2ccc(c3ccccc3)cc2)c[nH]1)OCC1CCCCC1,1
c1ccc(c(c1)C(=O)N)O,0
CCCC[C@H](c1ccc(C(F)(F)F)nc1)N1CC[C@@H](CC(=O)[O-])C[C@H]1c1ccc(C(F)(F)F)cc1,1
CC[C@H](CO)Nc1nc(Nc2ccc(c3ccncc3)cc2)c2ncn(C(C)C)c2n1,1
c1ccc2c(c1)cccc2CC(=O)O,0
COc1ccc(c2cc(C(=O)N/N=C(\C)/c3ccc(OC)c(OC)c3)[nH]n2)cc1,1
C(C(C(CC(=O)O)C(=O)O)C(=O)O)C(=O)O,0
Cc1ccc(cc1)CO,0
c1cc(c(cc1[N+](=O)[O-])[N+](=O)[O-])O,0
C/C(=C/c1ccccc1)/C=O,0
c1ccc(c(c1)C=O)Cl,0
CN(C)CCOc1cnc2-c3c(C(=O)c4c2c1ccc4)cccc3,1
CNc1ccc(cc1)O,1
CC(=C)C#N,0
Fc1cnc2nc1Nc1cc(cc(C(F)(F)F)c1)Nc1ncc(F)c(n1)Nc1cc(cc(C(F)(F)F)c1)N2,1
C/C=C(/NC(=O)[C@H](CCO)NC(=O)C[C@H](N)CCCCC)\C(=O)N1C[C@H](O)C[C@H]1C(=O)N[C@@H](CCO)C(=O)N[C@H](Cc1ccccc1)C(=O)N[C@H](CC(C)C)C(=O)N[C@H](C(=O)N[C@@H](C(=O)O)[C@@H](C)CC)[C@@H](C)CC,1
C1CNCc2ccccc12,0
CC12CC1(C(=O)N(C2=O)c1cc(cc(c1)Cl)Cl)C,0
CC1CCC(C2=C(CCC12)C)C=C(C)C(=O)O,0
COc1cc(c2cscc2c2ccc(C)c(F)c2)cc(OC)c1OC,1
c1cc(cc(c1)Cl)O,0
CN(CCNC(=O)c1ccc(Cl)cc1)Cc1ccccc1,1
O=[N+]([O-])c1ccc(NC(CO)CO)c([N+](=O)[O-])c1,1
CN(C)c1ccc(cc1)C(=N)c1ccc(cc1)N(C)C,1
CC(=O)NCCc1c[nH]c2c1cc(cc2)OC,0
Cc1ccccc1NC(=O)C,0
c1ccc2c(c1)nc(s2)SSc1nc2ccccc2s1,0
COC(=O)C(C1CCCCN1)c1ccccc1,0
c1c(cc(cc1Cl)Cl)Cl,0
C[C@@H]1CC[C@H]2[C@@H](C)[C@H](N3CCN(c4ccc(F)cc4)CC3)O[C@@H]3O[C@@]4(C)CC[C@@H]1[C@@]23OO4,1
CC1(C2C(C3C(C(=O)C(=C(C3(C(=O)C2=C(c2c1cccc2O)O)O)O)C(=O)N)N(C)C)O)O,0
CC(C)CC(C)Nc1ccc(cc1)Nc1ccccc1,1
C(CCl)C#N,0
Cc1c(cc(cc1)[N+](=O)[O-])C,0
c1c(oc(c1)C=O)CO,0
O=C(NCc1cccnc1)C1CCN(Cc2ccccc2)CC1,1
CC(C)(F)CC[C@@H]1OC(C)(C)O[C@]1(C)[C@H]1CC[C@@]2(O)C3=CC(=O)[C@@H]4C[C@H]5OC(C)(C)O[C@H]5C[C@]4(C)[C@H]3CC[C@]12C,1
O=C(N/N=C/Nc1ccc(C(=O)O)c(O)c1)c1cccc(F)c1,1
Cc1c(cc(cc1)N)Cl,0
c1cc(c(cc1Cl)Cl)Cl,0
Cc1cc(c(cc1C1(c2ccccc2S(=O)(=O)O1)c1cc(c(cc1C)O)C)C)O,0
Cc1cccc(c1)C#N,0
C(/C=C/CBr)Br,0
CCOP(=O)(CC)OCC,0
c1cc(ccc1CCO)[N+](=O)[O-],0
CCOC(=O)C=C,0
NC(=O)c1sc(c2ccnc(NC(=O)C3CC3)c2)nc1OCCNc1c2c(nc3ccccc13)CCCC2,1
COc1ccc(c2ccccc2/C=C\2/Cc3cc(OC)ccc3C2=O)cc1,0
CC1=CCC(CC1=O)C(=C)C,0
CCCCCNCCCCC,0
c1ccc(cc1)C(F)(F)F,0
C[C@]12CC[C@H]3[C@@H](CC=C4C[C@@H](OC(=O)Cn5cc(CN6C(=O)C(=O)c7cc(Br)ccc67)nn5)CC[C@]34C)[C@@H]1CCC2=O,1
COc1ccc(c2cocc2c2cc(OC)c(OC)c(OC)c2)cc1N,1
Cc1cnc2nc1Nc1cc(cc(N3CCOCC3)c1)Nc1ncc(C)c(n1)Nc1cc(cc(N3CCOCC3)c1)N2,0
COC(=O)Nc1nc2ccccc2[nH]1,1
CN(CCCNC(=O)c1cc(Cl)cc(Cl)c1)Cc1ccccc1,0
Cc1cccc2c1nccc2,0
C(C(F)(F)F)(Cl)Br,0
CN(CCCNC(=O)c1ccccc1Br)Cc1ccccc1,1
COc1cc(Nc2ncnc(Nc3ccc(C(=N)N)cc3)c2[N+](=O)[O-])cc(OC)c1OC,0
C1CCOC1,0
CC(=O)Nc1ccc(c2cnc(N)nc2c2c[nH]c3cccc(Br)c23)cc1,1
CC(C)n1cnc2c(Nc3ccc(Br)cc3)nc(c3ccncc3)nc12,1
COc1cc2c(-c3nc(NC(=O)C4CCN(Cc5ccccc5)CC4)sc3C2)cc1OC,1
c1nn(c(=O)nc1N)C1C(C(C(O1)CO)O)O,0
COc1cc2oc3c(OC)c(c4cc(CC=C(C)C)c(O)c(OC)c4)cc(OC)c3c2cc1OC,0
c1ccc2cc3-c4cccc5c4c(-c3cc2c1)ccc5,0
C[C@@H]1CC[C@H]2[C@@](C)(/C=C\COP(=O)(OC/C=C/[C@@]3(C)O[C@@H]4O[C@@]5(C)CC[C@H]6[C@H](C)CC[C@@H]3[C@@]46OO5)Oc3ccccc3)O[C@@H]3O[C@@]4(C)CC[C@@H]1[C@@]23OO4,1
C=C1C(=O)[C@@]23[C@@H](C[C@H](O)[C@@H]1[C@H]2O)[C@]1(C)CC[C@H](O)C(C)(C)[C@H]1C[C@H]3O,1
C=C1C(=O)[C@@]23[C@@H](C[C@H](O)[C@@H]1[C@H]2O)[C@]1(C)CCC[C@](C)(CO)[C@H]1C[C@H]3O,1
CN(CCCNC(=O)c1ccccc1)Cc1ccccc1,1
O=C(CCCCCCn1cc(c2cccnc2)nn1)Oc1ccccc1c1ccccc1,1
C1CCC(CC1)NC1CCCCC1,0
C[C@]12CC[C@H]3[C@@H](CC=C4C[C@@H](OC(=O)Cn5cc(CN6C(=O)C(=O)c7c(Cl)ccc(Cl)c67)nn5)CC[C@]34C)[C@@H]1CCC2=O,1
CCCCC(CC)COP(=O)(OCC(CC)CCCC)OCC(CC)CCCC,0
CC(C)n1cnc2c(NCc3ccc(c4ccccn4)cc3)nc(N[C@@H]3CCC[C@H](O)[C@@H]3O)nc12,1
COc1cc(N2CCN(C)CC2)ccc1Nc1nc(N)n(C(=S)NCc2ccccc2S(=O)(=O)C(C)C)n1,1
Cc1c(ccc(c1)C(=O)O)[N+](=O)[O-],0
c1ccc(cc1)N=Nc1ccccc1,0
C[C@@H](Oc1cc(c2ccn(Cc3ccccc3)c(=O)c2)cnc1N)c1c(Cl)ccc(F)c1Cl,1
CSc1nc(Nc2cc(O)ccc2Cl)c2cnn(CC(C)c3ccccc3)c2n1,1
c1ccc(c(c1)[N+](=O)[O-])O,0
