SMILES,active
C#CC1(O)CCC2C3C(CCC21C)C4=C(CC(=O)CC4)CC3C,1
FC(F)OC(F)(F)C(F)Cl,1
CC(C)C(CC(C)N(C)C)(C#N)C1=CC=CC=C1,0
NC=1C=CN(C2CSC(CO)O2)C(=O)N1,1
C[N+]1(C)CCC23C4=C5C=CC(O)=C4OC2C(O)C=CC3C1C5,1
CC1=CC(O)CC(C)(C)C1C=CC(C)=CC=CC(C)=CC=CC=C(C)C=CC=C(C)C=CC2=C(C)CC(O)CC2(C)C,1
BrC1=CC(Br)=C(C=C1Br)C2=CC(Br)=C(Br)C=C2Br,1
O=[N+]([O-])C1=CC=CC=C1,1
OC(C(O)C(=O)[O-])C(=O)[O-],0
CCOC1=CC=CC=C1OCC2CNCCO2,1
C[N+](C)(C)CCOC(=O)CCC(=O)OCC[N+](C)(C)C,1
NC1CCCCC1N,1
O=C1CN=C(C2=CC=CC=N2)C3=CC(Br)=CC=C3N1,1
CC(C)(C)NCC(O)COC1=CC=CC=2NC(=O)CCC12,1
NC(=O)NN=CC=1OC(=CC1)[N+](=O)[O-],1
CCC1=C(N=CC=2NC3=CC(OC)=C(OC)C=C3C12)C(=O)OC,1
CC(C)C1=CC=CC(C(C)C)=C1O,1
CCC1(C2=CC=CC=C2)C(=O)N=C([O-])NC1=O,1
C#CCNC(=O)OCC(CNC(=O)O)C(C)CCC,1
C=CC1(C)CC(=O)C2(O)C(C)(O1)C(OC(C)=O)C(O)C3C(C)(C)CCC(O)C32C,0
CCCCNC(=O)N1C(C2=CC=CC=C2)C3C(=O)C(C(C4=CC=CC=C4)NC3C5=CC=CC=C5)C1C6=CC=CC=C6,0
CC=1N=C2N(C(=O)C1CCN3CCC(C4=NOC5=CC(F)=CC=C45)CC3)CCCC2,1
CC1CC2C(C(O)CC3(C)C2CCC3(O)C(=O)COC(=O)CCC(=O)O)C4(C)C=CC(=O)C=C14,1
CCCNC(C)C(=O)NC=1C(C)=CSC1C(=O)OC,1
OC(CNCC1=CC=CC=C1)COC2CCCC2,1
O=C(C=CC1=CC=CC(S(=O)(=O)NC2=CC=CC=C2)=C1)NO,0
CCCCC(=O)N(CC1=CC=C(C2=CC=CC=C2C=3N=NNN3)C=C1)C(C(=O)O)C(C)C,0
CCCCC(C)CC(O)C=CC1C(O)CC(=O)C1CC(=O)CCCCC(=O)OC,0
C=CCC1(CC(C)C)C(=O)NC(=O)NC1=O,1
COC1=CC=C2CC3C4CCC(=NOCC(=O)O)C5OC1=C2C45CCN3C,0
O=C(O)C1=CC([O-])=C([O-])C(O)=C1,1
CC1OC2(CS1)CN3CCC2CC3,0
C1=CC=C(C2(C3CCCCC3)OCC(N4CCCCC4)CO2)C=C1,1
CC(N1N=C(N)CC1=O)C2=CC=C(Cl)C(Cl)=C2,1
CN1CCC(=C2C3=CC=CC=C3CC(=O)C=4SC=CC24)CC1,1
CCN(CC)CC(=O)NC1=C(C)C=CC=C1C,1
C=CCN=C=S,1
O=C(N)N1C2=CC=CC=C2C3OC3C4=CC=CC=C14,1
CC1(CCC2OCC(C[N+]3(C)CCCCC3)O2)OCC(C[N+]4(C)CCCCC4)O1,1
COC1=NC(C)=NC(=N1)N(C)C(=O)NS(=O)(=O)C2=CC=CC=C2C(=O)O,1
CCCCC(CC)(CO)COC(=O)NCCC,1
CCC(C)C(C)(CO)COC(=O)NC(C)C,1
CC1(C)C(=[N+](CCCCS(=O)(=O)[O-])C2=CC=C3C=CC=CC3=C12)C=CC=CC=CC=C4N(CCCCS(=O)(=O)[O-])C5=CC=C6C=CC=CC6=C5C4(C)C,1
CC1OC(OC2C(CO)OC(OC3C(CO)OC(O)C(O)C3O)C(O)C2O)C(O)C(O)C1NC4C=C(CO)C(O)C(O)C4O,0
COC1=CC=C(CCN)C=C1OC,1
CC(CN1CC(=O)NC(=O)C1)N2CC(=O)NC(=O)C2,1
COC1=CC=CC=C1N2CCN(CC(O)C3=CC=NC=C3)CC2,1
[O-]S(=O)(=O)CNNC(=O)C1=CC=NC=C1,1
NC(CS(C(C1=CC=CC=C1)C2=CC=CC=C2)=O)=O,1
CN(C)CCC=C1C2=CC=CC=C2SC3=CC=C(Cl)C=C13,1
CCC(C(=O)C(C)C(O)C(C)CCC1=CC=C(C)C(O)=C1C(=O)O)C2OC(CC)(C3CCC(O)(CC)C(C)O3)CC2C,1
CCCC1=NC(C(C)(C)O)=C(C(=O)O)N1CC2=CC=C(C3=CC=CC=C3C=4N=NNN4)C=C2,0
CC[N+]1(C)CCC(CC1)OC(=O)C(N2CCCCCC2)C3=NOC4=CC=CC=C34,0
CCOC1=CC=CC=C1OCCNC(C)CC2=CC=C(OC)C(=C2)S(=O)(=O)N,1
CC1=CC=CC(C)=C1NC(=O)C(C)N,1
O=C1NCCN1CCN2CCC(C3=CN(C4=CC=C(F)C=C4)C5=CC=C(Cl)C=C35)CC2,1
CN1C(=C([O-])NC2=CC=CC=N2)C(=O)C3=CC=CC=C3S1(=O)=O,0
C1=CC=C(C=C1)C2(C(=O)NC(=O)N2)C3=CC=CC=C3,1
CCCC[N+](CC)(CC)CCOCC[N+](C)(C)CC,1
O=C([O-])C=CC(=O)[O-],1
O=[N+]([O-])OC1COC2C(O[N+](=O)[O-])COC12,1
NC(=NC(CC(=O)O)C(=O)O)N,1
CC(C)OCC1(C)COC(OC1)C(C)C,0
CC1=CN=C(C=N1)C(=O)NCCC2=CC=C(C=C2)S(=O)(=O)NC(=O)NC3CCCCC3,1
CCC(=O)OC1(C(C)CC2C3CC(F)C4=CC(=O)C=CC4(C)C3(F)C(O)CC12C)C(=O)SCF,1
CC1=CC=CC(C)=C1C(OCCOCCN(C)C)C2=C(C)C=CC=C2C,0
C1CNP(=O)(OC1)N(CCCl)CCCl,1
COC1=CC=C(CCN2CCN(CC2)C3=CC(Cl)=CC=C3Cl)C=C1OC,1
CC1CCC2=C(C1)C3=C(OC2(C)C)C=C(C)C=C3OC(C)=O,0
O=P(O)(O)C(Cl)(Cl)P(=O)(O)O,0
CCN(CC)CCOC(=O)C1=CC=C(N)C=C1,1
CNC(=O)OC1=CC=CC=C1OC(C)C,1
COC(=O)C1=CC=CC=C1OC(=O)C2=CC=CC=C2,0
COC1=CC2=NC(N3CCN(C(=O)C4COC5=CC=CC=C5O4)CC3)=NC(N)=C2C=C1OC,1
CC(=C)C1=C(C)CC2C(C1)C2(C)C,1
CC(CC1=CC=C(O)C(O)=C1)(NN)C(O)=O,0
CC1=CC=C2C(=C1)C34CCCCC3C(C2)N(C)CC4,0
CC(=O)C1=CC=CC=C1C(=O)C,1
CCCCCCCCCCCCCCCC[N+]1=CC=CC=C1,1
COC1=CC=C(CCN2CCN(CC2)C3=CC=CC(Cl)=C3)C=C1OC,1
O=C1CC2(CCCC2)CC(=O)N1CCCCN3CCN(CC3)C4=NC=CC=N4,1
NC1=NC(N)=C2N=C(C3=CC=CO3)C(N)=NC2=N1,0
COC=1C=2OC(=CC(=O)C2C(OC)=C3C=COC13)CSC,0
CN(CCOC1=CC=C(C=C1)CC2C(=O)NC(=O)S2)C3=CC=CC=N3,1
BBBBBBBBBB,1
ClC1=CC=CC=C1C2=NCC(=O)NC3=CC=C(Br)C=C23,1
CNCCCN1C(=O)CN=C(C2=CC=CC=C2F)C3=CC(Cl)=CC=C13,1
CC(NCCCC1=CC=CC(C(F)(F)F)=C1)C2=CC=CC3=CC=CC=C23,0
COC1=CC(OC)=NC(NC(=O)NS(=O)(=O)C2=C(Cl)N=C3C=CC=CN23)=N1,1
CC1CO1,1
CCCCCC1NC2=CC(C(F)(F)F)=C(S(N)(=O)=O)C=C2S(=O)(=O)N1,0
COC(=O)C(C)(C)OC1=CC=C(C2=CC=C(Cl)C=C2)C=C1,0
C=CCOC1=CC=CC=C1OCC(O)CNC(C)C,1
C=CCC1=CC=CC=C1OCC(CNC(C)C)=NO,0
ClC1=C(Cl)C2(Cl)C3C(Cl)C(Cl)CC3C1(Cl)C2(Cl)Cl,1
CC1=CC=C(Cl)C(NC2=CC=CC=C2C(=O)[O-])=C1Cl,1
FC(F)(F)C1=CC=CC(N2CCNCC2)=C1,1
CCCCS(=O)(=O)NC(CC1=CC=C(OCCCCC2CCNCC2)C=C1)C(=O)O,0
O=C1N(CCCN2CCN(C3=CC=CC(Cl)=C3)CC2)N=C4C=CC=CN14,1
O=C1NCN(C2=CC=CC=C2)C13CCN(CCCC(C4=CC=C(F)C=C4)C5=CC=C(F)C=C5)CC3,1
COP(=S)(OC)OC1=CC(Cl)=C(Br)C=C1Cl,1
CC(=O)SC1CC2=CC(=O)CCC2(C)C3CCC4(C)C(CCC45CCCO5)C13,0
CC(C)(C)C(=O)OC1=CC=C(S(=O)(=O)NC2=CC=CC=C2C(=O)NCC(=O)[O-])C=C1,0
O=C([O-])CF,1
C[N+]1(CC2COC(C3=CC=CC=C3)(C4CCCCC4)O2)CCCCC1,1
CCOP(=S)(OCC)OC1=CC=C(Cl)C=C1Cl,1
CN1CCCC1CC2=CNC3=CC=C(CCS(=O)(=O)C4=CC=CC=C4)C=C23,1
CC1=NC=CN1CC2CCC3=C(C2=O)C4=CC=CC=C4N3C,1
CNC(=N[N+](=O)[O-])NCC1=CN=C(Cl)S1,1
CCOC(=O)C=C1SC(N2CCCCC2)C(=O)N1CC,0
CCOP(=O)(OCC)OP(=O)(OCC)OCC,1
COCCC1(COC(C)OC1)C(C)C,0
CC(=CCCC(=CCO)C)C,1
COC1=C(C)C2=C(C(O)=C1CC=C(C)CCC(=O)O)C(=O)OC2,1
NC(=N)C1=CC=C(C=CC2=CC=C(C=C2)C(=N)N)C=C1,0
COC1=CC=CC(OC)=C1C(=O)NC2C(=O)N3C2SC(C)(C)C3C(=O)O,1
CC(=O)C1(O)CCC2C3CC(Cl)C4=CC(=O)C=CC4(C)C3CCC12C,0
CC(=O)OC1(C(=O)C)CCC2C3CC(=C4CC5(CCC4(C)C3CCC12C)OCCO5)C,0
CCC(C)(OC1=CC=C(C2(C3=CC=C(OC(C)(CC)C(=O)O)C=C3)CCCCC2)C=C1)C(=O)O,0
CC(CCCCC=1OC=CC1)N(C)C,1
OC(=O)C1=CC=CC=C1O,1
COC1=CC=C(CCN2CCN(CC2)C3=CC=CC=C3N)C=C1OC,1
NCC1(CC(O)=O)CCCCC1,1
OC(CN1NC=NC1=S)(CC2=CC=CC=C2Cl)C3(Cl)CC3,1
O(C(CO)CO)CN1C=2N=C(N)NC(=O)C2N=C1,1
NCCC1=CNC2=C(O)C=C(O)C=C12,1
CCNC(=O)N1C(CC(=O)C(C)C1C2=CC=C(OC)C=C2)C3=CC=C(OC)C=C3,0
ClC1=CC=C(Cl)C=C1,1
COC(=O)NC(C(=O)NC(CC1=CC=CC=C1)C(O)CN(CC2=CC=C(C=C2)C3=CC=CC=N3)NC(=O)C(NC(=O)OC)C(C)(C)C)C(C)(C)C,1
CNC(=O)OCC(COC(=O)N)(C1=CC=CC=C1)C2=CC=CC=C2,0
CCCCN(CCCC)CC(O)C1=CC(Cl)=CC2=C1C3=CC=C(Cl)C=C3C2=CC4=CC=C(Cl)C=C4,1
CCC(C)N1N=CN(C2=CC=C(N3CCN(C4=CC=C(OCC5COC(CN6C=NC=N6)(C7=CC=C(Cl)C=C7Cl)O5)C=C4)CC3)C=C2)C1=O,1
O=C(NC1=C(Cl)C=NC=C1Cl)C2=CC=C(OC(F)F)C(OCC3CC3)=C2,0
CC(=O)C12CC1CC3C4C=C(Cl)C5=CC(=O)C6CC6C5(C)C4CCC23C,0
CCOC(=O)N1CCC(CC1)=C2C3=CC=C(Cl)C=C3CCC4=CC=CN=C24,1
C[Si](C)(CCC[NH+]1CCCCCC1)C2=CC=CS2,1
CCCN(CC)CCCl,1
C=CC1(O)CCC2C3CCC4=CC(=O)CCC4C3CCC21C,0
CCC1=NC2=CC=CC=C2C(=O)N1C3=C(Cl)C=CC=C3Cl,0
CCC1(O)CC2CN(CCC3=C(NC4=CC=CC=C34)C(C(=O)OC)(C5=CC6=C(C=C5OC)N(C)C7C(O)(C(=O)OC)C(OC(C)=O)C8(CC)C=CCN9CCC67C98)C2)C1,1
COC1C=COC2(C)OC3=C(C)C(O)=C4C(O)=C(NC(=O)C(=CC=CC(C)C(O)C(C)C(O)C(C)C(OC(C)=O)C1C)C)C(C=NN5CCN(C)CC5)=C(O)C4=C3C2=O,1
CC12CCC3C(C4CC4C5=CC(=O)C=CC35C)C1C6CC6C27CCC(=O)O7,0
NC(C1CC(Cl)=NO1)C(O)=O,1
COP(=S)(OC)SCC(=O)N(C)C=O,1
CN(C)CCCN1C(=O)CNC(C2=CC=CC=C2F)C3=CC(Cl)=CC=C13,1
C[N+](C)(CCOCC[N+](C)(C)CC=C)CC=C,1
CC(C)OC(=O)CCCC=CCC1C(O)CC(O)C1C=CC(F)(F)COC2=CC=CC=C2,0
COC1=C(N2CCNC(C)C2)C(F)=CC=3C(=O)C(=CN(C4CC4)C13)C(=O)O,1
CC1=NN=C(C(=O)NC(C)(C)C2=NC(C(=O)NCC3=CC=C(F)C=C3)=C([O-])C(=O)N2C)O1,1
CCCCNC(=O)N1C(NC(=O)OC)=NC2=CC=CC=C12,1
COC1=CC(C(=O)OCC2=CC=CC(COC(=O)C3=CC(OC)=C(OC)C(OC)=C3)=N2)=CC(OC)=C1OC,0
CN(C)C(=N)NC(N)=N,1
CC(=O)CC(C)C,1
CC1(CN2C=CN=N2)C(N3C(CC3=O)S1(=O)=O)C(O)=O,1
C=CC=C,1
CNC(=O)CSP(=O)(OC)OC,1
CC(C)OC(=O)C1CCCN=C(N)N1,1
OCCCCO,1
OCC1OC(CC1O)N2C=NC3=C2NC=NCC3O,1
CCC1(N(C)C(=O)CCl)C(=O)C2=CC=CC=C2C1=O,0
O=P(OC(=C(Cl)C(=O)N(CC)CC)C)(OC)OC,1
O=C(C1=CC=C(OCCN2CCCCC2)C=C1)C3=C(C4=CC=C(O)C=C4)SC5=CC(O)=CC=C35,1
CC(C)NCC(O)COC1=CC=C(CCOCC2CC2)C=C1,1
C[N+](C)(C)CC(O)CC(=O)O,0
CC[N+](C)(C)CCOCC[N+](C)(C)C,1
C=CCN1CC(C(=O)N(CCCN(C)C)C(=O)NCC)CC2C3=CC=CC=4NC=C(C34)CC12,1
CN(C)C(=O)CCCOC(=O)C(C)(C)OC1=CC=C(Cl)C=C1,0
CCOC1=NC2=CC=CC(C(=O)O)=C2N1CC3=CC=C(C4=CC=CC=C4C=5N=NNN5)C=C3,1
CC1(CCC(=O)OCC[N+](C)(C)C)OCC(C[N+](C)(C)C)O1,1
CN1CCN(CCCN2C3=CC=CC=C3SC4=CC=C(Cl)C=C24)CC1,1
CC1=CC=C(C=C1)C(COC(=O)N)COC(=O)N,1
CC(C)(C)C1=NC(C2=CC=CC(NS(=O)(=O)C3=C(F)C=CC=C3F)=C2F)=C(C4=CC=NC(N)=N4)S1,0
COC1=CC(=CC(OC)=C1O)C2=[O+]C3=CC(O)=CC(O)=C3C=C2O,0
CC1(C)C(OC2OC(C(=O)O)C(O)C(O)C2OC3OC(C(=O)O)C(O)C(O)C3O)CCC4(C)C5C(=O)C=C6C7CC(C)(C(=O)O)CCC7(C)CCC6(C)C5(C)CCC14,1
CN(C)C1=CC(NC(=O)CNC(C)(C)C)=C(O)C2=C1CC3CC4C(N(C)C)C(=O)C(=C(O)C4(O)C(=O)C3=C2O)C(=O)N,0
C#CCNC1CCC2=CC=CC=C12,1
CC(C)COC1=CC=C(C=C1)C2(C)NC(=O)NC2=O,0
O=C(CCCN1CC=C(N2C(=O)NC3=CC=CC=C32)CC1)C4=CC=C(F)C=C4,1
CCCCCCC1CCC(O)C1CCCCCCC(=O)O,0
CC#CC1(O)CCC2C3CCC4=CC(=O)CCC4=C3C(C5=CC=C(N(C)C)C=C5)CC12C,1
C[N+]1(CC2CC2)CCC34C5=C6C=CC(O)=C5OC3C(=O)CCC4(O)C1C6,0
O=C([O-])CC(=O)O,1
CCCC1(CC2=CC=CC=3CCN1C23)C4=NCCN4,0
COC1=CC=C(CCN2CCN(CC2)C3=CC=CC=C3C)C=C1OC,1
CCCN(C1=C(C=C(C=C1[N+](=O)[O-])S(=O)(=O)N)[N+](=O)[O-])CCC,1
C[Hg+],1
NC(=O)C1=CN(CC2=C(F)C=CC=C2F)N=N1,1
CC(C)C(CCC(C)C1CCC2C3C(O)CC4CC(CCC4(C)C3CCC12C)NCCCNCCCCNCCCN)OS(=O)(=O)O,0
CC(=O)C1=C([O-])C=C(C)OC1=O,1
OC(C1=CC=CC=C1)(C2=CC=CC=C2)C34CC[N+](CCOCC5=CC=CC=C5)(CC3)CC4,0
CC(CC1=CC=C(C(C)(C)C)C=C1)CN2CC(C)OC(C)C2,1
CCCCCCCCCCCCCCOS(=O)(=O)[O-],1
CN(C)CCC(C1=CC=C(Br)C=C1)C2=CC=CC=N2,1
CNNC,1
C1=CC=C2C(=C1)C(=CC(=O)N2)CC(C(=O)O)NC(=O)C3=CC=C(C=C3)Cl,0
CC(CC1=CC=C2C(=C1)OCO2)N,1
CC(=CCCC(=CC=O)C)C,1
CC(=O)C,1
CCCCCCCOC(=O)C1=CC=C(O)C=C1,1
COCC1(COC(C)OC1)C(C)C,0
CC1(C)OC2CC3C4CC(F)C5=CC(=O)CCC5(C)C4C(O)CC3(C)C2(O1)C(=O)CO,0
N1(CCN(CC1)CCCN2C3=CC=CC=C3SC4=CC=C(C=C24)C(F)(F)F)CCO,1
COC=1C=CC2=C(OC3CC4C(=O)NC5(C(=O)NS(=O)(=O)C6CC6)CC5C=CCCCCN(C)C(=O)C4C3)C=C(C7=NC(C(C)C)=CS7)N=C2C1C,0
CC(=O)N(CCCC1=CC=CC=C1)OCC2=CC=CC=C2,0
CC[Hg]Cl,1
COC=O,1
CCC1OC2(C(C)=O)CCC3(O1)C4CCC5=CC(=O)CCC5(C)C4CCC23C,0
CCC(CO)(CO)CCC(C)C,1
CC(CN(C)C)N1C(=O)CN=C(C2=CC=CC=C2)C3=CC(Cl)=CC=C13,1
CC(NCCC1=CC=C(O)C=C1)C(O)C2=CC=C(O)C=C2,1
COC(=O)C1C[N+](C)(C)CCC1O,0
CN1CCN2C3=NC=CC=C3CC4=CC=CC=C4C2C1,1
COC1=CC=C(C=C1OC)C2NC(=O)C(C)S2,0
ClC1=NC(=C2C=CC=CC2=C1C3=CC=CC=C3)N4C=CN=C4,0
CC1(C)N=C(N)N=C(N)N1OCCCOC2=CC(Cl)=C(Cl)C=C2Cl,0
NC(CC1=CC(I)=C(OC2=CC=C(O)C(I)=C2)C(I)=C1)C(=O)O,0
CC=1ON=C(C2=CC=CC=C2)C1C(=O)NC3C(=O)N4C(C(=O)O)C(C)(C)SC34,1
O=C1N(C)C(=O)C=2N(C)C=NC2N1C,1
CCC1(CC)C(=O)NC(=O)NC1=O,1
CC[N+](C)(CC)CCOCC[N+](CC)(CC)CC,1
OC(=O)C1=CC=2SC(CN3C=CN=C3)=CC2CC1,0
C=C1C(=CC=C2CCCC3(C)C(C(C)OCCC(C)(C)O)CCC23)CC(O)CC1O,0
OC(=O)CC1C(CNC1C(=O)O)C(=C)C,1
CC(C)(C)NCC(O)C1=CC=C(O)C(CO)=C1,1
CC(C)(C)NCC(COC1=CC=CC2=C1CCCC2=O)O,0
CC1=NC=C([N+](=O)[O-])N1CCC2=CC=NC=C2,0
OC(=O)C1=CC=CC=C1C(=O)C2=CC=C(O)C(=C2)C3=CC=CC=C3,0
CC(N)C(=O)C1=CC=CC=C1,1
CCOC(=O)CC(=O)N1CCSC1COC2=CC=CC=C2OC,0
COC=1C=CN(C)C(=O)C1C#N,1
CC(O)(CS(=O)(=O)C1=CC=C(F)C=C1)C(=O)NC2=CC=C(C#N)C(C(F)(F)F)=C2,0
CC(C)NCC(O)C1=CC=C(O)C(O)=C1,1
C1(C2(C3(C4(C(C5(C(C1(C35Cl)Cl)(C24Cl)Cl)Cl)(Cl)Cl)Cl)Cl)Cl)=O,1
CC(=O)OCN=[N+](C)[O-],1
CC(C)(OC1=CC=C(Cl)C=C1)C(=O)OCCNC(=O)C2=CC=CN=C2,0
CC(C)N=C(N)N=C(N)NC1=CC=C(Cl)C=C1,0
COC1=CC=C(CC2NCC(O)C2OC(=O)C)C=C1,1
CC(C)CN(CC(O)C(CC1=CC=CC=C1)NC(=O)OC2CCOC2)S(=O)(=O)C3=CC=C(N)C=C3,1
CCCCN(N=O)C(=O)N,1
CCC[N+](C)(CC)CCOCC[N+](C)(C)C,1
COC1=CC=C(CCN2CCN(CC2)C3=CC=CC=C3Br)C=C1OC,1
CC1=NNC(=O)N(C1)N=CC2=CC=CN=C2,1
CC(=O)[O-],1
ClC1=CC=C(C=C1)OS(=O)(=O)C2=CC=CC=C2,1
CN1CCN(CC1)CC(=O)N2C3=CC=CC=C3C(=O)NC4=CC=CN=C24,1
COC1C=COC2(C)OC=3C(C)=C(O)C4=C(O)C(=NC(=O)C(=CC=CC(C)C(O)C(C)C(O)C(C)C(OC(=O)C)C1C)C)C5=NC6(NC5=C4C3C2=O)CCN(CC(C)C)CC6,1
O=C(OOC(=O)C1=CC=CC=C1)C2=CC=CC=C2,0
C=CCN1C(N)=CC(=O)N(CC)C1=O,0
OC(=O)CCC(=O)C1=CC=C2C=3C=CC=C4C=CC=C(C2=C1)C34,0
CC[N+](C)(C)CC(C)OCC[N+](CC)(CC)CC,1
C[N+](=NCO)[O-],1
CC(=O)C1(O)CCC2C3CCC4=CC(=O)CCC4=C3C(C5=CC=C(N(C)C)C=C5)CC12C,0
COC1=CC=C(N(CCCC(=O)O)C(=O)C2=CC=C(Cl)C=C2)C=C1,0
OCCN1CCN(CCC=C2C3=CC=CC=C3SC4=CC=C(C=C24)C(F)(F)F)CC1,1
CC(=O)NO,0
N#CC(=C1SCC(C2=CC=C(Cl)C=C2Cl)S1)N3C=CN=C3,0
CN1C(=O)N(C)C=2N=CN(CN3CCOCC3)C2C1=O,0
CCOC1=CC=CC=C1N2CCN(CCC3=CC=C(OC)C(OC)=C3)CC2,1
C1CCN(C1)CC#CCN2CCCC2,1
CC(C)(OCC1=CC=C(C2=CC=C(Cl)C=C2)C=C1)C(=O)O,0
CCC1=CC(=O)OC2=CC(OC3SCC(O)C(O)C3O)=CC=C12,0
COC1=CC=C2C(=C1)C(O)(CCCN(C)C)C3=CC=CC=C3S2,0
CCOP(=O)(OCC)SCCSCC,1
C=CC1(O)CCC2C3CCC4=C(CCC(=O)C4)C3CCC21C,0
COC(=O)C(C1=CC=CC=C1)C2CCCCN2,1
CC1=NC=C([N+](=O)[O-])N1CC(O)CCl,1
CCOCCN1C(N2CCCN(C)CC2)=NC3=CC=CC=C31,0
CC(C)(OC1=CC=C(C(=O)C2=CC=C(Cl)C=C2)C=C1)C(=O)O,0
CCCCCCCCOC(=O)C1=CC(O)=C(O)C(O)=C1,1
C1=CC=C(C2(C3=CC=CC=C3)OCC(CN4CCCCC4)O2)C=C1,1
COCC1(OC)CCC2C3CCC4=CC(=O)CCC4=C3C(C5=CC=C(C=NO)C=C5)CC21C,0
CC(C)N1N=C(C)C=C1OC(=O)N(C)C,1
CCC(C)C(C)C1NC2=CC(Cl)=C(C=C2S(=O)(=O)N1)S(N)(=O)=O,0
C[Si](C)(COC(=O)N)C1=CC=CC=C1,1
C=C1C(=CC=C2CCCC3(C)C2CCC3C(C)CCCC(C)(C)O)CC(O)CC1O,0
CCC(=O)OC(CC1=CC=CC=C1)(C2=CC=CC=C2)C(C)CN(C)C,1
CN=C(NC)NCC1=CC=CC=C1,1
C=C(C)C1CC2=C(C=CC3=C2OC4COC5=CC(OC)=C(OC)C=C5C4C3=O)O1,1
CC(=CC1=CSC(C)=N1)C2CC3OC3(C)CCCC(C)C(O)C(C)C(=O)C(C)(C)C(O)CC(=O)O2,1
CCCOC1=CC=C(C=C1)C2(C)NC(=O)NC2=O,0
CC(=CCCC(=CCCC(=CCCC=C(C)CCC=C(C)CCC=C(C)C)C)C)C,1
ClC1=C(Cl)C2(Cl)C3C(Cl)OC(Cl)C3C1(Cl)C2(Cl)Cl,1
CCOC(=O)C(CCC1=CC=CC=C1)NC2CCCN3CCCC(N3C2=O)C(O)=O,0
CCCCOC1=CC=C(C=C1)C2=CN(CCCC)C=N2,1
CCC(C)NCC(O)COC1=CC=CC=2SN=CC12,1
CCCCCC=CC=CC=O,1
COC1=CC=C2C(=C1)N(CC(C)CN(C)C)C3=CC=CC=C3S2,1
CC(N)C(=O)NC(CC1=CC=C2C=CC=CC2=C1)C(=O)NC(C)C(=O)NC(CC3=CNC4=CC=CC=C34)C(=O)NC(CC5=CC=CC=C5)C(=O)NC(CCCCN)C(=O)N,0
COC1=CC(C(=S)N2CCOCC2)=CC=C1O,0
CCC1=CC=CC(CC)=C1C(OCCN(C)C)C2=CC=CC=N2,0
NC1=NC(N)=NC(NC2=CC=C(C=C2)[As]3SCC(CO)S3)=N1,1
COC1=CC=C(CC(C)NCC(O)C2=CC=C(O)C(NC=O)=C2)C=C1,1
[O-]S(=O)(=O)[O-],1
O=C([O-])CN1CCN(CC(=O)[O-])CCN(C(CO)C(O)CO)CCN(CC(=O)[O-])CC1,0
CN(C)CCN1CCC(CC2=CC=CC=C2)CC1,0
CC(=O)NC1=C(I)C(NC(=O)C)=C(I)C(C(=O)[O-])=C1I,1
CCNC(=O)N1C(C2=CC=CC=C2)C3C(=O)C(C)(C(C4=CC=CC=C4)NC3C5=CC=CC=C5)C1C6=CC=CC=C6,0
CN1C(CNC2=CC=C(C(=N)N)C=C2)=NC3=CC(C(=O)N(CCC(=O)O)C4=CC=CC=N4)=CC=C13,1
CC=CC=CCOC(=O)C(C)C,1
CCOC(C)C(=NNC(=S)N)C=NNC(=S)N,0
NC1C2CN(C3=NC4=C(C=C3F)C(=O)C(C(=O)O)=CN4C5=CC=C(F)C=C5F)CC12,1
OC1=CC=C(C=C1)C2(OC3=CC=CC=C3NC2=O)C4=CC=C(O)C=C4,0
CC(C1=NC=NC=C1F)C(O)(CN2C=NC=N2)C3=CC=C(F)C=C3F,1
CCC1=CC(=CC=N1)C(N)=S,1
CN1C(=O)CC(=O)N(C2=CC=CC=C2)C3=CC(Cl)=CC=C13,1
CC(CN1C=NC2=C(N)N=CN=C12)OCP(=O)(O)O,1
CN1CCN(CCN2C(=O)CN=C(C3=CC=CC=C3F)C4=CC(Cl)=CC=C24)CC1,1
CCOP(=O)(C)SCCN(C(C)C)C(C)C,1
CN(C)C1=CC=C(C2CC3(C)C(CCC3(O)CCCO)C4CCC5=CC(=O)CCC5=C24)C=C1,0
NCCC1=CC(O)=C(O)C=C1O,1
COC1=CC(C=CC(=O)CC(=O)C=CC2=CC=C(O)C(OC)=C2)=CC=C1O,0
CCOC(=O)C(C)(C)OC1=CC=C(C=C1)Cl,1
O=C1OC2=CC=CC=C2C(O)=C1C(CC(O)C3=CC=C(Cl)C=C3)C4=CC=C(Cl)S4,0
CC1=CC=C(N(SC(F)(Cl)Cl)S(=O)(=O)N(C)C)C=C1,1
CN(C)N,1
ClC(Cl)C(=O)NC(C(O)C1=CC=C([N+](=O)[O-])C=C1)CO,1
NC(=O)OCC(COC(=O)NC1=CC=CC=C1)C2=CC=CC=C2,0
P(=O)(O)(O)COC(CO)CN1C(=O)N=C(N)C=C1,1
CCCCCNC(=O)OCC(C)(CO)CCC,0
COC1=CC=NC(CS(=O)C2=NC3=CC(OC(F)F)=CC=C3[N-]2)=C1OC,1
NNC(=O)C1=CC=CC=N1,1
ClC1=CC=C(OCCN2CCN(CC2)C3=CC=CC=N3)C=C1,1
CCCCCC(O)C=CC1C(O)CC(=O)C1CC=CCCCC(=O)O,0
CCOCCN1CCN(CCCN2C(=O)CN=C(C3=CC=CC=C3F)C4=CC(Cl)=CC=C24)CC1,1
NC1=NC=NC=2N(C=NC12)C3OC(CO)C(O)C3O,1
C1=CC=C(C2(C3=CC=CC=C3)CC2C4=NCCN4)C=C1,1
CC12C(=O)C(C(C3=CC=CC=C3)NC1C4=CC=CC=C4)C(C5=CC=CC=C5)N(C(=S)NCC6=CC=CC=C6)C2C7=CC=CC=C7,0
COC1=CC=C(CCN2CCN(CC2)C3=C(C)C=CC=C3C)C=C1OC,1
CC(C)CCCC(C)C1CCC2C3CC=C4CC(O)CCC4(C)C3CCC12C,1
CC(=O)OC1(C(C)=O)CCC2C3C=C(C)C4=CC(=O)CCC4(C)C3CCC21C,1
CC1=CC=C(NC(=O)C2=CC=C(CN3CCN(C)CC3)C=C2)C=C1NC=4N=CC=C(C5=CC=CN=C5)N4,1
CC1=C(C2=CC=CC=C2)OC3=C(C(=O)OCCN4CCCCC4)C=CC=C3C1=O,1
C[Hg]S,1
C[Si](C)(CCCN)C1=CC=CS1,1
C1=CC=C(C=C1)C2C(=O)N=C(O2)N,1
CN(C)C1C(O)=C(C(N)=O)C(=O)C2(O)C([O-])=C3C(=O)C4=C(O)C=CC=C4C(C)(O)C3C(O)C12,1
CNC(=O)OC1=CC(C)=C(N(C)C)C(C)=C1,1
N=C(N)C1=CC=C(OCCCCCOC2=CC=C(C(=N)N)C=C2)C=C1,1
NCC(O)C1=CC=C(O)C(O)=C1,1
C=C1C(O)(C2=CC=CC=C2C)C3CC[N+]1(C)CC3,1
CCOP(=O)(OCC)C(C)NC(=O)N(CCCl)N=O,0
CN1C(=O)C=C(N2CCCC(N)C2)N(CC3=CC=CC=C3C#N)C1=O,0
CC(C)(O)C1=CC=CC=C1CCC(SCC2(CC(=O)[O-])CC2)C3=CC=CC(C=CC4=CC=C5C=CC(Cl)=CC5=N4)=C3,1
CCN(CC)CCCNC1=CC(OC)=CC2=CC=CN=C12,1
CCCC(C)(COC(=O)NC(=O)C)COC(=O)NC(=O)C,0
CC(=O)CC(C1=C(O)C2=CC=CC=C2OC1=O)C3=CC=C(I)C=C3,0
CCCl,1
C#CC1(OC(C)=O)CCC2C3CC=C4C=C(OC5CCCC5)CCC4C3CCC21C,0
O=S(=O)([O-])CCSSCCS(=O)(=O)[O-],0
CCCC(=O)OCOC(=O)C1=C(C)NC(C)=C(C1C2=CC=CC(Cl)=C2Cl)C(=O)OC,0
OC1CC2=CC=CC=C2O1,0
CC1=C([N+](=O)[O-])C=C([N+](=O)[O-])C=C1[N+](=O)[O-],1
COC1=CC=CC(=N1)N(C)C(=S)OC2=CC=C3CCCCC3=C2,0
CC1=C(C=CC(C)=CC=CC(C)=CC=CC=C(C)C=CC=C(C)C=CC2=C(C)CC(O)CC2(C)C)C(C)(C)CC(O)C1,1
O=C(NC1=CC=C(C=C1)[N+](=O)[O-])NCC2=CC=CN=C2,1
C=C1CSC(C(NC(=O)CCCCC(N)C(=O)O)C(=O)O)N=C1C(=O)O,1
CC=1C=C2N=C3C=CC(=[N+](C)C)C=C3SC2=CC1N,0
CC(C)CCCC(C)C1CC(=O)C2=C3CCC4CC(O)CCC4(C)C3CCC12C,0
CC1(C)CCCC2(C)C3CC(=O)OC3(C)CCC12,1
O=C(CCCN1CCC(O)(C2=CC=C(Cl)C=C2)CC1)C3=CC=C(F)C=C3,1
C=C1C(=CC=C2CCCC3(C)C2CCC3C(C)CCCC(O)(C(F)(F)F)C(F)(F)F)CC(O)CC1O,0
CC=1C(C(=O)NN2CCCCC2)=NN(C3=CC=C(Cl)C=C3Cl)C1C4=CC=C(Cl)C=C4,1
CC=CCNC(=O)OCC(C)(CCC)CNC(=O)O,0
CN(C)C1=CC=C(O)C2=C1CC3CC4C(N(C)C)C(=C(C(=O)N)C(=O)C4(O)C(=C3C2=O)O)O,1
CC1=CC(=O)C2=CC=CC=C2C1=O,1
CCC1=CC(=C2C=C(C=CC=C12)C(C)C)S(=O)(=O)O,0
S=C1NCCN1,1
CCC(C(O)=O)C1(O)CCCCC1,0
CC1=CC(=O)OC2=CC(OS(=O)(=O)O)=C(OS(=O)(=O)O)C=C12,0
CN(C)C=O,1
O=C([O-])C1(C(=O)[O-])CCC1,1
CC[N+](C)(C)CCOCC[N+](C)(C)CC,1
CCC(=O)N(C1=CC=CC=C1)C2(CCN(CCN3N=NN(CC)C3=O)CC2)COC,1
CN(C)CCN(CC1=CC=CS1)C2=CC=CC=N2,1
OC(CN1CCN(CC1)C2=CC=CC=C2)C3=CC=NC=C3,1
CCCBr,1
CC(C)C1=CC2=C(C=C1S(=O)(=O)[O-])C3(C)CCCC(C)(C(=O)O)C3CC2,0
CCC(=C(CC)C1=CC=C(O)C=C1)C2=CC=C(O)C=C2,1
CCN1CCN(CC1)C=2C=C(C3=CC=CC=C3)C4=CC=CC=C4N2,1
CC1=CC(C2CC2)=NC(NC3=CC=CC=C3)=N1,1
COC(=O)C(=C)C#N,1
O=P(OC1=CC=CC=C1)(OC2=CC=CC=C2)OC3=CC=CC=C3,1
CC(NC(CCC1=CC=CC=C1)C(=O)O)C(=O)N2CCCC2C(=O)O,1
COC1=CC=C(OCCN2CCN(CC2)C3=CC=CC=C3OC)C=C1OC,1
CCC(=O)OC1(C2=CC=CC=C2)CC(C)N(CCCN(CC)CC)CC1C,1
CC1=CC=CC=C1C(=O)NC2=CC=C(C(=O)N3CCCC(O)C4=CC(Cl)=CC=C34)C(C)=C2,0
O=C(O)CNCP(=O)(O)O,1
CCOC1=CC(C(=O)C2CCON2)=CC(OCC)=C1OCC,0
C1OC2=CC=C(CN3CCN(CC3)C4=NC=CC=N4)C=C2O1,1
CCCCCCCCCCCC(=O)O,1
O=[N+]([O-])C1=CN=C(C2=CC=C(F)C=C2)N1CCO,0
CCC1(CNC(=S)C2=CC=CC=C12)C3=CC=CC=C3,0
COC1=CC2=NC(=NC(N)=C2C=C1OC)N3CCN(CC3)C(=O)C4CCCO4,1
CCOC1=CC=C(CC2NC(=O)CCSSCC(C(=O)N3CCCC3C(=O)NC(CCCN)C(=O)NCC(N)=O)NC(=O)C(CC(N)=O)NC(=O)C(C(C)O)NC(=O)C(C(C)CC)NC2=O)C=C1,0
C=C1C(=CC=C2CCCC3(C)C2CCC3C(C)C=CC(O)C4CC4)CC(O)CC1O,0
CC12C(=O)C(C(C3=CC=CC=C3)NC1C4=CC=CC=C4)C(C5=CC=CC=C5)N(C(=O)NC6CCCCC6)C2C7=CC=CC=C7,0
COC1=NN(CSP(=S)(OC)OC)C(=O)S1,1
CCC(=C)C(=O)C=1C=C2C=C(OC2=CC1C)C(=O)O,0
CC#CCC(C)C(O)C=CC1C2CC(=CCCCC(=O)O)CC2CC1O,0
CCC12C=CCN3CCC4(C13)C(N(C)C5=CC(OC)=C(C=C45)C6(CC7CC(CN(C7)CC8=C6NC9=CC=CC=C89)C(C)(F)F)C(=O)OC)C(O)(C2OC(C)=O)C(=O)OC,1
CN1CCC(=C2C3=CC=CC=C3CCC4=CC=CN=C24)CC1,1
CN(C1CCC2(O)C3CC4=CC=C(O)C=5OC1C2(CCN3CC6CC6)C45)C(=O)C=CC7=COC=C7,0
C1CCC2=NN=NN2CC1,1
CCC=CCC=CCC=CCC=CCC=CCC=CCCC(=O)OCC,0
CC12C=CC(=O)C=C1CCC3C4CCC(O)(C(=O)CO)C4(C)CC(O)C32F,1
CC(C)CCC(C)(CO)CO,1
CC(C)[N+]1(C)C2CCC1CC(OC(=O)C(CO)C3=CC=CC=C3)C2,1
CC(=O)CCC1C(=O)N(N(C1=O)C2=CC=CC=C2)C3=CC=CC=C3,0
CCOP(=S)(OCC)SC1OCCOC1SP(=S)(OCC)OCC,1
CC#CC1(O)CCC2C3CC(C)C4=CC(=O)CCC4(C)C3CCC12C,0
CCCCCC(=O)OC1(CCC2C3CCC4=CC(=O)CCC4C3CCC12C)C(=O)C,0
CC(C)(C)NCC(O)C1=CC(Cl)=C(N)C(Cl)=C1,1
C=C1C(C(O)CC(C)C2OC3(CCCCO3)CCC2C)OC4CCC5(CCC(C=CC(C)C6CC(C)=CC7(OC(CC(C)(O)C(=O)O)CCC7O)O6)O5)OC4C1O,1
CCCCCCOC1=CC=C(C=C1)C2=CN(CCCC)C=N2,1
NC(=O)C1CSSCCC(=O)NC(CCCCN=C(N)N)C(=O)NCC(=O)NC(CC(=O)O)C(=O)NC(CC2=CNC3=CC=CC=C23)C(=O)N4CCCC4C(=O)N1,1
CCC(=NOCC=CCl)C1=C(CC(CC1=O)C2CCOCC2)O,1
CC1=CC=C(C=C1)C(=CCN2CCCC2)C3=CC=CC(C=CC(=O)O)=N3,1
CC(=O)OC1=CC=CC=C1C(=O)OC(COC(=O)C(C)(C)OC2=CC=C(Cl)C=C2)COC(=O)C(C)(C)OC3=CC=C(Cl)C=C3,0
CCN(CC)CCCC(C)NC1=CC=NC2=CC(Cl)=CC=C12,1
CC(=O)NC1C(COCC2C(C(=O)O)OC(OCC3C(O)C(CO)OC(O)C3NC(C)=O)C(C)(O)C2O)OC(CO)C(O)C1COC4OC(C(=O)O)C(O)C(O)C4O,1
CCC1OC(=O)C(C)C(=O)C(C)C(OC2OC(C)CC(N(C)C)C2O)C(C)(OC)CC(C)C(=O)C(C)C3N(CCCCN4C=NC(C5=CC=CN=C5)=C4)C(=O)OC13C,1
CCCN(CC)C(CC)C(=O)NC1=C(C)C=CC=C1C,1
CC1C(SC(=O)N1C(=O)NC2CCCCC2)C3=CC=C(Cl)C=C3,1
COC1=CC=C(CCN2CCN(CC2)C3=CC=C(Cl)C=C3)C=C1OC,1
CC(C)NNC(=O)C1=CC=NC=C1,1
COC(=O)C1CCCN(C)C1,0
CC(C)=NNC(N)=S,1
CC1=CC(C#N)=CC(C)=C1OC2=NC(NC3=CC=C(C#N)C=C3)=NC(N)=C2Br,1
CCN(CC)CCCC(C)NC1=CC(OC)=CC2=CC=CN=C12,1
NC1CC1C2=CC=CC=C2,1
CCC(=O)OC1(CC(C)N(CCCN2CCCC2)CC1C)C3=CC=CC=C3,1
CC1=C(C(=O)O)N2C(=O)C(NC(=O)C(N)C3=CC=C(O)C=C3)C2SC1,1
CCCC(C1=C(O)C2=CC=CC=C2OC1=O)C3=CC=C(CCCl)C=C3,0
CN(CC1(C)CCCO1)S(=O)(=O)C2=CC=C(Cl)C(S(N)(=O)=O)=C2,0
OC1=C(Cl)C=C(Cl)C(Cl)=C1CC2=C(O)C(Cl)=CC(Cl)=C2Cl,1
C1CN(CCN1CCOCCO)C2=NC3=CC=CC=C3SC4=CC=CC=C42,1
OCC(O)C1OC(=O)C(=C1[O-])O,1
NCC(CC(=O)O)C1=CC=C(Cl)C=C1,1
CC1=CC=CC(NC2=CC=CC=C2C(O)=O)=C1C,1
CC(C)(C)C1=CC=C2C(=C(C=CC2=C1)C(C)(C)C)S(=O)(=O)[O-],0
CCC(CC)C(COC(=O)N)COC(=O)N,1
O=C1C(CCS(=O)C2=CC=CC=C2)C(=O)N(N1C3=CC=CC=C3)C4=CC=CC=C4,0
CN(C(=O)N1C=NC(C2=CC=C[N+]([O-])=C2)=C1)C3CCCCC3,1
CCC(C)C(=O)OC1CCC=C2C=CC(C)C(CCC3CC(O)CC(=O)O3)C12,0
CC1=CC=CC2=C1NC(=O)C2(C3=CC=C(OS(=O)(=O)O)C=C3)C4=CC=C(OS(=O)(=O)O)C=C4,0
CCN1CCCC1CNC(=O)C2=C(OC)C=CC(Br)=C2OC,1
CC1=CC(C(C)(C)C)=C(O)C(C(C)(C)C)=C1,1
NC1=CC=CC2=C1C(=O)N(C3CCC(=O)NC3=O)C2=O,1
COC(=O)C(N1CCC2=C(C1)C=CS2)C3=CC=CC=C3Cl,1
CCCCCCCCCCCCCC=CC(O)C(N)CO,1
CCN(CC)CCOC1=CC=2OC(=O)C=C(C)C2C=C1OCCN(CC)CC,0
CCOP(=O)(C#N)N(C)C,1
CC(=O)OCC(CCN1C=NC2=CN=C(N=C21)N)COC(=O)C,1
C1C2=CC=CC=C2N(C3=CC=CC=C3C1=O)C(=O)N,1
CC(C)OC(=O)CCCC=CCC1C(O)CC(O)C1C=CC(O)COC2=CC=CC(=C2)C(F)(F)F,0
O=C1C2=CC=CC=C2C(=O)C1C(=O)C(C3=CC=CC=C3)C4=CC=C(C=C4)Cl,1
CCC=CCC=CCC=CCC=CCC=CCC=CCCC(=O)O,0
CC1=CC=C(C(CO)(CO)C2=CC=C(C)C=C2)C=C1,1
CCCCCC=CCC=CCCCCCCCC(=O)NC(CC1=CC=C(C)C=C1)C2=CC=CC=C2,0
O=C(NCC1=NC=C(C(F)(F)F)C=C1Cl)C2=C(Cl)C=CC=C2Cl,1
ClC1=CC=C(C(OCCN2CCCCC2)C3=CC=CC=C3)C=C1,0
C=C(C)CC(CCOC(N)=O)OC(N)=O,0
CC(=O)C1=CC(=CC2=C1CCC2(C)C)C(C)(C)C,1
C=C1CCC(O)CC1=CC=C2CCCC3(C)C2CCC3C(C)C=CC(C)C(C)C,1
CC1=CNC=N1,1
O=S(=O)([O-])OC1C(CO)OC(OC2C3COC2C(O)C(O)O3)C(O)C1OC4OC5COC(C5OC6OC(CO)C(OS(=O)(=O)[O-])C(O)C6O)C4O,1
CN(CC=CC#CC(C)(C)C)CC1=CC=CC2=CC=CC=C12,1
FC(F)(F)C1=CC=C(C=C1)C2=CC=C(OCCN3CCCC3)C=C2,0
CCCNC(=O)NS(=O)(=O)C1=CC=C(Cl)C=C1,1
CC12CCC(=O)C=C1C3CC3C4C2CCC5(C)C4C6CC6C57CCC(=O)O7,0
CC1(C)C2CCC1(C)C(=O)C2,1
CC1(C)NC(=O)N(C2=CC=C([N+](=O)[O-])C(C(F)(F)F)=C2)C1=O,1
CC[N+](C)(C)CCCCCC=1OC=CC1,1
CC(=CCN1CCC2(C)C3=CC(O)=CC=C3CC1C2C)C,1
O=C(OCC(COC(=O)C1=CC=CN=C1)(COC(=O)C2=CC=CN=C2)COC(=O)C3=CC=CN=C3)C4=CC=CN=C4,0
CC(C)CCC(CO)CO,1
C[N+]1([O-])C2CCC1CC(OC(=O)C(CO)C3=CC=CC=C3)C2,1
CC(CC1=CC=CC=C1)N(C)C(=O)C(N)CC2=CC=CC=C2,1
CN1C(=C(C2=C(S1(=O)=O)C=C(S2)Cl)O)C(=O)NC3=CC=CC=N3,0
COC1=CC=C(CCN2CCN(CC2)C3=CC=CC=C3O)C=C1OC,1
CC(C)(C)C1=CC=C(C(O)CCCN2CCC(C(O)(C3=CC=CC=C3)C4=CC=CC=C4)CC2)C=C1,1
ClC(=C(C1=CC=C(Cl)C=C1)C2=CC=C(Cl)C=C2)Cl,1
[Co+2],1
CC(C)CC(NC(=O)C(CC1=CC=CC=C1)NC(=O)C2=CN=CC=N2)B(O)O,1
CCCCN1C=NC(=C1)C2=CC=C(OC)C=C2,1
CN1CCCC1=NC(=NC2=CC=CC=C2)N3CCOCC3,0
CCOC1=CC=C(CC(CN(CCN(CC(=O)[O-])CC(=O)[O-])CC(=O)[O-])N(CC(=O)[O-])CC(=O)[O-])C=C1,0
COC1=CC=C(C=C1OC)C(C(=O)C(Cl)(Cl)Cl)C2=NC=CC3=CC(OC)=C(OC)C=C23,1
O=C1NC2=CC=C(Cl)C=C2C(C3=CC=CC=C3)=NC1O,1
CCCC(C)(COC(=O)N)COC(=O)NC(C)C,1
CCN(CC)CCNC(=O)C1=C(C)NC(C=C2C(=O)NC3=CC=C(F)C=C23)=C1C,1
CCC1OC(=O)C(C)C(OC2CC(C)(OC)C(O)C(C)O2)C(C)C(OC3OC(C)CC(N(C)C)C3O)C(C)(OC)CC(C)C(=O)C(C)C(O)C1(C)O,1
CCCC1(COC)COC(OC1)C(C)C,0
CCC(=O)OC1(C(=O)CO)C(C)CC2C3CCC4=CC(=O)C=CC4(C)C3(Cl)C(O)CC21C,0
COP(=S)(OC)OC1=CC=C([N+](=O)[O-])C=C1,1
NC12CC3CC(C1)CC(C2)C3,1
CNC1CCC(C2=CC=C(Cl)C(Cl)=C2)C3=CC=CC=C13,1
OC(CON=CC1=CC=C(Cl)C=C1)CN2CCN(CC2)C3=CC=CC=C3Cl,0
C=C1C(C)CC2CCC3OC(CCC45CC6OC7C(OC8CCC(CC(=O)CC9C(OC)C(CC(O)CN)OC9CC1O2)OC8C7O4)C6O5)CC3=C,1
CC1(C)C(C=C(Cl)Cl)C1C(=O)OC(C#N)C2=CC=C(F)C(OC3=CC=CC=C3)=C2,1
COC1=CC=C(CCN2CCN(CC2)C3=CC=CC=C3NC(=O)C)C=C1OC,1
C1=CC=C(C2CCNCC2COC3=CC=C4C(=C3)OCO4)C=C1,1
COC1=CC=C(CCN2CCN(CC2)C3=CC=CC=C3F)C=C1OC,1
CC1CCC2C1C3C(CCC2(C)O)C3(C)C,0
C[Hg]N=C(N)NC#N,1
CCOC(=O)NC1=CC=C(NCC2=CC=C(F)C=C2)C=C1N,1
CC1=C(C(=O)O)C(O)=CC2=C1C(=O)C3=C(O)C(C4OC(CO)C(O)C(O)C4O)=C(O)C(O)=C3C2=O,1
CC1=CN(C(=O)NC1=O)C2C=CC(O2)CO,1
CC1=C(O)C(=O)C=CN1C,1
CC(CC1=CC=CC=C1)NCCC(C2=CC=CC=C2)C3=CC=CC=C3,1
CSC1=CC=C(OCC2=NC=C([N+](=O)[O-])N2C)C=C1,0
C#CC1(OC(=O)C)CCC2C3CCC4=CC(=O)CCC4C3CCC12C,0
CC(C)C1CCC(C(=O)NC(CC2=CC=CC=C2)C(=O)O)CC1,0
COP(=O)(C(C1=CC=C(C=C1)Cl)OP(=O)(OC)OC)OC,0
CC1CN(C2CCC(C#N)(C3=CC=C(F)C=C3)CC2)CCC1(C(=O)O)C4=CC=CC=C4,0
CC(COC1=CC=CC=C1CC2=CC=CC=C2)N3CCCCC3,0
CN1CCCC1=NC(=NC2=CC=CC=C2)N3CCCC3,0
COC1=CC=C(C2=CC=C3C=C(C(=O)O)C=CC3=C2)C=C1C45CC6CC(CC(C6)C4)C5,0
CC1(C2=CC=CC=C2)OC(C(=O)O)=CC1=O,0
CC(NC(CCC1=CC=CC=C1)C(=O)O)C(=O)N2CC3=CC=CC=C3CC2C(=O)O,0
CCC1(O)CC2CN(CCC3=C(NC4=CC=CC=C34)C(C(=O)OC)(C5=CC6=C(C=C5OC)N(C)C7C(O)(C(N)=O)C(O)C8(CC)C=CCN9CCC67C98)C2)C1,1
CC([NH3+])CC1=CNC2=CC=CC=C12,1
C12CCC(C1)C3C(=O)N(CCCCN4CCN(CC4)C5=NC=CC=N5)C(=O)C23,1
CC=1N=C2N(C(=O)C1CCN3CCC(C4=NOC5=CC(F)=CC=C45)CC3)CCCC2O,1
CNC(=O)C1=CC=C(N2C(=S)N(C3=CC=C(C#N)C(C(F)(F)F)=C3)C(=O)C2(C)C)C=C1F,1
Cl[Hg]C1=CC=CC=C1,1
[F-],1
C#CC(C)(C)NCC(O)COC1=CC=CC=2SN=CC12,1
CCCC(C)C1(CC)C(=O)N=C([O-])NC1=O,1
CN(C)CCCl,1
COCCCN1CCC(NC(=O)C2=CC(Cl)=C(N)C3=C2OCC3)CC1,1
NCCCN(CCCN)CCCCN(CCCN)CCCN,0
CC1CNCCC2=CC=C(Cl)C=C12,0
COC1=CC=C2NC=C(CCN)C2=C1,1
CCN(CC)C(=O)C1C=C2C3=CC=CC=4NC=C(C34)CC2N(C)C1,1
CC1=CC=CC(=C1)N2CC(CO)OC2=O,1
COC1=CC(CC2=CN=C(N)N=C2N)=CC(OC)=C1N,0
CN1CCOC(C2=CC=CC=C2C1)C3=CC=CC=C3,1
CCCCNC(=O)C1=CC=C(C)N=C1NC2=CC=CC=C2,1
CC(C)NCC(O)COCC1=CC=CC=C1,1
OC1=CC=C(O)C=C1,1
C=CCC1(C(C)OC)COC(C)OC1,0
CCC=CCC=CCC=CCC=CCC=CCCCC(=O)O,0
COC1=CN=C(OC)N2N=C(NS(=O)(=O)C3=C(OCC(F)F)C=CC=C3C(F)(F)F)N=C12,1
CCN(CC)C(=O)C1=CC=CC(C)=C1,1
CC=C(C)C(=O)OC1C(=CC23C(=O)C(C=C(CO)C(O)C12O)C4C(CC3C)C4(C)C)C,0
CC(=O)OC1=CC=C(C=C1)C(C2=CC=C(C=C2)OC(=O)C)C3=CC=CC=N3,0
CC(=NC#N)N(C)CC1=CC=C(Cl)N=C1,1
CC1=C2C=CC=CC2=C(C)C3=C1C=CC4=CC=CC=C34,1
COC1=CC=CC=C1OCC(COC(=O)N)O,1
CCC(=O)C,1
CCN(CC)CCCN1C(=O)CN=C(C2=CC=CC=C2F)C3=CC(Cl)=CC=C13,1
COC1=CC(C2C3=CC4=C(C=C3C(OC5OC6COC(C)OC6C(O)C5O)C7COC(=O)C27)OCO4)=CC(OC)=C1O,1
CCN(CC)CCOC1=CC=C(C(O)(CC2=CC=C(Cl)C=C2)C3=CC=C(C)C=C3)C=C1,0
CCCCOC(=O)C(C)OC1=CC=C(OC2=CC=C(C=C2F)C#N)C=C1,1
O=C([O-])CCCC1=CC=CC=C1,0
NCCC(O)(P(=O)(O)O)P(=O)(O)O,1
CNC(=O)OC1=CC=C2C(=C1)C3(C)CCN(C)C3N2C,1
CCC(=O)C1=CC=C2SC3=CC=CC=C3N(CC(C)N(C)C)C2=C1,1
COC1OC(COS(=O)(=O)O)C(OC2OC(C(OC)C(O)C2OS(=O)(=O)O)C(=O)[O-])C([O-])C1NOS(=O)(=O)O,0
CN(C)P(=O)(F)N(C)C,1
CCC(N)CC1=CNC2=CC=CC=C12,1
CC(=O)C1(O)CCC2C3C=CC4=CC(=O)CCC4C3CCC12C,0
OC(CC(O)C=CC1=C(N=C2C=CC=CC2=C1C3=CC=C(F)C=C3)C4CC4)CC(=O)O,1
CC12C=CC(=O)C=C1CCC3C2CCC4(C)C3CCC4(C)O,1
CCCC1=NN(C)C=2C(=O)NC(C3=CC(S(=O)(=O)N4CCN(C)CC4)=CC=C3OCC)=NC12,1
CCCNCC(O)COC1=CC=CC=C1C(=O)CCC2=CC=CC=C2,1
O=C1CCC2=CC=C(OCCCCN3CCN(C4=CC=CC(Cl)=C4Cl)CC3)C=C2N1,1
CN1C2CCC1CC(C2)OC(C3=CC=CC=C3)C4=CC=CC=C4,1
CCC(CO)NC(=O)C1C=C2C3=CC=CC=4NC=C(C34)CC2N(C)C1,1
CCC(=C)C(=O)C1=CC=C(OCC(=O)O)C(Cl)=C1Cl,1
CCOC(=O)CC(C(=O)OCC)SP(=O)(OC)OC,1
CC(C(=O)O)C(=O)O,1
C#CC(O)(C=CCl)CC,1
CCCC(C)(COC(=O)NC(C)C)CN(C(=O)O)C(=O)CC,0
CC[N+](C)(C)C1=CC=CC(O)=C1,1
O=C1CC(NC(=O)C2CCCCC2)C=3C=CSC31,0
CCCC1=CC(=O)NC(=S)N1,1
O=C1C(=O)C2=CC=CC=C2C(O)=C1C3CCC(C4=CC=C(Cl)C=C4)CC3,0
CCCC(=O)OC1(CCCC2C3CCC4=CC(=O)C=CC4(C)C3C(O)CC12C)C(C)=O,0
CC1=C(F)C(F)=C(COC(=O)C2C(C=C(Cl)C(F)(F)F)C2(C)C)C(F)=C1F,1
CCOC(=O)CC(C)C,1
C[S+](C)CCC(N)C(=O)O,0
CC(=O)C1=C(C)C([N+](=O)[O-])=C(C(C)(C)C)C([N+](=O)[O-])=C1C,1
CNC(=O)ON=CC(C)(C)SC,1
CC(C)(C)C1=CC(CN)=C(O)C(=C1)S(=O)(=O)C,0
CCCCCN1C=C(C(=O)C2C(C)(C)C2(C)C)C3=CC=CC=C13,1
OC(O)C(Cl)(Cl)Cl,1
CC(C)C(C(=O)OC(C#N)C1=CC=CC(OC2=CC=CC=C2)=C1)C3=CC=C(Cl)C=C3,1
CN1CCCC(OC(=O)C(O)(C2=CC=CC=C2)C3CCCCC3)C1,1
C[Hg],1
CCC(CC(C)N(C)C)(C#N)C1=CC=CC=C1,0
CCCNC(=O)OCC(C)(CCC)CCN(C)C(=O)O,1
COC1=CC(C=C2CCCC(=CC3=CC=C(O)C(OC)=C3)C2=O)=CC=C1O,0
CCCC1=NC(C)=C2C(=O)NC(C3=CC(S(=O)(=O)N4CCN(CC)CC4)=CC=C3OCC)=NN12,1
CNC(=O)OCC(C)(CNC(=O)O)C(C)C,0
CC[PbH](CC)CC,1
CC(C)(C)C1=CC(CCCOCC2=CC=CN=C2)=CC(=C1O)C(C)(C)C,0
CC(=O)NC1=CC=C(C=C1)C=NNC(=S)N,1
CCOC(=O)C(C1=C(O)C2=CC=CC=C2OC1=O)C3=C(O)C4=CC=CC=C4OC3=O,0
CN1C(=O)C(N2CCCCC2)SC1=CC(=O)O,0
CCOP(=S)(OCC)OC=1C=C(ON1)C2=CC=CC=C2,1
CC1=CN(C2CC(N=[N+]=[N-])C(COP(=O)(O)OP(=O)(O)OP(=O)(O)O)O2)C(=O)NC1=O,1
S(=O)(=O)(NC)CC=1C=C2C(CCN(C)C)=CNC2=CC1,1
CC1=CC=C(C=C1)C(CO)CO,1
NC1=CC=C(O)C(C(=O)O)=C1,1
CCNC(=O)NCC1=CC=CC(Cl)=C1,0
C=C1CCC2(O)C3CC4=CC=C(O)C5=C4C2(CCN3CC6CC6)C1O5,0
O=C(OCCOCCN1CCCCC1)N2C3=CC=CC=C3SC4=CC=CN=C24,0
CN(C)CCC(O)(C1=CC=CC=C1)C2=CC=CC=C2Cl,0
CCOC(=O)C1CCCN=C(N)N1,1
CC12NC(CC3=CC=CC=C13)C4=CC=CC=C24,1
CC(=O)OC1=CC2=C(S1)CCN(C2)C(C3=CC=CC=C3F)C(=O)C4CC4,1
CCCCCCCCSC(=O)OC1=CC(Cl)=NN=C1C2=CC=CC=C2,1
CCC(CC)NC1=C([N+](=O)[O-])C=C(C)C(C)=C1[N+](=O)[O-],1
OC(=O)C1=CC=C(C=C1)N2N=C(N=C2C3=CC=CC=C3O)C4=CC=CC=C4O,0
COC1=CC=C(Cl)C=C1C(=O)NCCC2=CC=C(C=C2)S(=O)(=O)NC(=O)NC3CCCCC3,1
CC(=O)SC1CC2=CC(=O)CCC2(C)C3CCC4(C)C(CCC45CCC(=O)O5)C13,1
CC1CC2=CC=CC=C2N1C(=O)CN3CCCCC3,1
CC(CC1=CC=CC(C(F)(F)F)=C1)NCCOC(=O)C2=CC=CC=C2,0
COCCCOC1=CC=NC(CS(=O)C2=NC3=CC=CC=C3N2)=C1C,1
OC1=CC=C(CC2=NC=CC3=CC(O)=C(O)C=C23)C=C1O,0
C1=CN=NC=N1,1
CCC(=O)OCC(=O)C1(OC(=O)CC)C(C)CC2C3CCC4=CC(=O)C=CC4(C)C3(Cl)C(O)CC12C,1
CC(C)OP1(=O)CC=CC1,0
CC(CCC1=CC=C(C=C1)O)NCCC2=CC=C(C(=C2)O)O,1
CCC1=NN(CCCN2CCN(CC2)C3=CC=CC(Cl)=C3)C(=O)N1CCOC4=CC=CC=C4,1
OCCN(CCO)C1=NC(N2CCCCC2)=C3N=C(N(CCO)CCO)N=C(N4CCCCC4)C3=N1,1
CC1CCC2C(C)C(=O)OC3OC4(C)CCC1C23OO4,1
CN1C(C)(C)CC(CC1(C)C)OC(=O)CCC(=O)OC2CC(C)(C)N(C)C(C)(C)C2,0
COC(=O)NC(=S)NC1=CC=CC=C1NC(=S)NC(=O)OC,1
CCOC(CC)(COC(=O)N)COC(=O)N,0
CC1CCC2C(C)(C)C3CC12CCC3(C)O,1
C=C1CC1CC(NC(=O)CCC(N)C(=O)O)C(=O)O,0
CC(C)(C)C(O)(CCC1=CC=C(Cl)C=C1)CN2C=NC=N2,1
ClC1=CC=CC=C1C=C(C#N)C#N,1
CC(=O)OC1C=C2C(=CC3C(CCC4(C)C3CCC4(OC(=O)C)C(=O)C)C2(C)CC1)Cl,0
CCOC(=O)NC1CCC2C(C=CC3=CC=C(C4=CC=CC(F)=C4)C=N3)C5C(C)OC(=O)C5CC2C1,1
[O-][N+](=O)C1=CC=C(NN=CCCl)C(=C1)[N+](=O)[O-],1
COC1=CC=NC(CS(=O)C2=NC3=CC=C(OC(F)F)C=C3N2)=C1OC,1
CC(=CC(=O)O)C1CCCCC1,0
O=CC(O)C(O)C(O)C(O)CO,1
CCC1=CC2=C(C=C1CC)CC(NCC(O)C3=CC=C(O)C=4NC(=O)C=CC34)C2,1
CN(C)CCOCCOC(=O)N1C2=CC=CC=C2SC3=CC=CC=C13,0
NC(C(=O)O)C(O)C1=CC=C(O)C(O)=C1,0
COC(=O)NC1=CC=CC(C)=C1CNC2=CC=CN3C(C)=C(C)N=C23,0
CC1=CC(C)=C(C=C2C(=O)NC3=CC=CC=C23)N1,1
CCC1(C)CC(=O)NC1=O,1
CCC(C)(CC)NCC(O)COC1=CC=CC=2SN=CC12,1
CCCCCCCCCC(=O)OCCN1CCN(CCC=C2C3=CC=CC=C3SC4=CC=C(C(F)(F)F)C=C42)CC1,1
CCOC(=O)CC[N+](C)(C)CCOCC[N+](C)(C)CCC(=O)OCC,1
C1=CC(=CC=C1N=C=O)Br,1
CC1=CC=C(C=C1)S(=O)(=O)NC(=O)NN2CCCCCC2,1
O=C(N1CCN(C2=NC(N)=C3C(=N2)C=C(OC)C(OC)=C3)CC1)C=4OC=CC4,1
OC(CN1CCN(CC1)C2=CC=CC=C2)C3=CC=CN=C3,1
CC(CC1=CC=CC=C1)NC(=O)C(N)CC2=CC=CC=C2,1
CCN(CC)CC(=O)N(C)C1(CC)C(=O)C2=CC=CC=C2C1=O,0
CC12CCC3C(CCC4=CC(=O)CCC34C)C1CCC2O,1
CC(C)(C)C1=CC=CC=C1OP(=O)([O-])OC2=CC=CC=C2,1
ClC1=CC=C(CN2CCSC2=NC#N)C=N1,1
N#CCCN,1
CC(C)(C=C)C12CC3N(C1NC4=CC=CC=C24)C(=O)C(=CC5=CNC=N5)NC3=O,1
CC(C)CN(CC(O)C(CC1=CC=CC=C1)NC(=O)OC2COC3OCCC23)S(=O)(=O)C4=CC=C(N)C=C4,0
COC1=CC=C2NC=C(CCN(C(C)C)C(C)C)C2=C1,1
CNC(=O)C1=CC=CC(NCC(=O)NCCC2=CC=C(OC)C(OC)=C2)=C1,0
NCCCCC(NC(CCC1=CC=CC=C1)C(=O)O)C(=O)N2CCCC2C(=O)O,1
CC1(C2C1C(N(C2)C(=O)C(C(C)(C)C)NC(=O)NC(C)(C)C)C(=O)NC(CC3CCC3)C(=O)C(=O)N)C,1
BBBBBBBBBBCC,1
C(C(C1=CC=CC=C1)C2=CC=CC=N2)C3=NCCN3,0
CON=C(C1=NOCCO1)C2=CC=CC=C2OC3=NC=NC(OC4=CC=CC=C4Cl)=C3F,1
CC(C)(C(=O)O)C1=CC=C(C(O)CCCN2CCC(C(O)(C3=CC=CC=C3)C4=CC=CC=C4)CC2)C=C1,1
ClCC(=O)C1=CC=CC=C1,1
CC1(C)OCC(COC(=O)CCC2=CC=C(OCC(O)CNCCNC(=O)N3CCOCC3)C=C2)O1,0
CCCCSP(SCCCC)SCCCC,1
CC(=O)OC1CCC2(C)C3C(=O)C=C4C5CC(C)(C(=O)OCC=CC6=CC=CC=C6)CCC5(C)CCC4(C)C3(C)CCC2C1(C)C,0
C=CC=O,1
OCC1OC(C(O)C1O)N2N=CC(=O)NC2=O,1
CCCCOC(=O)COC1=CC(Cl)=C(Cl)C=C1Cl,1
CC(C)N1C(=NC(C)(C)C)SCN(C1=O)C2=CC=CC=C2,1
CCN(CC)CCOC1=CC=CC(OCCN(CC)CC)=C1OCCN(CC)CC,1
O=C1CCCC(=O)C1C(=O)C2=CC=C(C(F)(F)F)C=C2[N+](=O)[O-],0
NC(N)=NCC1CCC(C(=O)OC2=CC=CC=C2C(=O)OCC3=CC=CC=C3)CC1,0
CC1=CC=CC(OC=2C=NC(=O)NC2)=C1,0
CN(C)CCCN1C=2C(SC=3C1=CC=CC3)=CC=C(C2)C(F)(F)F,1
CCCCC(=O)OC1(C(=O)CO)CCC2C3CCC4=CC(=O)CCC4(C)C3C(O)CC21C,0
COC1=CC=C(F)C=C1C(C)NC(=O)CC2=CC=C(S(=O)(=O)NC3=NC=C(CC(C)C)C=N3)C=C2,0
OC(CNC1CCCCC1)COC2CCCC2,1
CC1=CC=C(N2N=CC=N2)C(C(=O)N3CCN(C4=NC5=CC(Cl)=CC=C5O4)CCC3C)=C1,1
C=CCN1C(=O)C2=C(N=CN2C)N(C)C1=O,1
CCN(CC)C(=O)NC1C=C2C3=CC=CC=4NC=C(C34)CC2N(C)C1,1
CC(=CCCC(=CCCC(=CCCC(=CCO)C)CO)C)C,0
O=C1C2=CC=CC=C2C(=O)C1C3=CC=C(F)C=C3,0
C=CCCC(=O)C=CC1C(=CCCC1(C)C)C,1
CCNC(C)CC1=CC=C2C(=C1)OCO2,1
CCC(C)C(=O)OC1CC(O)C=C2C=CC(C)C(CCC(O)CC(O)CC(=O)O)C12,1
ClC1=CC=C(C=C1)C(C2=CC=C(Cl)C=C2)C(Cl)(Cl)Cl,1
CCCC(C)(COC(=O)N)COC(=O)NC1=CC=CN=C1,1
COC1=CC(C(=O)C=CC(=O)O)=CC(OC)=C1OC,0
CN1CCC=2N=C(C(=O)NC3CC(C(=O)N(C)C)CCC3NC(=O)C(=O)NC4=CC=C(Cl)C=N4)SC2C1,0
COC1=CC=C(Cl)C=C1NC(=O)CC2=CC=C(C=C2)S(=O)(=O)NC3=NC=C(CC(C)C)C=N3,0
CCN(CC)CCNC1=NCCC2=CC=CC=C12,0
NC1=NC(C(=CCC(=O)O)C(=O)NC2C(=O)N3C(C(=O)O)=CCSC23)=CS1,0
CC=1NC=NC1CN2CCC3=C(C4=CC=CC=C4N3C)C2=O,1
CN1C(CCCC(=O)O)=NC2=CC(=CC=C12)N(CCCl)CCCl,1
C=CC1(C)CC(OC(=O)CSC2CC3CCC(C2)N3C)C4(C)C(C)CCC5(CCC(=O)C45)C(C)C1O,0
CCCCN(CC)C1=C([N+](=O)[O-])C=C(C(F)(F)F)C=C1[N+](=O)[O-],1
CC1=CC=CC=C1C(C2=CC=CC=C2)OCCN(C)C,1
COC1=CC=C(C(=O)CCC(=O)O)C2=CC=CC=C12,0
OCC(CO)C1CCCCC1,1
CCC(=O)N(C1=CC=CC=C1)C2CCN(CCC3=CC=CC=C3)CC2,1
CC(C)(C)C1=CC(O)=CC=C1O,1
COC(=S)NCCN1C(C)=NC=C1[N+](=O)[O-],0
ClC(Cl)(Cl)SN1C(=O)C2=CC=CC=C2C1=O,1
NC1=CC(Cl)=C(NC2=NCCN2)C(Cl)=C1,1
NCC1CCC(C(=O)C2=CC=C(CCC(=O)O)C=C2)CC1,0
COC1=CC=C(CCN(C)CCCC2(C3=CC=C(OC)C(OC)=C3)S(=O)(=O)CCCS2(=O)=O)C=C1OC,1
CC1=NC=C(CSSCC2=CN=C(C)C(O)=C2CO)C(CO)=C1O,1
COC1=CC=CC=C1N2CCN(CCC3=CC=CN=C3)CC2,1
CC(C)C1=CC=CC=C1,1
CC(C)C1=C(C(=O)NC2=CC=CC=C2)C(C3=CC=CC=C3)=C(C4=CC=C(F)C=C4)N1CCC(O)CC(O)CC(=O)O,1
NCCC1=CNC2=CC=C(O)C=C12,1
COC1=CC=C(CCN2CCN(CC2)C3=CC=CC(C)=C3)C=C1OC,1
CC(=O)NC1=CC=CC=2C(=O)N(C)C3=CC=CC=C3C(=O)C12,0
NC1=NC2=C(C(=O)N1)N(C=O)C(CNC3=CC=C(C(=O)NC(CCC(=O)O)C(=O)O)C=C3)CN2,1
CC1=C(COC(=O)C2C(C=C(Cl)C(F)(F)F)C2(C)C)C=CC=C1C3=CC=CC=C3,1
C(N1CCN(CC1)C2CCCCC2)C34CC5CC(CC(C5)C3)C4,1
CCOC(=O)C1=CC(OC(CC)CC)C(NC(=O)C)C(N)C1,1
OCCN1CCN(CCC=C2C3=CC=CC=C3SC4=CC=C(Cl)C=C24)CC1,1
CCSCC1=CC=CC=C1OC(=O)NC,1
O=C(NN=C1CCCCC1)C(=O)NN=C2CCCCC2,1
CN(C)CCC1=CNC2=CC=C(CS(=O)(=O)N3CCCC3)C=C12,1
NS(=O)(=O)C1=CC(=C(NCC=2OC=CC2)C=C1OC3=CC=CC=C3)S(=O)(=O)O,0
CCOC(=O)C1=C2CN(C)C(=O)C3=C(I)C=CC=C3N2C=N1,0
C1CC(=O)NC(=O)C1N2C(=O)C3=CC=CC=C3C2=O,1
OC(=O)CN1C(=O)C(CCC2=CC=CC=C12)NC(CCC3=CC=CC=C3)C(=O)O,0
CC1=C(C(=O)NC2=CC=CC=C2)SCCO1,1
NC1=NC=NC=2NC=NC12,1
CCCC1CC(C(=O)NC(C(C)O)C2OC(SC)C(O)C(O)C2O)N(C)C1,1
CCOC(CN1CCN(CC(C)C(=O)C2=CC=CC=C2)CC1)C3=CC=CC=C3,0
COC(=O)C1C2CC3C=4NC5=CC(OC)=CC=C5C4CCN3CC2CC(OC(=O)C6=CC(OC)=C(OC)C(OC)=C6)C1OC,1
CCCOP1(=O)C=CCC1,0
CCO,1
CC(=CC1=CC=CC=C1)C=C2SC(=S)N(CC(=O)O)C2=O,0
CCN(CC)CCN1C(=O)CN=C(C2=CC=CC=N2)C3=CC(Br)=CC=C13,1
COC1=CC2=C(C=C1OC)C(CC3=CC(OC)=C(OC)C(OC)=C3)[N+](C)(CCCOC(=O)CCC=CCCC(=O)OCCC[N+]4(C)CCC5=CC(OC)=C(OC)C=C5C4CC6=CC(OC)=C(OC)C(OC)=C6)CC2,1
CCC(COC(=O)N)(COC(=O)NC1=CC=CC=C1)C2=CC=CC=C2,0
CC(=O)C1(N)CC2=C(O)C3=C(C(O)=C2C(OC4CC(O)C(O)CO4)C1)C(=O)C5=CC=CC=C5C3=O,0
NS(=O)(=O)C1=CC2=C(NC(NS2(=O)=O)C(Cl)(Cl)Cl)C=C1Cl,0
NCC1OC(OC2C(N)CC(N)C(OC3OC(CO)C(O)C(N)C3O)C2O)C(O)C(O)C1O,1
OC(CCN1CCCCC1)(C2=CC=CC=C2)C3CC4C=CC3C4,1
CS(=O)(=O)NC1=CC=C([N+](=O)[O-])C=C1OC2=CC=CC=C2,1
N#CC1=CC=CC=C1C#N,1
OS(=O)(=O)OC1=CC=C(C=C1)C(C2=CC=C(OS(=O)(=O)O)C=C2)C3=CC=CC=N3,0
CCCCCNC(=O)OCC(C)(CCC)COC(=O)N,0
CCOC(CN1CCN(CC1)C2=CC=CC=C2OC)C3=CC=CN=C3,1
CC(C)OC(=O)NC1=CC=CC(Cl)=C1,1
O=C1N=C([O-])C=CN1C2OC(COP(=O)([O-])OP(=O)(O)OP(=O)(O)OP(=O)([O-])OCC3OC(N4C=CC([O-])=NC4=O)C(O)C3O)C(O)C2O,0
[CH-]1C=CC=C1,1
O=C(CCCN1CCC(N2C(=O)NC3=CC=CC=C32)CC1)C4=CC=C(F)C=C4,1
NC1=NC(NC2CC2)=C3N=CN(C4C=CC(CO)C4)C3=N1,1
O=C1C2=CC=CC=C2C(=O)C1C3=CC=C(Br)C=C3,0
CCCCCC(=O)OC1(CCC2C1(C)CCC3C2CCC4=CC(=O)CCC34C)C(=O)C,0
CN(C)CCC=C1C2=CC=CC=C2COC3=CC=CC=C13,1
CCCCCC(O)CCC1C(O)CC2CC3=C(C=CC=C3OCC(=O)O)CC21,0
C(N(CC1=CC=CC=C1)C2=CC=CC=C2)C3=NCCN3,1
CC[N+](CC)(CC)CCC(O)(C1=CC=CC=C1)C2CCCCC2,1
CCN(CC)C(=O)C1CN(C)C2CC3=C(Br)NC4=CC=CC(C2=C1)=C34,1
CC(C)(OC1=CC=C(Cl)C=C1)C(=O)N2CSCC2C(=O)O,0
CCCC(=O)C1=CC(O)=C(O)C=C1O,1
COC1=CC=C2C=C(CCC(=O)C)C=CC2=C1,1
CN1C=CC=C1C(C(C(NC2=CC=CC=C2)=O)C#N)=O,0
CC(C)NP(=O)(F)NC(C)C,1
O=C(C1=CC=CC=C1)C2=CC=CC(NC(=O)C=3C=CN4C3CSC4C5=CC=CN=C5)=C2,0
CC1C2=CC=CC(O)=C2C(=O)C3=C(O)C4(O)C(=O)C(=C(O)C(N(C)C)C4C(O)C13)C(=O)N,1
CC=C1NC(=O)C2CSSCCC=CC(CC(=O)NC(C(C)C)C(=O)N2)OC(=O)C(C(C)C)NC1=O,0
CC(=O)C1(O)CCC2C3CC(C)C4=CC(=O)C=CC4(C)C3(F)C(O)CC12C,0
CC(Br)C(=O)NC(=O)OCC(C)C(OC(=O)NC(=O)C(C)Br)C(C)C,0
ClC1=CC=C2C(=C1)CCC3=CC=CN=C3C2=C4CCNCC4,1
O=C(NNCC1=CC=CC=C1)C2=NOC(C)=C2,1
CC(=O)NC(CCC(=O)[O-])C(=O)[O-],0
CC1=CC=CC([N+](=O)[O-])=C1[N+](=O)[O-],1
CC(SC1=CC(=C(C(=C1)C(C)(C)C)O)C(C)(C)C)(SC2=CC(=C(C(=C2)C(C)(C)C)O)C(C)(C)C)C,0
CCNC(=O)N1C(C2=CC=C(Cl)C=C2)C3C(=O)C(C(C4=CC=C(Cl)C=C4)NC3C5=CC=C(Cl)C=C5)C1C6=CC=C(Cl)C=C6,0
CC(C)C(NC1=CC=C(C(F)(F)F)C=C1Cl)C(=O)OC(C#N)C2=CC=CC(OC3=CC=CC=C3)=C2,1
C=CCNC1=NC(NCC=C)=NC(N2CCN(C(C3=CC=C(F)C=C3)C4=CC=C(F)C=C4)CC2)=N1,1
CC(O)C1C(=O)N2C(=C(SC3CN(C4=NCCS4)C3)C(C)C12)C(=O)OCOC(=O)C(C)(C)C,0
[O-]Cl=O,1
CC(C)(C)NCC(O)COCC1=CC=CC=C1,1
CCN1C=C(C(=O)O)C(=O)C2=CC=C(C)N=C12,1
CC(N)C(O)C1=CC=CC=C1,1
C[N+](C)(C)CCOC(CC1=CC=CC=C1)C2=CC=CC=C2,0
CCOP(=S)(OCC)OC1=CC(C)=NC(=N1)C(C)C,1
CC(C)(C)C1=CC(C(C(=O)O)C2=CC(C(C)(C)C)=C(O)C(C(C)(C)C)=C2)=CC(C(C)(C)C)=C1O,0
COP(=S)(OC)SCN1C(=O)C2=CC=CC=C2C1=O,1
CC1CC(C)C(=O)C(C(O)CC2CC(=O)NC(=O)C2)C1,1
OC(=O)C1=CC=CN=C1C(=O)O,1
CC1=NN=C2N1C3=CC=C(C=C3C(=NC2)C4=CC=CC=C4Cl)Cl,1
CNC(=O)C=1C=NN(C2=NC(N)=C3N=CN(C4OC(CO)C(O)C4O)C3=N2)C1,0
CCC(CC)C(CO)CO,1
CCCCC1C(=O)N(N(C1=O)C2=CC=CC=C2)C3=CC=CC=C3,1
CCNC(=S)N1C(C2=CC=CC=C2)C3C(=O)C(C)(C(C4=CC=CC=C4)NC3C5=CC=CC=C5)C1C6=CC=CC=C6,0
COC1=CC=C(C=C1)C2SC3=CC=CC=C3N(CCN(C)C)C(=O)C2OC(=O)C,1
NCCNCCNCCNCCN,0
O=P1(NCCCl)OCCCN1CCCl,1
CC(N)(CC1=CC=C(O)C(O)=C1)C(=O)O,1
CCNC1CC(N)C(OC2OC(=CCC2N)CN)C(O)C1OC3OCC(C)(O)C(NC)C3O,1
CCCCOC1=CC=C(C2(C)NC(=O)NC2=O)C=C1,0
CCN1C=C(C(=O)O)C(=O)C2=CC(F)=C(N3CCNC(C)C3)C(F)=C12,1
CNC1(C2=CC=CC=C2Cl)CCCCC1=O,1
O=C1C2=CC=CC=C2C(=O)C1C3=CC=CC=C3,1
CC(CC1C2=CC=CC=C2CCC3=CC=CC=C13)CN(C)C,1
CCCCNC(=O)NS(=O)(=O)C1=CC=C(C)C=C1,1
COC1=CC=C2C(=C1OC)C(=O)OC2C3C4=CC5=C(C=C4CCN3C)OCO5,0
CCCCCC(O)C=CC1C(O)CC2OC(=CCCCC(=O)O)CC12,0
CC(C)N1C(C=CC(O)CC(O)CC(=O)[O-])=C(C2=CC=C(F)C=C2)C3=CC=CC=C13,1
CS(C)=O,1
OCC(CO)NC1CC(O)(CO)C(O)C(O)C1O,0
CNS(=O)(=O)C1=CC(=C(Cl)C=C1N)S(=O)(=O)NC,0
CC(C)CCOC1=CC=C(C2(C)NC(=O)NC2=O)C=C1,0
O=C(NC1=CC=CC(C2=NCCN2)=C1)NC3=CC=CC(C4=NCCN4)=C3,0
C=CCC1=CC=C(C(=C1)OC)O,1
CCCCOC1=CC(C(=O)NCCN(CC)CC)=C2C=CC=CC2=N1,1
OC(CON=C(Cl)C1=CC=CN=C1)CN2CCCCC2,0
C1=CC=C(OC2=CC=C(CN3CCCCC3)O2)C=C1,0
COC1=CC=CC=C1N2CCN(CC(O)C3=CC=CC=N3)CC2,1
S=C1NC=NC2N=CNC12,1
CN(C)CCCOC1CC(C)(C)N(C)C(C)(C)C1,0
CC1=CC=C([N+](=O)[O-])C=C1[N+](=O)[O-],1
COC1=CC=C(C=C1OC2CCCC2)C3CNC(=O)C3,1
CCOCC1COC2=C(C=C3NC=C(C(=O)OCC)C(=O)C3=C2Cl)O1,0
C=CCC1(C(C)C#CCC)C(=O)NC(=O)N(C)C1=O,1
CP(=O)(O)CCC(N)C(=O)O,1
CC(C)(OC1=CC=C(Cl)C=C1)C(=O)OCCCOC(=O)C2=CC=CN=C2,0
ClC1=CC=C2C(=C1)C(=NC3=C(O2)C=CC=C3)N4CCNCC4,1
CN(C)CCCN1C2=CC=CC=C2CCC3=CC=C(Cl)C=C13,1
C=CC(=O)NCO,1
CC1OC(OC2CC(O)C3(CO)C4C(O)CC5(C)C(C6=CC(=O)OC6)CCC5(O)C4CCC3(O)C2)C(O)C(O)C1O,1
CNC(=O)C1=CC=C(C)N=C1NC2=CC=C(OC)C=C2,1
OC1=CC=C2C(=CC(=O)OC2=C1)CN3CCOCC3,0
CC1=CN(C2CC(O)C(CO)O2)C(=O)NC1=O,1
COC1=NC=CC=C1C(=O)NCCC2CCN(CC2)S(=O)(=O)NC(=O)NCC3CC4CC3C=C4,0
CN1CCN(CCCN2C(=O)CN=C(C3=CC=CC=C3)C4=CC(Cl)=CC=C24)CC1,1
COC1=CC2=C3C(CC4=CC=C(O)C(OC5=CC6=C(CCN(C)C6CC7=CC=C(OC3=C1O)C=C7)C=C5OC)=C4)[N+](C)(C)CC2,1
CCC(CO)NCCNC(CC)CO,1
CC(C)(N)CC1=CC=C(Cl)C=C1,1
CC(C)C(OC(=O)NCCCl)C(C)COC(=O)NCCCl,1
CCCCCCCCC=CCCCCCCCC(=O)O,1
CC1CCC(NC(=O)NS(=O)(=O)C2=CC=C(CCNC(=O)N(C)C3=CC=CC=N3)C=C2)CC1,0
OCC(CO)CCCC1=CC=CC=C1,1
CC1=C(C=O)C(=O)N(C2=CC=CC=C2)N1C,0
CN1CCN(C2=NC3=CC(Cl)=CC=C3NC4=CC=CC=C42)CC1,1
CC1=C(C=NO1)C(=O)NC2=CC=C(C=C2)C(F)(F)F,1
CN(C)CCOC1=CC=C(C(=C(CCCl)C2=CC=CC=C2)C3=CC=CC=C3)C=C1,1
COC1=CC=C(CCN2CCN(CC2)C3=CC=CC=C3OC)C=C1OC,1
CCC1NC2=CC(Cl)=C(C=C2S(=O)(=O)N1)S(=O)(=O)N,0
COCCC1(C)COC(C)OC1,0
NC(=S)NC(=S)N,1
CC(=O)C1CCC2C3CC=C4C=C(CCC4(C)C3CCC12C)OC5CCCC5,0
CC1(C)SC2C(NC(=O)C(N)C3=CC=CC=C3)C(=O)N2C1C(O)=O,1
CCCCCCCC[N+](C)(C)CCOCC[N+](C)(C)CCCCCCCC,1
CC(C(C1=CC=CC=C1)O)NC,1
C=CCC(C)(COC(=O)N)COC(=O)N,1
COC1=CC=C(C(CN(C)C)C2(O)CCCCC2)C=C1,1
COC1(NC(=O)CSCC#N)C(=O)N2C(C(=O)O)=C(CSC3=NN=NN3C)CSC12,1
OC(=O)C1CSCN1,0
O=C1CN2CC3=C(C=CC(Cl)=C3Cl)N=C2N1,1
C=CCNCCCCCCCCCC,0
FC(F)C(F)(F)OCC(CN1C=NC=N1)C2=CC=C(Cl)C=C2Cl,1
CN1C2CCC1CC(C2)OC(=O)C(O)C3=CC=CC=C3,1
CCNC1CN(CCCOC)S(=O)(=O)C2=C1C=C(S2)S(N)(=O)=O,0
CCN(CC)CCNC(=O)COC1=CC=C(C2=CC=CC=C2)C=C1,1
CCOP(=S)(NC(C)C)OC1=CC=CC=C1C(=O)OC(C)C,1
CC1(C)C(C=C(Br)Br)C1C(=O)OC(C#N)C2=CC=CC(OC3=CC=CC=C3)=C2,1
CN1CCC(CN2C3=CC=CC=C3SC4=CC=CC=C24)C1,1
CC12C(=O)OC(=O)C1(C)C3CCC2O3,1
CCOC1=CC=C2NC(C)(C)C=C(C)C2=C1,1
CC(O)C1C(=O)N2C(=C(SCCN=CN)CC12)C(=O)O,1
CC(=NNC(=O)N)C,1
NC1CCN(C1)C2=C(F)C=C3C(=O)C(=CN(C4CC4)C3=C2Cl)C(O)=O,1
ClC1=C(Cl)C2(Cl)C3C=CC(Cl)C3C1(Cl)C2(Cl)Cl,1
CCC(CCl)(COC(=O)N)COC(=O)N,0
CCN(CC)CCOC(=O)C1(C2=CC=CC=C2)CCCC1,0
O=C(CCCN1CCC(O)(C2=CC=C(Br)C=C2)CC1)C3=CC=C(F)C=C3,1
C=CCC1(C(C)CCC)C(=O)NC(=O)NC1=O,1
CC(C(C1=CC=C(C)C=C1)=O)NC,1
C=CC(N)CCC(=O)O,1
COC1=CC=C2CC3N(C)CCC4(CC(O)CCC34O)C2=C1OC,0
CCN(CC1=CC=NC=C1)C(=O)C(CO)C2=CC=CC=C2,1
ClC1=C(Cl)C2(Cl)C3C4CC(C5OC45)C3C1(Cl)C2(Cl)Cl,1
CCCC[N+](C)(C)CCOCC[N+](C)(C)CCCC,1
ClC1=CC=C(COC(CN2C=CN=C2)C3=CC=C(Cl)C=C3Cl)C(Cl)=C1,1
CC(CCC[N+](C)(C)C)C=1OC=CC1,1
COC1=CC=C(C=C1)N2CCN(CCC3=CC=C(OC)C(OC)=C3)CC2,1
O=C1NC(=O)N(C2CC(O)C(CO)O2)C=C1F,1
CCN(CC)CC1=CC(NC2=CC=NC3=CC(Cl)=CC=C23)=CC=C1O,1
CC(CN1C2=CC=CC=C2SC3=CC=CC=C13)N(C)C,1
NC1=NC=2NC=C(CCC3=CC=C(C=C3)C(=O)NC(CCC(=O)[O-])C(=O)[O-])C2C(=O)N1,0
CCC1(C)CC(=O)NC(=O)C1,1
C[N+]1(C)CCCCC1,1
CC1=CC([N+](=O)[O-])=CC([N+](=O)[O-])=C1O,1
C[Hg]Cl,1
FC(F)(F)COCC(F)(F)F,1
CCC1=CC=CC(CC)=C1C(OCCOCCN2CCN(C)CC2)C3=C(CC)C=CC=C3CC,1
CC1C(=O)CCN(CC#CC2=CC=CC=C2)C1C3=CC=CC=C3,1
CN1C2CCC1CC(C2)OC(=O)C(CO)C3=CC=CC=C3,1
C=CCC1(O)CCC2C1(C)CCC3C2CCC4=CCCCC34,0
O=C(O)CC[N+](=O)[O-],1
NC1=CC=C(N)C=C1,1
C(CC(=O)N)C(C(=O)O)N,1
CC1=CC=C(N=CN(C)C=NC2=CC=C(C)C=C2C)C(C)=C1,1
CC(C)(OC1=CC=C(Cl)C=C1)C(=O)OCC2=CC=CC(CO)=N2,0
CC1=CC=C(C=C1)S(=O)(=O)NC(=O)N2CCCC2,0
O=S1(=O)N2CN3CN1CN(C2)S3(=O)=O,1
[Te],1
CC1CC2(C)C(CCC2(OC(C)=O)C(C)=O)C3CCC4=CC(=O)CCC4C13,0
ClC1=CC=CC=C1CN2CCC3=C(C2)C=CS3,1
OC(CN1C=NC=N1)(CN2C=NC=N2)C3=CC=C(F)C=C3F,1
CCOC(=O)COC1=C(Br)C=C(Br)C=C1CN(C)C2CCCCC2,0
CCS(=O)CCSP(=O)(OC)OC,1
CCC(C(=O)O)C1=CC=CC=C1,0
CN(C)C(=S)SSC(=S)N(C)C,1
CC(C)C1=CC=C2OC3=NC(N)=C(C=C3C(=O)C2=C1)C(=O)O,0
ClC=C(Cl)Cl,1
CCN(CC)C(C)CN1C2=CC=CC=C2SC3=CC=CC=C13,1
CN1CCCC1CCOC(C)(C2=CC=CC=C2)C3=CC=C(Cl)C=C3,1
CCC1(O)CC2CN(CCC3=C(NC4=CC=CC=C34)C(C(=O)OC)(C5=CC6=C(C=C5OC)N(C=O)C7C(O)(C(=O)OC)C(OC(=O)C)C8(CC)C=CCN9CCC67C89)C2)C1,1
CC(CC1=CC=CC=C1)NC,1
CC12CC(=O)C3C(CCC4=CC(=O)C=CC34C)C1CCC2(O)C(=O)CO,1
CC1=CC=CC=C1N2CCN(CC(O)C3=CC=CN=C3)CC2,1
CCOC1=CC(=CC(OCC)=C1OCC)C(=O)N2CCOC2,0
ClC=1C=CC=C(C2=CC=C(Cl)C(Cl)=C2Cl)C1Cl,1
CC(C)C1NC(=O)C(CCCCN)NC(=O)C(CC2=CNC3=CC=CC=C23)NC(=O)C(CC4=CC=C(O)C=C4)NC(=O)C(NC(=O)C(N)CC5=CC=C6C=CC=CC6=C5)CSSCC(C(=O)NC(C(N)=O)C(C)O)NC1=O,0
C1=CNC=N1,1
CC1=CC=NC2=C1NC(=O)C3=CC=CN=C3N2C4CC4,1
CCCCCC=CCC=CCCCCCCCC(=O)O,1
N#CC1=CC=C(C(C2=CC=C(C#N)C=C2)N3C=NC=N3)C=C1,1
CC(C)(C1=CC=C(O)C=C1)C2=CC=C(O)C=C2,1
CCCCC1=NC=C(C=C(CC2=CC=CS2)C(=O)O)N1CC3=CC=C(C(=O)O)C=C3,0
B(O)(O)O,1
CCCC(C)(CO)COC(=O)NC(C)CC,1
O=C1CCCCC1C2=C(O)C=CC3=CC=CC=C23,0
CC(=O)OCC[N+](C)(C)C,1
CCCCCCCC(=O)CCC1C(O)CC(O)C1CC=CCCCC(O)=O,0
O=C1C2C3CCC(C3)C2C(=O)N1CC4CCCCC4CN5CCN(CC5)C6=NSC7=CC=CC=C67,1
CN1C(=O)C(O)N=C(C2=CC=CC=C2Cl)C3=CC(Cl)=CC=C13,1
O=[Mn]=O,1
CN(C)CCOC1=CC=CC=C1CC2=CC=CC=C2,1
NC1C(O)OC(CO)C(O)C1O,1
CCCC(=O)OC1(C(=O)CCl)C(C)CC2C3CCC4=CC(=O)C=CC4(C)C3(F)C(=O)CC21C,0
CN(C)CCC=C1C2=CC=CC=C2CCC3=CC=CC=C31,1
CCNC(=O)N1C(C2=CC=C(OC)C=C2)C3C(=O)C(C(C4=CC=C(OC)C=C4)NC3C5=CC=C(OC)C=C5)C1C6=CC=C(OC)C=C6,0
CN(CCOC1=CC=C(NS(C)(=O)=O)C=C1)CCC2=CC=C(NS(C)(=O)=O)C=C2,0
COC1=NC(C)=NC(Cl)=C1NC2=NCCN2,1
NS(=O)(=O)C1=CC2=C(NC(CSCC3=CC=CC=C3)NS2(=O)=O)C=C1Cl,0
CN(C)CCC1=CNC2=CC=C(CC3COC(=O)N3)C=C12,1
CC1=C(N(C)C)C(=O)N(C2=CC=CC=C2)N1C,1
CC(C)(OC1=CC=C(CCNC(=O)C2=CC=C(Cl)C=C2)C=C1)C(O)=O,1
CC1=NC=C(N1CCO)[N+](=O)[O-],1
CC(=O)C1CCC2C3C=C(Cl)C4=CC(=O)C=CC4(C)C3CCC12C,0
CC(CN1C2=CC=CC=C2SC3=CC=CC=C31)CN(C)C,1
CC[N+](C)(C)C(C)CCCCC=1OC=CC1,1
CCOC(=O)NC1=CC=C2C(=C1)N(C(=O)CCN3CCOCC3)C4=CC=CC=C4S2,1
CC(CCN1CCOCC1)OC(=O)C2(CCOCC2)C3=CC=CC=C3,0
CCN(CC)CCOC(=O)C1=CC=C(N)C=C1Cl,1
OC1=CC=C2C(=C1)CCC(C3=CC=CC=C3)C2C4=CC=C(OCCN5CCCC5)C=C4,1
COC1=CC2=C(C=C1OC)C3=C(OC)C(OC)=CC4=C3C(C2)N(C)CC4,0
OC(=O)C(F)(F)C(F)(F)C(F)(F)C(F)(F)C(F)(F)C(F)(F)C(F)(F)F,1
COC1=CC=C(CCN2CCN(CC2)C3=CC=C(Cl)C=C3Cl)C=C1OC,1
OCCOCC1OC(OCCO)C(OCCO)C(OCCO)C1OCCO,0
CCC(CO)(CO)C1CCCCC1,1
[C-]#N,1
COC1=CC(=CC(OC)=C1OC)C2C3=C(O)CC(C)(C)CC3=NC4=C2C(=O)C(C)C4=O,1
CCCCCCCCCCCCC1=CC=CC=C1S(=O)(=O)[O-],1
CC1=CC(=NO1)C(=O)NCCC2=CC=C(C=C2)S(=O)(=O)NC(=O)NN3CCCCCC3,0
CCN1CCN(C(=O)NC(C(=O)NC2C3SCC(=C(N3C2=O)C(=O)O)CSC4=NN=NN4C)C5=CC=C(O)C=C5)C(=O)C1=O,1
OC(=O)C1=CC(Cl)=C2CCCC2=C1O,0
CC(C)CCN1CCN(CC23CC4CC(CC(C4)C2)C3)CC1,1
CC(=O)OC1C(=O)C2(C)C(O)CC3OCC3(OC(C)=O)C2C(OC(=O)C4=CC=CC=C4)C5(O)CC(OC(=O)C(O)C(NC(=O)C6=CC=CC=C6)C7=CC=CC=C7)C(=C1C5(C)C)C,1
CCC(C)(C)C(=O)OC1=C(C(=O)OC12CCCCC2)C3=CC=C(Cl)C=C3Cl,1
CC[N+](C)(CC)CCOC(=O)C1C2=CC=CC=C2OC3=CC=CC=C13,1
C=C(C1=CC=C(C(=O)O)C=C1)C2=CC3=C(C=C2C)C(C)(C)CCC3(C)C,1
COC1C(CO)OC(OCC2OC(OC3C(CO)OC(C)C(O)C3O)C(O)C(O)C2OC4OC(CO)C(OC)C(O)C4OCCO)C(O)C1O,0
COC1=CC=CC=C1OC2=C(NS(=O)(=O)C3=CC=C(C(C)(C)C)C=C3)N=C(C4=NC=CC=N4)N=C2OCCO,0
CNP(=O)(OC1=CC=C(C=C1Cl)C(C)(C)C)OC,1
CC1=NC=C(COP(=O)([O-])[O-])C(CN(CCN(CC(=O)[O-])CC2=C(COP(=O)([O-])[O-])C=NC(C)=C2[O-])CC(=O)[O-])=C1[O-],0
CN1CCN(CC1)C2=NC3=CC=CC=C3SC4=CC=C(Cl)C=C24,1
CCCC(C)(CO)COC(=O)N1CCOCC1,1
O=C1CCC2=CC(OCCCCC3=NN=NN3C4CCCCC4)=CC=C2N1,1
CCOC(=O)C1(CCNCC1)C2=CC=CC=C2,1
CC1=CC=CC(C)=C1NC(=O)C2CCCCN2C,1
NNC(=O)NN,1
CN1CC(C=C2C1CC3=CNC4=CC=CC2=C34)C(=O)N5CCOCC5,1
[NH-]C1CCCCC1[NH-],1
CC(C)(S)C(N)C(=O)O,1
CCOP(=O)(OCC)OC(=CCl)C1=CC=C(Cl)C=C1Cl,1
NC1=NC=NC(NC2=CC=CC=C2)=N1,0
CNCCC1=CC=C2C(=C1)OCO2,0
CC(=O)OC1=CC=C(C=C1)C2(C3=CC=CC=C3NC2=O)C4=CC=C(C=C4)OC(=O)C,0
CCCC(C)C1(CC)C(=O)N=C([S-])NC1=O,1
CC(C)CN1C=NC2=C(N)N=C3C=CC=CC3=C12,1
NC1=NC=NC2=C1N=CN2C3OC(COP(=O)(O)O)C(O)C3O,1
CC(C)NCC(O)COC1CCCCC1,1
NCC1=CC=C(C=C1)S(=O)(=O)N,0
CC1=CC=CC=C1C2=CCN(C)CC2,1
CCCCN1C=NC(C2=CC=C(OCCC(C)C)C=C2)=C1,1
NC1=C(Cl)C(Cl)=NC(C(=O)O)=C1Cl,1
CNC(=O)ON=C(SC)C(=O)N(C)C,1
CC1=CC=CC=C1N2C(=O)C3=CC(S(N)(=O)=O)=C(Cl)C=C3NC2C,1
CC1NCC=2C=C(C3=CC=C4C(=O)C(C(=O)O)=CN(C5CC5)C4=C3OC(F)F)C=CC12,1
CC1(C)CCC(C)(C)C2=CC(NC(=O)C3=CC=C(C(=O)O)C=C3)=CC=C12,0
CC(O)(CC(=O)O)C1CCCCC1,0
CN(C)CC=C(C1=CC=C(Br)C=C1)C2=CC=CN=C2,1
COC1=CC=C(CCN(C)CCCC(C#N)(C2=CC=C(OC)C(OC)=C2)C(C)C)C=C1OC,1
O=C(O)C1=CC=C[N+]([O-])=C1,0
[O-2],1
NC(=NC(=O)C1=NC(Cl)=C(N)N=C1N)N,1
COC1=CC=C(S(=O)(=O)NC2=NN=C(CC(C)C)S2)C=C1,0
CCOC(=O)C(CCC1=CC=CC=C1)NC(C)C(=O)N2C(C(=O)O)CC3CCCC23,0
CC(=O)NC(CCSC(=O)C(C)(C)OC1=CC=C(Cl)C=C1)C(=O)O,0
CCN(CC)CC#CCOC(=O)C(O)(C1=CC=CC=C1)C2CCCCC2,1
O=C1CCC2(O)C3CC4=CC=C(O)C5=C4C2(CCN3CC6CC6)C1O5,1
CP(=O)(F)OC1CCCCC1,1
CC(C)NNC(=O)OCC(C)C(OC(=O)NNC(C)C)C(C)C,0
NC1=NC=2NC=NC2C(=O)N1,1
CC1=C(C(=O)O)N2C(=O)C(NC(=O)C(N)C3=CCC=CC3)C2SC1,1
CC1C2C(CC3C4CC=C5CC(CCC5(C)C4CCC23C)OC6OC(CO)C(O)C(O)C6O)OC17CCC(C)CO7,0
CC(CN1CCCCC1)CC2=CC=C(C=C2)C(C)(C)C,1
CC(C)COC1=CC=C(C=C1C#N)C2=NC(C)=C(S2)C(O)=O,0
CC1=NN(CN(C)CC2=CC=C(Cl)S2)C(C)=C1S(=O)(=O)N(C)C,0
CCC1=NC=C([N+](=O)[O-])N1CCNC(=S)OC,0
CC(COC(=O)N)(COC(=O)N)CC1=CC=C(Cl)C=C1,1
CC(=O)OC1=CC=C2C3=C1OC4C(OC(C)=O)C=CC5C(C2)N(C)CCC345,1
NC1=NCC(O1)C2=CC=CC=C2,1
CC(CS)C(=O)N1CCCC1C(=O)O,1
COC1=CC=C2NC(C)=C(CC(=O)NO)C2=C1,0
COC1=CC=C(C=C1)N2N=C(C(N)=O)C3=C2C(=O)N(CC3)C4=CC=C(C=C4)N5CCCCC5=O,1
CC(C)NCC(O)COC1CCCC1,1
CCN(N=CC=1OC(=CC1)[N+](=O)[O-])C(=O)N,0
CC1=CC=C(S(=O)(=O)NC(=O)NC2CCCCCC2)C=C1,0
CCCCC[N+](C)(C)CCOCC[N+](CC)(CC)CCCCC,1
COC1=CC=C2C=3CCN=C(C)C3NC2=C1,1
CC(CO)NC(=O)C1C=C2C3=CC=CC=4NC=C(C34)CC2N(C)C1,1
C#CCN(C)CC1=CC=CC=C1,1
CCCC(C(=O)OCC)NC(C(=O)N1C2CCCCC2CC1C(=O)O)C,1
C1=CC=C2C(=C1)C=CC3=CC=CC=C3N2C(=O)N,1
CCOP(=S)(OC1=CN=C(N=C1)C(C)(C)C)OC(C)C,1
CC1=CN=C(C(=O)O)C=[N+]1[O-],0
CC(C)NCC(O)COC1=CC=C(COCCOC(C)C)C=C1,1
O=C1CCCC1(CCN2CCOCC2)C3=CCCC3,0
COC1(NC(=O)CC2=CC=CS2)C(=O)N3C(=C(COC(=O)N)CSC13)C(=O)O,1
CCC(COC(=O)NC(=O)CC)C(OC(=O)NC(=O)CC)C(C)C,0
CCC(C)(C)C(=O)OC1CC(C)C=C2C=CC(C)C(CCC3CC(O)CC(=O)O3)C12,1
CCCCCCCCOP1(=O)C=CCC1,1
CC(C)(OC1=CC=CC=C1)C(=O)OCCN2CCOCC2,0
CCCCCCCOC1C(OC2OC(C)(C)OC12)C(O)CO,0
C=C1C(O)(C2=CC=C(C)C=C2)C3CC[N+]1(C)CC3,1
OC(CNC1CCCC1)COC2CCCC2,1
CCOC(CN1CCN(CC1)C2=CC=CC=C2OC)C3=CC=CC=N3,1
CC1=CC=C(NCCCN)C(=C1)[N+](=O)[O-],1
CC(C)NCC(O)C1=CC=C(N)C(C#N)=C1,0
C=CCC1(C(C)OCCC)COC(C(C)C)OC1,0
COCCNC(=O)CN(CCN(CCN(CC(=O)[O-])CC(=O)NCCOC)CC(=O)[O-])CC(=O)[O-],0
O=C(O)CCCCC1CCSS1,1
OC(CNC1CCCC1)COCC2=CC=CC=C2,1
O=C([O-])C1N=C(C2=CC=CC=C2)C3=CC(Cl)=CC=C3NC1=O,1
CCC(C)(NC(=O)C1=CC(Cl)=C(C)C(Cl)=C1)C(=O)CCl,1
CC1=CC=CC(C)=C1OCC(=O)NC(CC2=CC=CC=C2)C(O)CC(CC3=CC=CC=C3)NC(=O)C(C(C)C)N4CCCNC4=O,1
CNC(=O)ON=C(C)SC,1
CCCCCCCC1CCCC(=O)O1,1
NC(CC1=CC=C(C=C1)N(CCCl)CCCl)C(=O)O,1
NNC1=CC=CC=C1,1
CC1=CC=C(C=2N=C3C=CC(C)=CN3C2CC(=O)N(C)C)C=C1,1
C[N+]1=CC=C(C=C1)C2=CC=[N+](C)C=C2,1
NC(=O)C=1OC2=CC=C(C=C2C1)N3CCN(CCCCC4=CNC5=CC=C(C=C45)C#N)CC3,1
CC(=NC1=CC=C(C)C=C1)C2=C(C)OC(=O)C2=O,1
COC1=CC=C(CC2C3=CC(OC)=C(OC)C=C3CC[N+]2(C)CCC(=O)OCCCCCOC(=O)CC[N+]4(C)CCC5=CC(OC)=C(OC)C=C5C4CC6=CC=C(OC)C(OC)=C6)C=C1OC,1
CCC1=C(C(=O)C2=CC(Br)=C(O)C(Br)=C2)C3=CC=CC=C3O1,0
COCCCOC1=CC(CC(CC(N)C(O)CC(C(=O)NCC(C)(C)C(N)=O)C(C)C)C(C)C)=CC=C1OC,1
O=C(O)C1OC(OC2C(COS(=O)(=O)O)OC(O)C(NS(=O)(=O)O)C2O)C(OS(=O)(=O)O)C(O)C1O,0
O=C([O-])C1=C(Cl)C(Cl)=C(Cl)C(Cl)=C1C2=C3C=C(I)C(=O)C(I)=C3OC4=C(I)C([O-])=C(I)C=C24,1
C#CCNC(=O)OCC(C)(CNC(=O)O)CC(C)C,1
NC1=CC=CC=2C(=O)N(CC12)C3CCC(=O)NC3=O,1
CC1CC2C(CCC3(C)C2CCC3(OC(=O)C)C(=O)C)C4(C)CCCC=C14,0
NC(CC1=CNC2=CC=CC=C12)C(O)=O,1
CC(C)(O)C1C2C(=O)OC1C3OC(=O)C45OC4CC2(O)C35C,1
CCCCCN1C=C(C(=O)C2=CC=CC3=CC=CC=C23)C4=CC=CC=C14,1
CN=C1CN(O)C(=C2C=C(Cl)C=CC2=N1)C3=CC=CC=C3,1
COC1=CC=C(CCOC2CCCCC2N3CCC(O)C3)C=C1OC,0
CC1OC(C(O)C1O)N2C=C(F)C(=O)NC2=O,1
CCC(C=CC(C)C1CCC2C3CC=C4CC(O)CCC4(C)C3CCC12C)C(C)C,0
CC1C2CCC(C2)C1CN(CCO)C(=O)C3=CC=C(Cl)C=C3,0
CCCC(C)(COC(=O)N(CC)CC)CN(CC)C(=O)O,1
O=C(OC1=CC=CC=C1)C,1
COP(=S)(OC1=CC(Cl)=C(Br)C=C1Cl)C2=CC=CC=C2,1
CCC1(C(C)OC)COC(C(C)C)OC1,0
C=C(C)C(=O)OC,1
CC1=CC=CC(CN2CCN(CC2)C(C3=CC=CC=C3)C4=CC=C(Cl)C=C4)=C1,1
CC(C)(C)NCC(O)C1=CC=C(O)C(CO)=N1,0
CN1COCN(CC2=CN=C(Cl)S2)C1=N[N+](=O)[O-],1
CC(=O)OC1(CCC2C3CCC4=CC(=O)CCC4(C)C3CCC12C)C(=O)C,0
CNC1=CC=C(C=CC2=CC=C(OCCOCCOCCF)N=C2)C=C1,0
O=C1CCCN1CC#CCN2CCCC2,1
CNCCC(OC1=CC=CC=C1C)C2=CC=CC=C2,1
CCCC(C(=O)C1=CC=C2C(=C1)OCO2)N3CCCC3,1
NC1=NC(N)=C2C(=NC(N)=NC2=N1)C3=CC=CC=C3,0
CCOC1=CC=C2N=C(SC(C)(C(=O)O)C3=CC=CC=C3)SC2=C1,0
C=CC1=C(C)C2=CC3=NC(=C(CC(=O)NC(CC(=O)[O-])C(=O)[O-])C4=NC(=CC=5NC(C=C1N2)=C(C)C5CC)C(C)=C4C(=O)[O-])C(CCC(=O)[O-])C3C,0
NC(=O)C1=CC=C(Cl)C(=C1)S(=O)(=O)N,0
CC(=O)OCC1=C(C(=O)O)N2C(=O)C(NC(=O)CC3=CC=CS3)C2SC1,1
CCC=1C=CC=C2C3=C(NC12)C(CC)(CC(=O)O)OCC3,0
NC1=NC=CC=C1C(=O)NCC2=CC=CC=C2,1
C=CC(=O)N,1
C1=CC=C2C(=C1)NC3=CN=CC=C23,1
CC(C)(O)CCC(OP(=O)(O)O)C(C)(O)C1CCC2(O)C3=CC(=O)C4CC(O)C(O)CC4(C)C3CCC12C,1
COP(=O)(OC)OC1=C(Cl)C2C=CCC12,1
O=C(OC1CC2CC3CC(C1)N2CC3=O)C4=CNC5=CC=CC=C45,1
COP(=S)(OC)OC1=CC=C(C(Cl)=C1)[N+](=O)[O-],1
CCOP(=S)(OCC)OC1=CC=C([N+](=O)[O-])C=C1,1
CCC=CCCC=CCC=CCCC=CCCC=CCCC(=O)O,0
COC1=CC=C(CCN2CCN(CC2)C3=CC=CC=C3Cl)C=C1OC,1
CCCC1(COC(C)OC1)C(C)OC(C)C,0
COC(=O)C1C(O)CC2(O)CC(O)CC(O)C(O)CCC(O)CC(O)CC(=O)OC(C)C(C)C(O)C(C)C=CC=CC=CC=CC=CC=CC=CC(CC1O2)OC3OC(C)C(O)C(N)C3O,1
CC1(C)CC1C(=O)NC(=CCCCCSCC(N)C(=O)O)C(=O)O,1
CN(C)CCCN1C2=CC=CC=C2SC3=CC=CC=C13,1
C1=CC=C2C(CC3=NCCN3)=CC=CC2=C1,1
CN(CCCCCCN(C)C(=O)OC1=CC=C[N+](C)=C1)C(=O)OC2=CC=C[N+](C)=C2,1
CC(C)(C)C1=NN=C(NS(=O)(=O)C2=CC=CC=C2)S1,0
CC12CC3CC(N)(C1)CC(C)(C3)C2,1
CC(=O)C1(O)CCC2C3CC=C4C=C(OC5CCCC5)CCC4(C)C3CCC12C,0
CC(COC(=O)N)(COC(=O)N)C1CCCCC1,1
O=C(NC1CCCCC1)NS(=O)(=O)C2=CC=C(CCNC(=O)N3CC4=CC=CC=C4C3=O)C=C2,0
CC1=CC=CC=C1,1
CN1C(=O)CN(C1=N)C2=CC=C(Cl)C=C2,0
CCCOP1(=O)CC=CC1,0
CC(C)(O)C#N,1
CC(=NC1=CC=C(F)C=C1)C2=C(C)OC(=O)C2=O,1
COC1=CC(C=NNC(=O)C2=CC=NC=C2)=CC=C1O,1
NC1=CC=CC=C1,1
O=C(CC1=CC=CC=C1)NC(=NOCC2CC2)C3=C(C(F)(F)F)C=CC(F)=C3F,1
CCC(C)(OC1=CC=C(CC2=CC=C(Cl)C=C2)C=C1)C(=O)OCC3=CC=CN=C3,0
C[N+](C)(CCCCC=1OC=CC1)CC2=CC=CC=C2,1
O=C1NNC(=O)C=C1,1
CCNC1(C2=CC=CC(OC)=C2)CCCCC1=O,1
CC(=O)C1(O)CCC2C3CCC4=CC(=O)CCC4(C)C3CCC12C,0
CCCN1C=NC2=C1C(=O)N(CCCCCC(C)(C)O)C(=O)N2CC,0
C1=CC=C2C=CC=CC2=C1,1
CC(C)(CC1=CC=CC=C1)N,1
CN1C(=C(O)C2=CC=CC=C2S1(=O)=O)C(=O)NC3=CC=CC=N3,1
ClC(Cl)=C(Cl)Cl,1
CN(C)CCCC1(C2=CC=C(F)C=C2)OCC3=CC(C#N)=CC=C31,1
CCCCCN1CCN(CC23CC4CC(CC(C4)C2)C3)CC1,1
C=CC1=CC=CC=C1,1
CCCC1=C2OC(C(=O)O)=CC(=O)C2=CC=3C(=O)C=C(C(=O)O)N(CC)C13,0
CNC(=O)NS(=O)(=O)C1=CC=C(CCNC(=O)C2=CC(Cl)=CC=C2OC)C=C1,0
OC(=O)CNCC(=O)O,1
CC(C)(OC1=CC=C(C2CC2(Cl)Cl)C=C1)C(=O)O,1
ClC1(Cl)C2(Cl)C3(Cl)C4(Cl)C(Cl)(Cl)C5(Cl)C3(Cl)C1(Cl)C5(Cl)C24Cl,1
C=CCC1C=C(C)CC(C)CC(OC)C2OC(O)(C(=O)C(=O)N3CCCCC3C(=O)OC(C(C)=CC4CCC(O)C(OC)C4)C(C)C(O)CC1=O)C(C)CC2OC,1
[OH-],1
CCCCNCCO,1
CSC(C)(C)C=NO,1
O=C(O)CC1C(C2=CC=C(C(=O)O)NC2=O)CNC1C(=O)O,1
NC(=O)CC1=CC=CC(C(=O)C2=CC=CC=C2)=C1N,0
CNC(=O)C1=CC=CC=C1SC2=CC=C3C(C=CC4=CC=CC=N4)=NNC3=C2,1
CN1CC2C3=CC=CC=C3OC4=CC=C(Cl)C=C4C2C1,1
CN(C)CCN1C(=O)CN=C(C2=CC=CC=C2)C3=CC(=CC=C13)C(F)(F)F,1
O=C(O)C(Cl)Cl,1
OCC1(C(=O)C2=CC=CC=C2C1=O)C3=CC=CC=C3,0
CCCCC=1OC2=CC=CC=C2C1C(=O)C3=CC(I)=C(OCCN(CC)CC)C(I)=C3,1
[N-]=[N+]=[N-],1
CC1CCC(C(C1)OC(=O)C2=CC=CC=C2O)C(C)C,0
CCOP(=S)(CC)OC1=CC(Cl)=C(Cl)C=C1Cl,1
CN(C)CCC=C1C2=CC=CC=C2COC3=CC=C(CC(=O)O)C=C13,0
CCCCCCCCCCCCCCC1(CO1)C(=O)OC,0
CC1=CC=C(S(=O)(=O)NC(=O)NC2CCCCC2)C=C1,0
NC1=NCCCCN1,1
CCCN,1
CC12CCC3C(C1CCC2(C)O)CCC4C3(CC(=CO)C(=O)C4)C,1
COC1=CC(=CC(OC)=C1OCCN2CCOCC2)C(=O)C3=CC=C(Cl)C=C3,0
CC1=CC2=C(S1)NC3=CC=CC=C3N=C2N4CCN(C)CC4,1
CC(=O)OC1=CC=CC=C1C(=O)NC2=NC=C([N+](=O)[O-])S2,0
CC1=NN(C)C2=C1N(C(=O)CN3CCN(C)CC3)C4=CC=CC=C4NC2=O,0
CCCCN(CCCC)C(=O)OCC(C)(CO)CCC,1
CC1CC2C3C=C(Cl)C4=CC(=O)CCC4(C)C3CCC2(C)C1(OC(=O)C)C(=O)C,0
O=C(OC1C[N+]2(CCCOC3=CC=CC=C3)CCC1CC2)C(O)(C4=CC=CS4)C5=CC=CS5,0
FC1=CC=CC=C1C2=NCC(=O)N(CCCN3CCN(CCOC=C)CC3)C4=CC=C(Cl)C=C24,1
CC(C)(C)NCC(O)COC1CCCCC1,1
CCC(=O)OC1(C2=CC=CC=C2)CC(C)N(CCCN(C)C)CC1C,1
CNCC1=CC=CC=C1C(O)C2=CC=C(Cl)C=C2,0
CC1=CC=CC=C1C(OCCOCCN2CC(C)N(C)CC2C)C3=CC=CC=C3,1
C#CC1(OC(=O)C)CCC2C3CCC4=CC(OC(=O)C)CCC4C3C(C)CC12C,0
CC(OP(=O)(C)F)C(C)(C)C,1
CCC1CN2CCC3=CC(OC)=C(OC)C=C3C2CC1CC4NCCC5=CC(OC)=C(OC)C=C45,1
COC1=CC=CC(OC)=C1CCN2CCN(CC2)C3=CC=CC=N3,1
CCOP(=S)(OCC)SC(CCl)N1C(=O)C2=CC=CC=C2C1=O,1
CCCCN(CC(C)(CCC)COC(=O)NCCC(C)C)C(=O)O,0
CCN(CC)CCOC(=O)C1(C2CCCCC2)CCCCC1,1
CC=1N=CSC1CCCl,1
CN(C)CCCN1C2=C(CCCCCC2)C3=CC=CC=C13,1
CC(C)C(OC(=O)N(CCCl)CCCl)C(C)COC(=O)N(CCCl)CCCl,0
CC(=O)NC=1C=NN2C(C)=NC3=CC=CC=C3C12,0
CON=C(C(=O)NC1C(=O)N2C(C(=O)OC(C)OC(C)=O)=C(COC(N)=O)CSC12)C3=CC=CO3,0
CCCCN=C(NCC)N=C(N)N,0
COC1=CC(=CC(=C1OC)OC)CC2=CN=C(N=C2N)N,1
CC1=CC=CC=C1C(=O)NC2=CC=C(C(=O)N3CCCC(N(C)C)C4=CC=CC=C34)C=C2,0
C#CC1(O)CCC2C3CCC4=CC(=O)CCC4=C3C=CC12C,0
COC1=CC=C2C(=C1)NC3=C(C)N=CC=C23,1
CC(=CC=CC(C)C(=O)O)C1CNC(C(=O)O)C1CC(=O)O,1
CCCCC(C)(C)C(O)C=CC1C(O)CC(Cl)C1CC=CCCCC(=O)O,0
O=C(CN1CCN(C2=CC=CC=C2Cl)CC1)C3=CC=CN=C3,1
CC(C)C=1N=C(N=C(C2=CC=C(F)C=C2)C1C=CC(O)CC(O)CC(=O)[O-])N(C)S(=O)(=O)C,1
CC(C)(OC1=CC=C(Cl)C=C1)C(=O)OCC2=CC=CN=C2,0
COC1=CC=C(CCN2CCN(CC2)C3=CC=C(C)C=C3)C=C1OC,1
CC(=O)CCCCN1C(=O)C2=C(N=CN2C)N(C)C1=O,1
CCC(CC)(CO)COC(=O)NC1=CC=CC=C1,1
CCCCCOC(=O)C,1
CC(C)C(=O)OCC(=O)C12OC(OC1CC3C4CCC5=CC(=O)C=CC5(C)C4C(O)CC23C)C6CCCCC6,0
CN1CC(=O)N2C(CC3=C(NC4=CC=CC=C34)C2C5=CC=C6C(=C5)OCO6)C1=O,1
CCCCCCNC(=O)N1C=C(F)C(=O)NC1=O,1
CCN1CCCC1CNC(=O)C2=CC(=C(N)C=C2OC)S(=O)(=O)CC,1
NS(=O)(=O)C=1C=C(C=2N=NNN2)C(NCC3=CC=CS3)=CC1Cl,0
COC1=CC(N)=C(Cl)C=C1C(=O)NC2CCN(CC3=CC=CC=C3)CC2,1
C#CC1(O)CCC2C3CCC4=C(CCCC4)C3CCC21C,0
CC1=CC=CC=C1OP2(=O)OCC3=CC=CC=C3O2,1
FC1=CC=CC=2CN(CC12)NC3=NCCN3,0
COC(=O)C1=C(C)NC(=C(C(=O)OCC(C)C)C1C2=CC=CC=C2[N+](=O)[O-])C,0
NCCS(O)(=O)=O,1
CN1CCC(CC1)OC(C2=CC=CC=C2)C3=CC=CC=C3,1
CC(OC(=O)CCC1=CC=CC=C1)C2CCC3C4CCC5=CC(=O)CCC5C4CCC23C,0
C1CO1,1
CCN(CC)CCNC(=O)C1=C(O)C2=CC=CC=C2OC1=O,0
NC(=NN=CC1=C(Cl)C=CC=C1Cl)N,1
O=C(CCCC1=CC=CC=C1)OCC(COC(=O)CCCC2=CC=CC=C2)OC(=O)CCCC3=CC=CC=C3,0
NS(=O)(=O)C1=CC2=C(NCNS2(=O)=O)C=C1Cl,1
CCNC(=S)N1C(C2=CC=C(Cl)C=C2)C3C(=O)C(C(C4=CC=C(Cl)C=C4)NC3C5=CC=C(Cl)C=C5)C1C6=CC=C(Cl)C=C6,0
CN1CCC23C4=C5C=CC(O)=C4OC2C(=O)CCC3(O)C1C5,1
NC(=N)NC(=N)NCCC1=CC=CC=C1,1
CC(=O)N(CCCCCNC(=O)CCC(=O)N(CCCCCNC(=O)CCC(=O)N(CCCCCN)O)O)O,1
CC(C)NC(=O)CN1CCN(CC2=NC3=CC=CC=C3N2CCC(=O)C4=CC=CC=C4)CC1,0
CC=1OC(=O)OC1CN2CCN(C3=CC4=C(C=C3F)C(=O)C(C(=O)O)=C5N4C(C)S5)CC2,0
CN1CCC23C4=C5C=CC(OCCN6CCOCC6)=C4OC2C(O)C=CC3C1C5,0
CCCC(NC(C)C(=O)N1C(C(=O)O)CC2CCCCC21)C(=O)O,0
CNC(=O)CSP(=S)(OC)OC,1
CC1=CC(C(C)(C)C)=CC(C)=C1CC2=NCCN2,1
CCCC(C)(CO)COC(=O)NC,0
ClC1=CC=CC=C1CNCC2CCC(CNCC3=CC=CC=C3Cl)CC2,1
CNCC(O)C1=CC=CC(O)=C1,1
OS(=O)(=O)OCC1OC(OC2(COS(=O)(=O)O)OC(COS(=O)(=O)O)C(OS(=O)(=O)O)C2OS(=O)(=O)O)C(OS(=O)(=O)O)C(OS(=O)(=O)O)C1OS(=O)(=O)O,0
CCOC(=O)C(C1=CC=CC=C1)SP(=S)(OC)OC,1
CCCC1=NC(C(C)(C)O)=C(C(=O)OCC=2OC(=O)OC2C)N1CC3=CC=C(C4=CC=CC=C4C=5N=NNN5)C=C3,0
ClC1=CC=CC(Cl)=C1N=C2NCCN2,1
CCC(=O)OC1(CC(C)N(CCCN2CCOCC2)CC1C)C3=CC=CC=C3,1
CC(=O)C1=CC(C)=C(O)C(C)=C1O,0
NC1=CC=CC2=CC=CC=C12,1
O=NN(CCCl)C(=O)NCCCl,1
CN1C(=O)N2C=NC(=C2N=N1)C(=O)N,1
CNCCCC1C2=CC=CC=C2C=CC3=CC=CC=C13,1
CC(=O)C1CCC2C3CCC4CC(O)CCC4(C)C3CCC12C,1
ClC1=CC=C2N(CCN3CCCCC3)C(=O)CN=C(C4=CC=CC=C4)C2=C1,1
CC(C)(OC1=CC=C(Cl)C=C1)C(=O)OCCCOC(=O)C(C)(C)OC2=CC=C(Cl)C=C2,0
CC(CC1=CC2=C(C(C(N)=O)=C1)N(CCCO)CC2)NCCOC3=CC=CC=C3OCC(F)(F)F,1
O=C1CN=C(C2=CC=CC=C2)C3=CC([N+](=O)[O-])=CC=C3N1,1
COC1=CC=C(C=C1)C2=CC(=S)SS2,0
CC1C=CC=CC=CC=CC=CC=CC=CC(OC2OC(C)C(O)C(N)C2O)CC3OC(O)(CC(O)CC(O)C(O)CCC(O)CC(O)CC(=O)OC(C)C(C)C1O)CC(O)C3C(=O)O,0
CCC(CCC(C)C1CCC2C3CC=C4CC(CCC4(C)C3CCC12C)OC(=O)C(C)(C)OC5=CC=C(Cl)C=C5)C(C)C,0
CCOP(=O)(SC(C)CC)N1CCSC1=O,1
COC1=CC(C)=CC(C)=C1NC(=O)CCN2CCCCC2C,0
CCOC(=O)NC1=CC=CC(OC(=O)NC2=CC=CC=C2)=C1,1
CC(=O)C1(C)CCC2C3C=C(C)C4=CC(=O)CCC4(C)C3CCC12C,0
O=P(O)(O)C(O)(CN1C=CN=C1)P(=O)(O)O,1
OCC1OC(OC2C(O)C(O)C(O)OC2CO)C(O)C(O)C1O,1
CCCC[N+](C)(C)CCOCC[N+](CC)(CC)CCCC,1
C#CC1(OC(=O)CCCCCC)CCC2C3CCC4=CC(=O)CCC4C3CCC21C,0
CC(N)CC1=CC=C(Cl)C=C1,1
CC1=NOC2=CC=CC(OCC(O)CNC(C)(C)C)=C12,1
OC(=O)CC1=NN(C=C1C2=CC=C(Cl)C=C2)C3=CC=C(F)C=C3,0
COC(F)(F)C(Cl)Cl,1
FC(F)(F)COC1=CC=C(OCC(F)(F)F)C(=C1)C(=O)NCC2CCCCN2,1
COC(=O)C1CC2=CC(=O)CCC2(C)C34OC3CC5(C)C(CCC56CCC(=O)O6)C14,0
N#CC1=C(N(CC(=O)[O-])CC(=O)[O-])SC(C(=O)[O-])=C1CC(=O)[O-],1
CN1CC(C(=O)NC2(C)OC3(O)C4CCCN4C(=O)C(CC5=CC=CC=C5)N3C2=O)CC6C7=CC=CC=8NC=C(C78)CC16,1
CCOC(=O)CC(SP(=S)(OC)OC)C(=O)OCC,1
CCC1OC(=O)C(C)C(OC2CC(C)(OC)C(O)C(C)O2)C(C)C(OC3OC(C)CC(N(C)C)C3O)C(C)(O)CC(C)CN(C)C(C)C(O)C1(C)O,1
CC1OC(CC(O)C1O)OC2C(O)CC(OC3C(O)CC(OC4CCC5(C)C(CCC6C5CCC7(C)C(CCC67O)C8=CC(=O)OC8)C4)OC3C)OC2C,1
N#CC1=CC=C(SC2SCC(O)C(O)C2O)C=C1,0
CCNC(=O)OCC(CC)(CC)COC(=O)N,0
CCNCCO,1
NCCCCCC(O)=O,0
O=C1CCCO1,1
O=C1OCCN1N=CC2=CC=C([N+](=O)[O-])O2,1
CC[N+](C)(C)CCOCC[N+](C)(CC)CC,1
CN(C)C1C(=C(C(=O)N)C(=O)C2(O)C(=C3C(=O)C4=C(O)C=CC=C4C(C)(O)C3CC12)O)O,1
CC(C)(C)NC(=O)N1C(C2=CC=CC=C2)C3C(=O)C(C(C4=CC=CC=C4)NC3C5=CC=CC=C5)C1C6=CC=CC=C6,0
O=C(OCC1(COC(=O)C2=CC=CN=C2)CCCC(COC(=O)C3=CC=CN=C3)(COC(=O)C4=CC=CN=C4)C1O)C5=CC=CN=C5,0
CC#CCN1C(=NC2=C1C(=O)N(CC3=NC(C)=C4C=CC=CC4=N3)C(=O)N2C)N5CCCC(N)C5,0
CNC1CCC=2NC3=CC=C(C(N)=O)C=C3C2C1,1
CCCC(=O)OCC(OC(=O)CCC)C(OC(=O)CCC)C(CN1C2=NC(=O)NC(=O)C2=NC3=CC(C)=C(C)C=C13)OC(=O)CCC,0
COC1=CC(CCN)=CC(OC)=C1OC,1
COCCOC1=CN=C(NS(=O)(=O)C2=CC=CC=C2)N=C1,0
N#CC1=CC=CC=C1,1
CC1=CC(Br)=C(O)C2=NC=CC=C12,1
C=C1C(CO)C(O)CC1N2C=NC=3C(=O)NC(N)=NC23,0
NC1=NN=C(C2=CC=CC(Cl)=C2Cl)C(N)=N1,1
S(=O)(=O)(NC(=O)NC1CCCCC1)C2=CC=C(C=C2)C(C)=O,1
COC1=CC(OC)=C(C(=O)CCCN2CCCC2)C(OC)=C1,1
CC=1C=C(C2CCCCC2)N(O)C(=O)C1,0
COC1CC(CC(C)C2CC(=O)C(C)C=C(C)C(O)C(OC)C(=O)C(C)CC(C)C=CC=CC=C(C)C(CC3CCC(C)C(O)(O3)C(=O)C(=O)N4CCCCC4C(=O)O2)OC)CCC1OC(=O)C(C)(CO)CO,1
N=C(N)C1=CC=C(N=NNC2=CC=C(C(=N)N)C=C2)C=C1,1
CCCCCN(C)CCC(O)(P(=O)(O)O)P(=O)(O)O,0
CC1CC2C3CCC4=CC(=O)C=CC4(C)C3(F)C(O)CC2(C)C1(O)C(=O)CCl,0
OCC1OC(O)C(O)C(O)C1O,1
CCCC,1
CC(=O)CCC=C(C)CCC=C(C)CCC=C(C)CCC=C(C)C,0
COC1=CC=C2[N-]C(=NC2=C1)S(=O)CC3=NC=C(C)C(OC)=C3C,0
CC(=O)C1=CC2=C(CO)C=C(O)C=C2OC1=O,0
O=C1C(=O)C2=CC=CC=C2C(O)=C1C3CCCCC3,0
NC(CO)C(=O)NNCC1=CC=C(O)C(O)=C1O,1
CCC(CC)C(CC)(CO)CO,1
COC1=CC(O)=C(C(=O)NC2=NC(C(=O)NCCN(C(C)C)C(C)C)=CS2)C=C1OC,0
C(CNC1=CC=C(C=C1)C(OCCN(C)C)=O)CC,1
NNC(=O)C=1OC=CC1,1
CCCN1C2=C(NC=N2)C(=O)NC1=O,1
O=C(NC1CCCCC1)NS(=O)(=O)C2=CC=C3C(=C2)CCC3,0
CC(=O)OC1(CCC2C3CC(Cl)C4=CC(=O)CCC4(C)C3CCC12C)C(=O)C,0
C=CC(=C)CCC=C(C)CCC=C(C)C=O,1
CCCCCC(OCC1=CC=CC=C1)C=CN2C=CN=C2,0
CC12CCC3=C4CCC(=O)C=C4CCC3C1CCC2(O)C#CCl,0
O=C1NCCN1C2=NC=C([N+](=O)[O-])S2,1
CN=C1C=CC(=C(C2=CC=C(N(C)C)C=C2)C3=CC=C(N(C)C)C=C3)C=C1,1
NNC(=O)C(=O)N,1
COCCl,1
COC1C(=O)C2(C)C(OC)CC3OCC3(OC(=O)C)C2C(OC(=O)C4=CC=CC=C4)C5(O)CC(OC(=O)C(O)C(NC(=O)OC(C)(C)C)C6=CC=CC=C6)C(=C1C5(C)C)C,1
CC(C)OP1(=O)C=CCC1,0
COC(=O)N(C(=O)N1COC2(C(=O)OC)CC3=CC(Cl)=CC=C3C2=N1)C4=CC=C(OC(F)(F)F)C=C4,1
C=CC(=O)OCCOCCOC(=O)C=C,1
CC12CC(O)C3(F)C(CCC4=CC(=O)C=CC34C)C1CC(O)C2(O)C(=O)CO,1
O=C([O-])C1=CC=CC=C1C2=C3C=C(I)C(=O)C(I)=C3OC4=C(I)C([O-])=C(I)C=C24,1
CCC1(C2OC(C3OC(O)(CO)C(C)CC3C)CC2C)CCC(C4(C)CCC5(CC(O)C(C)C(C(C)C(OC)C(C)C(=O)O)O5)O4)O1,1
CCC1(C(=O)NCNC1=O)C2=CC=CC=C2,1
COC1=CC(NCCCCCCN2CCN(CCC(C)O)CC2)=C3N=CC=CC3=C1,0
CC(C)OC1=CC=CC(NC(=O)C2=CC=CC=C2C(F)(F)F)=C1,1
ClC1=CC=C(C(C2=CC=CC=C2Cl)C(Cl)Cl)C=C1,1
CCOP(=S)(OCC)SCSCC,1
CC1=CC=CC(C)=C1NC2=NCCCS2,1
CC1=CC2=C(C(C)C)C(O)=C(O)C(C=O)=C2C(O)=C1C3=C(C)C=C4C(C(C)C)=C(O)C(O)=C(C=O)C4=C3O,1
CC(C)NCC(O)COC1=CC=CC=2SN=CC12,1
C1CCCC(N2CCN(CC34CC5CC(CC(C5)C3)C4)CC2)CCC1,1
ClC1=CC(=CC(Cl)=C1Cl)C2=CC(Cl)=C(Cl)C(Cl)=C2,1
O=C1NC2=C(C(CCN(CCC)CCC)=CC=C2)C1,1
CN(C)CCCN1C2=CC=CC=C2SC3=CC=C(C=C13)C(=O)C,1
OC(CNC1CCCC1)COC2CCCCC2,1
ClC(Cl)(Cl)Cl,1
CNC(=S)C1(C2=CC=CC=N2)CCCS1,0
CCC(CC)(C(=O)O)C1=CC=CC2=CC=CC=C12,0
CC(=CC1C(C(=O)OC2CC(=O)C(=C2C)CC=C)C1(C)C)C,1
NC1CONC1=O,1
NCC(O)=O,0
CCN(CC)C(C)C(=O)C1=CC=CC=C1,1
CCOC1=CC=C2C=CC=CC2=C1C(=O)NC3C(=O)N4C(C(=O)O)C(C)(C)SC34,1
NC1=CC=C(C=C1)[N+](=O)[O-],1
CC(C=CC(C)C(C)(C)O)C1CCC2C(=CC=C3CC(O)CC(O)C3)CCCC12C,0
CCCCSC1=CC=C(C(CC)(CO)CO)C=C1,0
CCC1(CCOC)COC(OC1)C(C)C,0
CC1=CN(C2OC(CO)C(O)C2F)C(=O)NC1=O,1
CC1OC(C)OC(C)OC(C)O1,1
CC1(C)OC2COC3(COS(=O)(=O)N)OC(C)(C)OC3C2O1,1
COC(CN1CCN(CC(O)C(OC)C2=CC=CC=C2)CC1)C3=CC=CC=C3,1
CCCCCCCCCCCCOS(=O)(=O)[O-],1
CCCCCC(O)C=CC1C(O)CC(O)C1CC=CCCCC(=O)O,0
CN(C)CCOC(C1=CC=CC=C1)C2=CC=CC=C2,1
NCC1CCC(CC1)C(=O)O,1
CC=1OC=CC1SSC=2C=COC2C,1
C=CC(C)(O)CCC1C(C)(O)CCC2C(C)(C)CCCC21C,1
CN(C)S(=O)(=O)C1=CC=C2SC3=CC=CC=C3C(=CCCN4CCN(C)CC4)C2=C1,1
CCC1OC(=O)C(C)C(OC2CC(C)(OC)C(O)C(C)O2)C(C)C(OC3OC(C)CC(C3O)N(C)C)C(C)(O)CC(C)C(=O)C(C)C(O)C1(C)O,1
CC(CCC(=O)NCCS(=O)(=O)O)C1CCC2C3C(O)CC4CC(O)CCC4(C)C3CC(O)C12C,0
CC(O)CN1CCN(CC(=O)[O-])CCN(CC(=O)[O-])CCN(CC(=O)[O-])CC1,0
CC(CCC(O)=O)C1CCC2C3C(CCC21C)C4(C)CCC(O)CC4CC3O,0
OC(=O)COC1=CC(Cl)=C(Cl)C=C1Cl,1
CN1C([N+](=O)[O-])=CN=C1C=CC2=CC=NC(N)=N2,0
CCC(=O)C(CC(C)N(C)C)(C1=CC=CC=C1)C2=CC=CC=C2,1
CC1CC2C3CCC4=CC(=O)C=CC4(C)C3(Cl)C(O)CC2(C)C1(O)C(=O)CCl,0
CC(C)(OC1=CC=C(Cl)C=C1)C(=O)OCCSCCCCCCCCCCSCCOC(=O)C(C)(C)OC2=CC=C(Cl)C=C2,0
CC(C[N+](C)(C)C)OCC[N+](C)(C)C,1
CNC1=C(C)N(C)N(C2=CC=CC=C2)C1=O,0
CCN(CC)CCNC(=O)C1=CC=C(N)C=C1,1
CC1=C(N(C)CS(=O)(=O)O)C(=O)N(C2=CC=CC=C2)N1C,1
CC(=O)C1(O)CCC2C3CCC4=CC(=O)CCC4(C)C3(F)C(O)CC21C,0
ClC1=CC=C2N(CCN3CCCC3)C(=O)CN=C(C4=CC=CC=C4)C2=C1,1
CC(C(=O)O)Cl,1
CC1=CC(NS(=O)(=O)C2=CC=C(N)C=C2)=NO1,1
COC1=CC=C(C=2C=CC(=N)N(CCCC(=O)O)N2)C=C1,1
CCCCCC=CCC=CCCCCCCCC(=O)NC1CCCCC1,0
COC1=CC=C(C(=O)OC2CCC3(C)C4CCC5C3(CC6(O)C7CN8CC(C)CCC8C(C)(O)C7(O)C(O)CC56O)OC24O)C=C1OC,1
CNC(=O)C=C,1
C1=C(C(=O)NC(=O)N1C2CCCO2)F,1
C1=CC=C(OP(OC2=CC=CC=C2)OC3=CC=CC=C3)C=C1,1
O=C1NC(C2=CC=CC=C2)(C3=CC=CC=C3)C(=O)N1COP(=O)([O-])[O-],1
C[N+](C)(CCO)CC(=O)[O-],0
CCN(C(=O)C)C=1C=CC=C(C2=CC=NC3=C(C#N)C=NN23)C1,1
NC1=CC=C(SCC2COC(CCC3=CC=C(Cl)C=C3)(CN4C=CN=C4)O2)C=C1,0
ClC=1C=CC2=NSN=C2C1NC3=NCCN3,1
S=P(SC1=CC=CC=C1)(OCC)CC,1
CC(C)C(OC(=O)N1CCCCC1)C(C)COC(=O)N2CCCCC2,1
O=C(O)CCCCCCCC(=O)O,0
NC1=NC2=NC=C(CNC3=CC=C(C=C3)C(=O)NC(CCC(=O)O)C(=O)O)N=C2C(=O)N1,1
O=C(C1=CC=CC=C1)C2=CC=C3N2CCC3C(=O)O,1
NC(=NCC1=CC=CC(I)=C1)N,0
COC1=CC(C)=C(C=CC(=CC=CC(=CC(=O)O)C)C)C(C)=C1C,1
FC1=C(N2C(=O)C3=C(CCCC3)C2=O)C=C4N(C(=O)COC4=C1)CC#C,1
CC1=CC2=C(C=C1CC(=O)C3=C(C=CS3)S(=O)(=O)NC4=C(C(=NO4)C)Cl)OCO2,0
COC(=O)C1CCCNC(=[NH2+])N1,1
CCNC(=O)NC(=O)C(=NOC)C#N,1
CN(C)CCOC1=CC2=CC=CC=C2SC3=CC=C(Cl)C=C13,1
CN1CCN(CC1)C2=NC3=CC=CC=C3OC4=CC=C(Cl)C=C24,1
C(CNCCC(C1=CC=CC=C1)C2=CC=CC=C2)CSC3=CC=CC=C3,0
CC[N+]1(CCO)CC1,1
CC1=CC(C)=CC(=C1)C2=C(O)C3=CC=CC=C3OC2=O,0
CC12CCC3C(CCC4NC(=O)C=CC34C)C1CCC2C(=O)NC5=CC(C(F)(F)F)=CC=C5C(F)(F)F,0
CS(=O)(=O)C1=CC=C(C=C1)C(O)C(CO)NC(=O)C(Cl)Cl,1
CCC(NC(C)C)C(O)C1=CC=C(O)C=2NC(=O)C=CC12,1
CC(=O)CN1N=CC(=N1)[N+](=O)[O-],0
COC1=CC=2CC(N(CC2C=C1OC)C(=O)C(C)NC(CCC3=CC=CC=C3)C(=O)O)C(=O)O,1
CC(C)[N+](=O)[O-],1
CN(C)P(=O)(OP(=O)(N(C)C)N(C)C)N(C)C,1
CCCNC(=O)OCC(CO)(C1=CC=CC=C1)C2=CC=CC=C2,1
CN1C=CNC1=S,1
ClC1=CC2=C(C=C1Cl)OC3=CC(Cl)=C(Cl)C=C3O2,1
CN(C)C(CCOC1=CC=CC2=CC=CC=C12)C3=CC=CC=C3,1
CCC(C)C(CC)C(N)=O,1
CN(C)C1=CC=C(NC(=O)NS(=O)(=O)C2=CC=C(Cl)C=C2)C=C1,0
CC1NCCC2=CC(O)=C(O)C=C12,1
CCCC(C)NCC(O)COC1=CC=CC=2SN=CC12,1
CCCOC(=O)NCCCN(C)C,1
CN1CCCC1COC(=O)C(OC2=CC=C(Cl)C=C2)OC3=CC=C(Cl)C=C3,0
C(CN1CCCCC1)N(CC2=CC=CC=N2)C3=CC=CC=C3,0
CCC1=C2C(=NC3=CC=C(O)C=C13)C4=CC5=C(C(=O)N4C2)COC(=O)C5(O)CC,1
CC1=CC=CC=C1N2C(C)=NC3=CC=CC=C3C2=O,1
COC1=CC(C2C3=C(CC(C)(C)CC3=O)N(CC(=O)O)C4=C2C(=O)C(C)C4=O)=CC(OC)=C1OC,0
[Cl-],1
NC1=NC2=CC=C(OC(F)(F)F)C=C2S1,1
OC(=O)C(CCS(=O)C1=CC=CC=C1)C(=O)N(NC2=CC=CC=C2)C3=CC=CC=C3,0
O=C1CCCCC1,1
CC1CC2C3CCC4=CC(=O)C=CC4(C)C3(Cl)C(O)CC2(C)C1(O)C(=O)CO,0
O=C1C=C2C3CC(C)(CCC3(C)CCC2(C4(C1C5(C)CCC(C(C5CC4)(C)C)O)C)C)C(=O)O,1
CC(C)(C)C(O)C(OC1=CC=C(Cl)C=C1)N2C=NC=N2,1
CC1(C)SC2CC(=O)N2C1C(=O)O,1
CC1=C(O)C=C2C(=C1C)OC(C)(CCCC(C)CCCC(C)CCCC(C)C)CC2,1
O=C1C2=CC=CC3=C2C(CCC3)CN1C4CN5CCC4CC5,0
CN(C)S(=O)(=O)C1=CC(=CC=C1Cl)C2=CSC(=NC3=CC=CC=C3)N2C,0
CN(C)CCO,1
CCCSP(=O)(OCC)SCCC,1
CN(C)C(=O)C(CCN1CCC(O)(C2=CC=C(Cl)C=C2)CC1)(C3=CC=CC=C3)C4=CC=CC=C4,1
OCC1OC(C(O)C1O)N2C=CC(=O)NC2=O,1
CC1NCCC2=CC=CC=C12,1
C12=CC=CC=C1CNCC2,1
CC(C(=O)O)C1=CC=CC(C(=O)C2=CC=CC=C2)=C1,1
OC(=O)C(=CC(=O)C=C(O)C1=CC=CC=C1Cl)O,0
CC1=CC=C(C(C)C)C(O)=C1,1
CC(C)(C)C1=CC=C(C=C1)C(=O)CC2(O)C(=O)N(CC3=C(F)C=CC=C3Cl)C4=CC=CC=C24,1
CN=C=O,1
O=C(O)C(N)CC1=CC=C(O)C=C1,1
CCN(CC)C(=O)C1=CC=CN=C1,1
COCC1(C(C)C)COC(C(C)C)OC1,0
CC(OC1=CC=C(OC2=NC=C(Cl)C=C2F)C=C1)C(=O)O,1
CCCNC1(CC)C(=O)C2=CC=CC=C2C1=O,0
CCC1C(=O)OCC1CC2=CN=CN2C,1
COC1=CC=C(C(=CC(=O)O)C)C(OC)=C1,0
CN(C=NC1=CC=C(C)C=C1C)C=NC2=CC=C(C)C=C2C,1
COP(=O)(OC)C(O)C(Cl)(Cl)Cl,1
O=C1C2C(C3=CC=CC=C3)NC(C4=CC=CC=C4)C1C(C5=CC=CC=C5)N(C(=S)NCC6=CC=CC=C6)C2C7=CC=CC=C7,0
CCC(=O)NC(=O)OCC(C)C(OC(=O)NC(=O)CC)C(C)C,0
FC1=CC=C(C(C2=CC=C(C=C2)F)N3CCN(CC=CC4=CC=CC=C4)CC3)C=C1,1
C[N+]1(C)CCCC1CC(=O)CC2CCC[N+]2(C)C,1
OC(=O)C1CCCCC1(O)C2=CC=CC=C2,0
CNC(C)(C)CC1=CC=CC=C1,1
CCC(COC(=O)N)COC(=O)N(C)C,0
CC1(COC2=CC=C(N3CCC(OC4=CC=C(OC(F)(F)F)C=C4)CC3)C=C2)CN5C=C([N+](=O)[O-])N=C5O1,0
CC1COC2=C(C3(N)CC3)C(F)=CC=4C(=O)C(C(=O)O)=CN1C24,1
CC1(CCC(=O)OCC[N+]2(C)CCCC2)OCC(C[N+]3(C)CCCC3)O1,1
C1CCCCC1,1
C1C=CC=CC=C1,1
C1=CC=NC=C1,1
CON=C(C(=O)NC1C(=O)N2C(C(=O)[O-])=C(C[N+]3(C)CCCC3)CSC12)C4=CSC(N)=N4,1
NC(=O)C=1N=CN(N1)C2OC(CO)C(O)C2O,1
NCCCC(N)(C(=O)O)C(F)F,0
CCN(CC)CCOCCOC(=O)C(CC)(CC)C1=CC=CC=C1,0
COCNC(=O)OCC(C)C(OC(=O)NCOC)C(C)C,1
CC1=CC=C(C2=NC=C(Cl)C=C2C3=CC=C(S(=O)(=O)C)C=C3)C=N1,1
CCCCN(CCO)CCCC,1
CCOP(=S)(OC1=CC=C([N+](=O)[O-])C=C1)C2=CC=CC=C2,1
CC(CCC(=O)NCC(=O)O)C1CCC2C3C(O)CC4CC(O)CCC4(C)C3CC(O)C12C,1
CCCCN1C=NC(=C1)C2=CC=C(OCC)C=C2,1
CCOCC(C)(C)C(O)C=CC1C(O)CC(=O)C1CC=CCCCC(=O)O,0
CC(C)(C)CC(=O)OCC(=O)C12OC(C)(C)OC1CC3C4CCC5=CC(=O)C=CC5(C)C4(F)C(O)CC23C,1
NC=1N=C(N)N=C(C2=CC(Cl)=CC=C2Cl)N1,0
CC[N+](C)(C)CCOC(C)C[N+](C)(C)CC,1
COC(=O)C=CC(=O)OC,1
CCCCC(C)(C)C(O)C=CC1C(O)CC(=O)C1CCCCC=CC(=O)OC,0
N#CC=1SC2=C(SC1C#N)C(=O)C=3C=CC=CC3C2=O,1
CCCCCC,1
NC(CC1=CC=CS1)C(O)=O,1
CC(CCCCCC)O,1
CN1CCN(C(=O)OC2C3=NC=CN=C3C(=O)N2C4=CC=C(Cl)C=N4)CC1,1
CC(C)C12CC(=O)C(C)C1C2,1
CC(O)C(=O)[O-],1
CN1C(=O)C=2NC=NC2N(C)C1=O,1
CC[N+](CC)(CC)CCOCC[N+](CC)(CC)CC,1
OC1=CC=CC=C1C(=O)OC2=CC=CC3=CC=CN=C23,1
CCSCCSP(=O)(OC)OC,1
O=[N+]([O-])C1=CC=C(O)C([N+](=O)[O-])=C1,1
CN1CCN(CC1)C2=C(F)C=C3C(=O)C(=CN(CCF)C3=C2F)C(O)=O,1
CC(C)(CO)C(O)C(=O)NCCC(=O)NCCSSCCNC(=O)CCNC(=O)C(O)C(C)(C)CO,0
C#CC1(O)C=CC2C3CCC4=CC(=O)CCC4C3CCC21CC,0
CCCC[Hg]Cl,1
CCCN(CCC)S(=O)(=O)C1=CC=C(C=C1)C(=O)O,1
C1=CN(C(=O)N=C1N)C2C(C(C(O2)CO)O)O,1
C=CCN1CCC23C4=C5C=CC(O)=C4OC2C(=O)CCC3(O)C1C5,1
O=C1C2=CC=CC=C2C(=O)C1C3=CC=C(Cl)C=C3,0
O=[N+](C1=CN=C(C)N1CCS(=O)(CC)=O)[O-],0
CC(C)OP(=O)(F)OC(C)C,1
NC1=NC(=O)N(C=C1)C2CC(O)C(CO)O2,1
CC12CCC3C(C=C(C)C4=CC(=O)CCC43)C1CCC2(OC(C)=O)C(C)=O,0
NC(=O)OCC1=NC=C(N1C)[N+](=O)[O-],0
CC1=CC(=O)N(N1C)C2=CC=CC=C2,1
CCCCC(=O)OC1(C(=O)CO)C(C)CC2C3CCC4=CC(=O)C=CC4(C)C3(F)C(O)CC21C,0
COCCOC(=O)NCCCCC(NC(=O)OCCOC)C(=O)NCCCCCOP(=O)(C)O,0
CC1CCCC2(C)CCC3C(C)CCC(CC12)C3(C)C,1
NC=1C=CN(C2CCC(CO)O2)C(=O)N1,1
CCC1=CC=CC(CC)=C1NC(=O)CN(CC)CC,1
CCOC(=O)C1=CC=C(C#CC2=CC=C3C(=C2)C(C)(C)CCS3)N=C1,0
CNC(C)C(=O)C1=CC=CC=C1,1
OC1=CC=C2C3=C1OC4C(O)CCC5(O)C(C2)N(CC6CCC6)CCC345,0
BrC1=C(NC2=NCCN2)C=CC3=NC=CN=C13,1
CC(C)CC(CN)CC(O)=O,1
CC(=CCCC(=CCCC(=CCN1CCN(CC2=CC=C3OCOC3=C2)CC1)C)C)C,0
NC(=O)C1CC2(NC(=O)NC2=O)C3=CC(F)=CC=C3O1,0
COCC(C)NC(C)(O)COC1=CC=CC=2SN=CC12,1
CC=O,1
CNC(=O)OCC(CO)(C1=CC=C(C)C=C1)C2=CC=C(C)C=C2,0
CCN(CC)C(=O)N1CCN(C)CC1,1
CCCCOC(=O)CC(CC(=O)OCCCC)(OC(=O)C)C(=O)OCCCC,1
CCN(CC)C(=S)SSC(=S)N(CC)CC,1
CN(C)CCCCC=1OC=CC1,1
COC1=CC=C2CN(C)CCC34C=CC(O)CC3OC1=C24,1
CCCC1=NC=C(C[N+]2=CC=CC=C2C)C(N)=N1,1
COC1=CC=C(OC)C(CCN2CCN(CC2)C3=CC=CC=N3)=C1,1
CC(=CCOC1=CC=C(C=CC(=O)C2=CC=C(OCC=C(C)C)C=C2OCC(=O)O)C=C1)C,0
CN1CCC(CC1)OC(=O)C(OC2=CC=C(Cl)C=C2)OC3=CC=C(Cl)C=C3,0
CCN(CC)C1=NC(C)=CC(OP(=S)(OC)OC)=N1,1
C[N+](C)(CCOCC[N+](C)(C)CC1=CC=CC=C1)CC2=CC=CC=C2,1
NC1CCN(C2=NC3=C(C=C2F)C(=O)C(C(=O)O)=CN3C4=CC=C(F)C=C4F)C1,1
CCC(CO)NC(=O)C1C=C2C3=CC=CC4=C3C(=CN4C)CC2N(C)C1,1
CC(C)C(COC(=O)N)COC(=O)N,0
ClCCN(CCCl)C1=CC=C(CCCC(=O)O)C=C1,1
CCCCOCC(O)COC1=CC=CC=C1,0
OCC(N)(CO)CO,1
CN1CC2CC(CC(C1)N2C)NC(=O)C3=NNC4=CC=CC=C34,0
C1CC2=C(N=C3C=CC=CC3=C2N)CC1,1
CCCC(C)(COC(=O)N)COC(=O)NCC1=CC=CC=C1,0
CC(=O)OC1(CCC2C3CC(Cl)C4=CC(=O)C=CC4(C)C3CCC12C)C(=O)C,0
CN(C)CCCN1C(=O)CN=C(C2=CC=CC=C2)C3=CC(=CC=C13)[N+](=O)[O-],1
CC(O)C1C(=O)N2C(=C(SC3CNC(CNS(=O)(=O)N)C3)C(C)C12)C(=O)O,0
CCN(CC)CCNC(=O)C(C)(C)OC1=CC=C(Cl)C=C1,1
CCCCCC=CCC=CCC=CCC=CCCCC(=O)O,1
NC(=O)N=NC1=CC=C2C=CC=CC2=C1O,0
CCOC1=CC(=CC=C1OC)C(CS(=O)(=O)C)N2C(=O)C3=CC=CC(NC(=O)C)=C3C2=O,0
CC(O)C,1
COC1=CC=C(CCN2CCN(CC2)C3=CC=CC=C3)C=C1OC,1
NC(=O)OCC(COC(=O)NC1=CC=CC=C1)(C2=CC=CC=C2)C3=CC=CC=C3,1
O=C(O)CCCN1CCC(OC(C2=CC=C(Cl)C=C2)C3=CC=CC=N3)CC1,0
CC1CC2=CC=CC=C2N1NC(=O)C3=CC=C(Cl)C(=C3)S(N)(=O)=O,1
CCON=C(C(=O)NC1C2SCC(=C(N2C1=O)C(=O)O)SC3=NC(=CS3)C4=CC=[N+](C)C=C4)C5=NSC(NP(=O)(O)[O-])=N5,0
C1CN(CCN1CCCN2C3=CC=CC=C3NC2=O)C(C4=CC=CC=C4)C5=CC=CC=C5,1
CCCCCCCCCCCCN=C(N)N,1
C1=CN=C2C=C3C(=CC2=N1)C4CNCC3C4,1
OCC(O)C(O)C(O)CO,1
CCCNC1CCC2=C(C1)SC(N)=N2,1
CNCCC=C1C2=CC=CC=C2CCC3=CC=CC=C31,1
CCN(CC)CC,1
FC1=C(N2CCNCC2)N=C3N(CC)C=C(C(=O)O)C(=O)C3=C1,1
CC12CCC3C(CCC4=CC(OC(=O)N(CCCl)CCCl)=CC=C34)C1CCC2O,0
O=C1CN=C(C2=CC=CC=C2)C3=CC(Cl)=CC=C3N1CCN4CCNCC4,1
CC(Cl)(Cl)Cl,1
S=C1N=CNC=2NN=CC12,0
COC1=CC=C(O)C(C(C)(C)C)=C1,1
O=C(OC1CC2=C(O)C=C(O)C=C2OC1C3=CC(O)=C(O)C(O)=C3)C4=CC(O)=C(O)C(O)=C4,1
CC(C)C(C(=O)NC(=O)N)Br,1
CCOP(=O)(OCC)OC1=CC=C([N+](=O)[O-])C=C1,1
CC1=C(C)C2=C(C(C)=C1OC(=O)C(C)(C)OC3=CC=C(Cl)C=C3)CCC(C)(CCCC(C)CCCC(C)CCCC(C)C)O2,0
CNCC(O)C1=CC=C(O)C=C1,1
CN(C)CCC(C1=CC=C(Cl)C=C1)C2=CC=CC=N2,1
CCOP(=S)(OCC)OC1=NC(Cl)=C(Cl)C=C1Cl,1
CCCCCC=CCC=CCCCCCCCC(=O)OC,1
OC1=C(Cl)C(Cl)=C(Cl)C(Cl)=C1Cl,1
ClC1=CC=CC=C1N2CCN(CCC3=CC=CN=C3)CC2,1
CCNC(=S)N1C(C2=CC=CC=C2)C3C(=O)C(C(C4=CC=CC=C4)NC3C5=CC=CC=C5)C1C6=CC=CC=C6,0
CC1CCC2=CC(F)=CC=3C(=O)C(C(=O)O)=CN1C23,1
CCOC(=O)C(CCC1=CC=CC=C1)NC(C)C(=O)N2C(C(=O)O)CC3CCCCC23,1
CC1CC2C3CCC(O)(C(=O)CO)C3(C)CC(O)C2C4(C)C=CC(=O)C=C14,1
OC(=O)C1=CN=CC=C1NC2=CC=CC(=C2)C(F)(F)F,0
CN1C=CC=CC1=C[NH+]=O,1
O=[N+]([O-])N1CN([N+](=O)[O-])CN([N+](=O)[O-])C1,1
CC1=CC=CC(C)=C1OCC(C)N,1
CCC(C(=O)OCCOCCN(CC)CC)C1=CC=CC=C1,0
CC1=CC=CC=C1N2CCN(CCC3=NN=C4N3CCCC4)CC2,0
O=C(O)C1=CC(N=NC2=CC=C(S(=O)(=O)NC3=CC=CC=N3)C=C2)=CC=C1O,1
OC1C(O)C(OC1COP(=O)(O)O)N2C=NC=3C(=O)NC=NC23,1
CC(C)(C)C(CO)CO,1
C=CCN1CCCC1CNC(=O)C2=CC(S(N)(=O)=O)=CC(OC)=C2OC,1
CC(C)CC1C(=O)N2CCCC2C3(O)OC(NC(=O)C4C=C5C6=CC=CC=7NC(Br)=C(C67)CC5N(C)C4)(C(C)C)C(=O)N13,1
CCC(=C(C1=CC=CC=C1)C2=CC=C(C=C2)OCCN(C)C)C3=CC=CC=C3,1
CCN1N=C(C)C2=C(OCCC(C)C)C(=CN=C12)C(=O)NCCC3=CC=C(C=C3)S(=O)(=O)NC(=O)NC4CCCCC4,0
CCOC(=O)C,1
CCN(CC)CCNC(=O)C1C(=NC(=C1C)C=C2C(=O)NC3=CC=C(F)C=C23)C,1
CC(=O)NC1=CC=C(C=C1)O,1
CNC1=NC2=CC=C(Cl)C=C2C(=[N+]([O-])C1)C3=CC=CC=C3,1
NC1=C(C(=NN1C2=C(Cl)C=C(C=C2Cl)C(F)(F)F)C#N)S(=O)C(F)(F)F,1
NC1=NC=NC2=C1N=CN2C3OC(COP(=O)(O)OP(=O)(O)OP(=O)(O)O)C(O)C3O,1
CSC1=CC=C(S(=O)(=O)NC(=O)NC2CCCCC2)C=C1,0
CN1CCCC1C2=CC=CN=C2,1
CCSC1=CC=C2C(=C1)N(CCCN3CCN(C)CC3)C4=CC=CC=C4S2,1
CCN(CC)C(=O)C1(C2=CC=CC=C2)CC1CN,1
OCCSCCCCCCCCCCSCCO,0
OCC(O)C1OC2OC(C(Cl)(Cl)Cl)OC2C1O,1
CC(=O)OCC(=O)C1(O)CCC2C3CC(C)C4=CC(=O)C=CC4(C)C3C(O)CC21C,1
CCOP(=O)(NC(C)C)OC1=CC=C(SC)C(C)=C1,1
CN1C(=O)CN=C(C2=CC=CC=C2F)C3=CC([N+](=O)[O-])=CC=C31,1
CC(=O)C1(O)CCC2C3C=C(C)C4=CC(=O)CCC4C3CCC12C,0
OCC(S)CS,1
CN(C)CCN(CC1=CC=CC=C1)C2=CC=CC=N2,1
CCNC(=O)OCC(CC)(CNC(=O)O)C1=CC=CC=C1,1
C[N+](C)(C)CCO,1
CN1CCC2=CC3=C(C=C2C1C4C5=C(C6=C(C=C5)OCO6)C(=O)O4)OCO3,1
CC1=CC=CC=C1C(OCCN2CCN(CC2)C3=CC=CC=C3)C4=CC=CC=C4,1
BrCCBr,1
COC(=O)C(C)CN(C)C,0
CC(=O)OC1(CCC2C3C=C(Cl)C4=CC(=O)CCC4C3CCC12C)C(=O)C,0
COC1OC2OC3(C)CCC4C(C)CCC(C1C)C24OO3,1
C1=CC=C(C2(N3CCCCC3)CCCCC2)C=C1,1
CN1CCCCC1CCN2C3=CC=CC=C3SC4=CC=C(S(C)=O)C=C42,1
CNC1C(OC2C(OC3C(O)C(O)C(N=C(N)N)C(O)C3N=C(N)N)OC(C)C2(O)C=O)OC(CO)C(O)C1O,1
CCCCOCC(O)COCCCC,0
C1=CC=C2C(=C1)C(=C(C(=O)O2)CC3=C(C4=CC=CC=C4OC3=O)O)O,1
COC1=CC2=C(C=C1OC)C(=O)C(CC3CCN(CC4=CC=CC=C4)CC3)C2,1
CCNC(=O)N1C(C2=CC=CC=C2)C3C(=O)C(C(C4=CC=CC=C4)NC3C5=CC=CC=C5)C1C6=CC=CC=C6,0
CCCCCC=CC=CC(=O)OCC,1
FC(F)(F)C(Cl)Br,1
CCC1(N(C)C(=O)CN2CCCCC2)C(=O)C3=CC=CC=C3C1=O,1
CCN(CCCl)CC1=CC=CC=C1Br,1
CC(C)OC(=O)C(C)(C)OC1=CC=C(C(=O)C2=CC=C(Cl)C=C2)C=C1,1
S=C([S-])NCCNC(=S)[S-],1
CCOC1OC2OC3(C)CCC4C(C)CCC(C1C)C24OO3,1
CC(=O)OCC(=O)C1(O)CCC2C3CCC4=CC(=O)CCC4(C)C3C(O)CC12C,1
CC1=NN=C2N1C3=CC=C(C=C3C(=NC2)C4=CC=CC=C4)Cl,1
CC1=CN(C2=CC(NC(=O)C3=CC=C(C)C(NC=4N=CC=C(C5=CC=CN=C5)N4)=C3)=CC(C(F)(F)F)=C2)C=N1,1
COP(=O)(OC)OC=C(Cl)Cl,1
CN(CC[N+]1(C)CCCCC1)CC[N+]2(C)CCCCC2,1
CCOC(=O)N1C=CN(C)C1=S,1
CCOC(=O)C(CCC1=CC=CC=C1)NC2CCC3=CC=CC=C3N(CC(=O)O)C2=O,0
CC1=C(C(=O)NC2=CC=C(N3CC(C)OC(C)C3)N=C2)C=CC=C1C4=CC=C(OC(F)(F)F)C=C4,1
CN1CCN(CCCN2C3=CC=CC=C3SC4=CC=CC=C24)CC1,1
CC=1C=C2N=CC(=CN2N1)C(=O)NCC(C)(C)NCC(=O)N3CCCC3C#N,0
N#CC1=CC(Br)=C(O)C(Br)=C1,1
CN(C)CCC=C1C2=CC=CC=C2CSC3=CC=CC=C13,1
COC1=CC=C(CCN2CCN(CC2)C3=CC=CC=C3[N+](=O)[O-])C=C1OC,1
CCOP(=S)(OCC)OC1=CC=C2C(=C(Cl)C(=O)OC2=C1)C,1
CN1CCC(CC1)C(=O)N2C3=CC=CC=C3NC(=O)C4=CC=CN=C24,0
CCOC(=O)C1=C(COCCN)NC(C)=C(C1C2=CC=CC=C2Cl)C(=O)OC,1
NS(=O)(=O)C1=CC(C(=O)C2=CC=C(OCC(=O)O)C(Cl)=C2Cl)=CC=C1Cl,0
CCN1CCN(C2=CC3=C(C=C2F)C(=O)C(C(=O)O)=CN3C4CC4)CC1,1
CCCCCC(C)(O)C=CC1C(O)CC(O)C1CC=CCCCC(O)=O,0
CC1(CCC2OCC(C[N+](C)(C)C)O2)OCC(C[N+](C)(C)C)O1,1
O=C1CC2=CC(CCN3CCN(C4=NSC5=CC=CC=C45)CC3)=C(Cl)C=C2N1,1
NC(=O)C1=CC=C(N)N=C1,1
CC12CCC3C(CC=C4CC(O)CCC34C)C1CC=C2C5=CC=CN=C5,0
CCCNC(=O)C1=CC=C(C)N=C1NC2=CC=C(OC)C=C2,0
FC(F)(F)C(F)(F)C(F)(F)C(F)(F)F,0
NC(=O)OCC(COC(=O)N)OC1=CC=CC=C1,0
COC1=CC(C=CC(=O)O)=CC=C1OCCO,0
CCN(CC)CC=CCOC(=O)C(O)(C1=CC=CC=C1)C2CCCCC2,1
CC=1ON=C(C2=CC=CC=C2)C1C3=CC=C(S(N)(=O)=O)C=C3,0
CCCCNC(=O)N1C(C2=CC=CC=C2)C3C(=O)C(C)(C(C4=CC=CC=C4)NC3C5=CC=CC=C5)C1C6=CC=CC=C6,0
COC1CC2CCC(C)C(O)(O2)C(=O)C(=O)N3CCCCC3C(=O)OC(C(C)CC4CCC(O)C(OC)C4)CC(=O)C(C)C=C(C)C(O)C(OC)C(=O)C(C)CC(C)C=CC=CC=C1C,1
NC1=CC(=NC(=[N+]1[O-])N)N2CCCCC2,1
CCCO,1
O=[N+]([O-])C1=NC=CN1CC(O)CO,1
CCN1CC2(COC)C3C(OC)C4C1C3(C(OC)CC2O)C5CC6(O)C(OC)C(O)C4(OC(C)=O)C5C6OC(=O)C7=CC=CC=C7,1
CNC(=O)OC1=CC=CC2=C1OC(C)(C)C2,1
COP(=S)(OC)OC1=CC=C(C(C)=C1)[N+](=O)[O-],1
CC(=O)C1(O)CCC2C3CC(Cl)C4=CC(=O)CCC4(C)C3CCC12C,0
CN(C)C1=NC(N(C)C)=NC(N(C)C)=N1,1
COC1=C2OCOC2=CC=3CCN(C)C(O)C13,0
CC(=O)OCCF,1
CN1CC=2N(C3=CC=C(C=C3C1=O)F)C=NC2C(OCC)=O,1
CC(C)(C)C1=CC(CO)=CC(C(C)(C)C)=C1O,1
C1=CC=C(C(=C1)CC(=O)O)NC2=C(C=CC=C2Cl)Cl,1
ClCCN1CCOCC1,1
O=S(=O)([O-])CC(O)C[S-],1
C1=CC=C2C(=C1)NC(=N2)C3=CSC=N3,1
CSC1=CC=C2C(=C1)N(CCC3CCCCN3C)C4=CC=CC=C4S2,1
CCOC1=CC=C(C=C1)C2(C)NC(=O)NC2=O,0
CCC(=O)NCCC1CCC2=CC=C3C(=C12)CCO3,0
CCC1(N(C)C(=O)CN2CCOCC2)C(=O)C3=CC=CC=C3C1=O,0
CS(=O)(=O)NC1=CC=2OC=C(NC=O)C(=O)C2C=C1OC3=CC=CC=C3,0
COC1=CC2=C(C(OC)=C1OC)C3=C(C=C(OC)C(OC)=C3OC)CC(C)(O)C(C)C2,0
CC1=C(CC(=O)O)C2=CC(F)=CC=C2C1=CC3=CC=C(C=C3)S(=O)C,1
CCCC(NC(=O)C1C2CCCC2CN1C(=O)C(NC(=O)C(NC(=O)C3=CN=CC=N3)C4CCCCC4)C(C)(C)C)C(=O)C(=O)NC5CC5,0
CCCC(C)(CO)COC(=O)NC(C)C,1
CCNC(=O)C1=CC=C(C)N=C1NC2=CC=C(C)C=C2,1
ClC1C(Cl)C(Cl)C(Cl)C(Cl)C1Cl,1
CC(C)C(CO)CO,0
O=C(O)CN(CC(=O)O)CCN(CC(=O)O)CC(=O)O,1
COC1=CC=CC(C2(O)CCCCC2CN(C)C)=C1,1
CN1C(=O)CC(C(=O)NC(CC2=CN=CN2)C(=O)N3CCCC3C(N)=O)NC1=O,1
CC=1C=CSC1C(=CCCN2CCCC(C2)C(=O)O)C=3SC=CC3C,1
CC1=C(N2C(SC1)C(NC(=O)C(N)C3=CC=CC=C3)C2=O)C(O)=O,1
CS(=O)(=O)C1=CC=C(C2=CN3C=CC=CC3=N2)C=C1,0
COC1=CC=C(CN(CCN(C)C)C2=CC=CC=N2)C=C1,1
COCCCCC(=NOCCN)C1=CC=C(C(F)(F)F)C=C1,1
C[N+](C)(C)CC[N+]1(C)CC2=C(Cl)C(Cl)=C(Cl)C(Cl)=C2C1,1
C=CCC1(C(C)OCCC)COC(C)OC1,0
CCC(C)C1OC2(C=CC1C)CC3CC(CC=C(C)C(OC4CC(OC)C(OC5CC(OC)C(O)C(C)O5)C(C)O4)C(C)C=CC=C6COC7C(OC)C(C)=CC(C(=O)O3)C67O)O2,1
CC1=CC=C(C=C1)N(CC2=NCCN2)C3=CC=CC(O)=C3,1
O=C1C2CCCCC2C(=O)N1CCCCN3CCN(CC3)C4=NSC5=CC=CC=C45,1
CCC1CC2CC3C=4NC5=CC=C(OC)C=C5C4CCN(C2)C13,1
CC1(C(N2C(S1)C(C2=O)NC(=O)CC3=CC=CC=C3)C(=O)O)C,1
CCCCC=1OC2=CC=C(NS(=O)(=O)C)C=C2C1C(=O)C3=CC=C(OCCCN(CCCC)CCCC)C=C3,0
CC1=C(CC(N)C(O)=O)C(=O)NO1,1
OC(C1=CC(C(F)(F)F)=NC2=C(C(F)(F)F)C=CC=C12)C3CCCCN3,1
CN1CCN(CC1)C(C2=CC=CC=C2)C3=CC=C(C=C3)Cl,1
O=C(NN1CCCCCC1)NS(=O)(=O)C2=CC=C(Cl)C=C2,0
CS(=O)(=O)C1=CC(=CC=C1C(=O)C=2C=NOC2C3CC3)C(F)(F)F,1
O=C([O-])C1=CC=CC=C1[S-],1
COC1=CC=C(NC(=O)C2=CC=CN=C2N)C=C1,1
CC1=CC(Cl)=CC=C1OCC(=O)O,1
COC1(NC(=O)C2SC(=C(C(=O)N)C(=O)O)S2)C(=O)N3C(=C(CSC4=NN=NN4C)CSC13)C(=O)O,1
COC1=CC=C(C=C1)CCN2CCC(CC2)NC3=NC4=CC=CC=C4N3CC5=CC=C(C=C5)F,1
C=C(C)C1CCC(=CC1C2=C(O)C=C(CCCCC)C=C2O)C,1
CN1CCN(C)C(COC(C2=CC=CC=C2)C3=CC=CC=C3C(C)(C)C)C1,1
COC(=O)C(CC1=CC=CC=C1)NC(=O)C(N)CC(=O)O,1
CC(CC1=CC=CC=C1)NC(=O)C(N)CCCCN,1
CN(C)CCCN1C2=CC=CC=C2SC3=CC=C(Cl)C=C13,1
CCCCCCCC(=O)NC(CN1CCCC1)C(O)C2=CC=C3C(=C2)OCCO3,1
CCCC(C)(COC(=O)NCC(=O)O)COC(=O)NCC(=O)O,0
CC1=CC(C(C)(C)C)=C(O)C(C)=C1CC2=NCCN2,1
CCCOC1=NC2=CC=C(I)C=C2C(=O)N1CCC,1
CN1C2CCCC1CC(NC(=O)C3=NN(C)C4=CC=CC=C34)C2,1
CC1CCCC1,1
CC1C2=CC=CC(O)=C2C(=C3C(=O)C4(O)C(=C(C(=O)N)C(=O)C(N(C)C)C4C(O)C13)O)O,0
CCOC(=O)C1=CN=CN1C(C)C2=CC=CC=C2,1
O=C(O)CP(=O)(O)O,1
CC(C=O)C1=CC=CC=C1,1
CN1CCN(CCCN2C(=O)CN=C(C3=CC=CC=C3F)C4=CC(Cl)=CC=C24)CC1,1
C1(CC)=CC=CC=C1,1
C=C1CC2C3C=C(Cl)C4=CC(=O)CCC4(C)C3CCC2(C)C1(OC(C)=O)C(C)=O,0
CC(C)(C)NC(=O)N1C(C2=CC=CC=C2)C3C(=O)C(C)(C(C4=CC=CC=C4)NC3C5=CC=CC=C5)C1C6=CC=CC=C6,0
COC1=CC=CC=C1OCC(O)CN2CCN(CC(=O)NC3=C(C)C=CC=C3C)CC2,1
CNCCCN1C2=CC=CC=C2CCC3=CC=CC=C31,1
COC1=CC(=CC=C1OCCCN2CCC(CC2)C3=NOC4=CC(F)=CC=C34)C(=O)C,1
ClC1=CC=C2C(=C1)C(=NCC3=NN=CN23)C4=CC=CC=C4,1
C=CCNC(=S)N1C(C2=CC=CC=C2)C3C(=O)C(C)(C(C4=CC=CC=C4)NC3C5=CC=CC=C5)C1C6=CC=CC=C6,0
COC1=CC=C(OC)C(=C1)N2CCN(CCC3=CC=C(OC)C(OC)=C3)CC2,1
COC1=CC=C(C=C1)C2=CN(C)C=N2,1
O=C(OC1CC2CCC(C1)[N+]23CCCC3)C(O)(C4=CC=CC=C4)C5=CC=CC=C5,1
CC1=NN(C(=O)C1)C2=CC=CC=C2,0
OC(CNCC(O)C1CCC2=CC(F)=CC=C2O1)C3CCC4=CC(F)=CC=C4O3,0
S=P(OC1=CC=C(C=C1)S(=O)C)(OCC)OCC,1
CCN(CC)C(=O)CSC1=CC=C(Cl)N=N1,0
CCN(CC)S(=O)(=O)C1=CC=C(C=C1)C(=O)O,0
CCCCC(O)C1=CC=CC=C1,0
CCCC(C)(CO)COC(=O)NC1=CC=CC=C1,1
OC(=O)CCN1C=2CCC(CC2C3=CC=CC=C13)NS(=O)(=O)C4=CC=C(F)C=C4,0
CC(C)C(=O)OC(C)OC(=O)NCC1(CCCCC1)CC(=O)O,0
NCCC1=CC=C(O)C(O)=C1,1
OC(CNC1CCCCC1)COCC2=CC=CC=C2,1
COC1=CC=CC(CCN2CCN(CC2)C3=CC=CC=C3)=C1,1
CC1=CC=C(C=C1)C2=CC(C(F)(F)F)=NN2C3=CC=C(C=C3)S(N)(=O)=O,1
CCC(C(=O)O)C1(O)CCC(C2=CC=CC=C2)CC1,0
CCN(CC)CCCN(C1CC2=CC=CC=C2C1)C3=CC=CC=C3,1
FC(F)OC(F)C(F)(F)F,1
CCC(C)C(CO)CO,1
ClC1=CC=C(C=C1)CCC(C#N)(C2=CC=CC=C2)CN3N=CN=C3,1
NC(=O)NC(=O)C(OC1=CC=C(Cl)C=C1)OC2=CC=C(Cl)C=C2,0
COC1=CC=C2C(=C1O)C3=C4C(=CC5=C3C(C2)N(C)CC5)OCO4,1
C[N+]1=CC=C(C=C1)C2=CC=CC=C2,1
CC(=O)NC(CS)C(=O)O,0
CC1=CC=C(C=C1)C(=O)C2=CC=C(N2C)CC(=O)O,1
CON=C1CN(C2=NC3=C(C=C2F)C(=O)C(C(=O)O)=CN3C4CC4)CC1CN,0
COC1=CC=C(CC2=NC=CC3=CC(OC)=C(OC)C=C23)C=C1OC,1
CC(=C)C1C2OC(=O)C1C3(O)C4OC4C5(CO5)C3(C)C2O,1
CCC(CC)C(CC)(COC(=O)N)COC(=O)N,1
CCCCCCCN(CCCCCSC1=NC(C2=CC=CC=C2)=C(C3=CC=CC=C3)N1)C(=O)NC4=CC=C(F)C=C4F,0
NC(CSCCCO)C(=O)O,0
CC1CC2C3CCC4=CC(=O)C=CC4(C)C3(F)C(O)CC2(C)C1(OC(=O)C5CC5)C(=O)COC(=O)C6CCCCC6,0
C(CC1=NC(CC(C2=CC=CC=C2)C3=CC=CC=C3)=NO1)N4CCCCC4,0
CC1=NC=C2N1C3=CC=C(C=C3C(=NC2)C4=CC=CC=C4F)Cl,1
CC(C)C#N,1
CC(C)OP(=S)(OC(C)C)SCCNS(=O)(=O)C1=CC=CC=C1,1
O=C1NC=NC=2NN=CC12,1
C12CC1N(C(C2)C#N)C(=O)C(N)C34CC5CC(CC(O)(C5)C3)C4,0
CC(=O)OC1(C(C)=O)CCC2C3C=C(Cl)C4=CC(=O)C5CC5C4(C)C3CCC21C,1
OCCN1CCN(CCCN2C(=O)CN=C(C3=CC=CC=C3F)C4=CC(Cl)=CC=C24)CC1,1
NNC(=O)C1=CC=NC=C1,1
CCCS(=O)(=O)NC1=CC=C(F)C(C(=O)C2=CNC3=NC=C(C4=CC=C(Cl)C=C4)C=C23)=C1F,1
CC1C2=CC=CC=C2CN1NC(=O)C3=CC=C(Cl)C(S(N)(=O)=O)=C3,0
O(C1C2(C(C3C(C4(C(CC3)CC(OC(=O)C)C(N5CCCCC5)C4)C)CC2)CC1[N+]6(CCCCC6)C)C)C(=O)C,1
CCOC(=O)NC1=CC=C(NCC2=CC=C(F)C=C2)N=C1N,1
CC(NC(CCC1=CC=CC=C1)C(=O)O)C(=O)N2C(C(=O)O)CC3CCCC32,0
C#CC(NC(=O)C1=CC(Cl)=CC(=C1)Cl)(C)C,1
CC(=O)OCC(=O)C1CCC2C3CCC4CC(O)CCC4(C)C3C(=O)CC12C,1
CCCCCCCCCCCCCCCC(=O)OC1CCCN2C(=O)C(=C(C)N=C12)CCN3CCC(CC3)C4=NOC5=CC(F)=CC=C45,1
O=C1OC2=C(O)C(O)=CC=3C(=O)OC4=C(O)C(O)=CC1=C4C23,0
CCCCC(CN1C=NC=N1)(C#N)C2=CC=C(Cl)C=C2,1
COP(=S)(OC)OC1=CC=C(SC)C(C)=C1,1
COCC(=O)NC1=C(I)C(C(=O)NCC(O)CO)=C(I)C(C(=O)N(C)CC(O)CO)=C1I,1
CC1=CC(C)=NC(NC2=CC=CC=C2)=N1,1
CC(=O)C1CCC2C3C=CC4=CC(=O)CCC4(C)C3CCC12C,0
CNCCCN1C(=O)CNC(C2=CC=CC=C2F)C3=CC(Cl)=CC=C13,1
CC12CCC3C(=CCC4=CC(OS(=O)(=O)O)=CC=C34)C1CCC2=O,0
CNCCC(C1=CC=CS1)OC2=CC=CC3=CC=CC=C23,1
OC(=O)C1=CC=CC=C1OC(=O)C2=CC=CC=C2O,1
CC(C)(C)C1=CC=C(CN2CCN(CC2)C(C3=CC=CC=C3)C4=CC=C(Cl)C=C4)C=C1,1
O=C(NS(=O)(=O)C1=CC=C(C=C1)Cl)NN2CCCC2,0
CN(CCCN1C2=CC=CC=C2CCC3=CC=CC=C13)CC(=O)C4=CC=C(Cl)C=C4,1
O=S(=O)(F)CC1=CC=CC=C1,1
C1CN(CCN1C(C2=CC=CC=C2)C3=CC=CC=C3)C4=CC=CC=C4,1
CC(C)[N+](C)(CCC(C(=O)N)(C1=CC=CC=C1)C2=CC=CC=C2)C(C)C,1
CC1CN(CC(C)N1)C2=C(F)C(N)=C3C(=O)C(=CN(C4CC4)C3=C2F)C(O)=O,1
CC(C)(CO)CCCCCCC(C)(C)CO,0
CC(=O)CC(C1=CC=CC=C1)C2=C(O)C3=CC=CC=C3OC2=O,1
O=C(C=CC1=CC=C(O)C(O)=C1)OC2CC(OC(=O)C=CC3=CC=C(O)C(O)=C3)(C(=O)O)CC(O)C2O,0
O=P(O)(O)C(O)(CC1=CN=C2C=CC=CN12)P(=O)(O)O,0
O=C(O)CCl,1
C[N+]1(C2CC(CC1C3C2O3)OC(=O)C(CO)C4=CC=CC=C4)C,1
CC1=CC=C(C=C1)S(=O)(=O)NC(=O)NC2C(O)C3(C)CCC2C3(C)C,0
COC1=CC=C2N=C3N(C2=C1)SCC4=C(C)C(OC)=C(C)C=[N+]43,0
CCCCC(CC)COC(=O)C1=CC=CC=C1C(=O)OCC(CC)CCCC,1
C1=CC=C(C=C1)C(COC(=O)N)COC(=O)N,1
C=C1N2CCC(CC2)C1(O)C3=CC=C(C)C=C3,1
OC(=O)C(OC1=CC=C(Cl)C=C1)OC2=CC=C(Cl)C=C2,0
CCC(C(C)O)N1N=CN(C2=CC=C(N3CCN(C4=CC=C(OCC5COC(CN6C=NC=N6)(C7=CC=C(F)C=C7F)C5)C=C4)CC3)C=C2)C1=O,1
COC(=O)C1OC2=CC=C(Cl)C=C2CC3=CC(Cl)=CC=C3O1,0
O=C1CCCCCN1,1
COC1=CC=C(OC)C(=C1)C2NC(=O)NC(=C2C(=O)NC3=CC=C(F)C(F)=C3)C,1
CCCCCC(O)C=CC1C(O)CC(=O)C1CCCCCCC(=O)O,0
OC(CN1CCN(CC1)C2=CC=CC(Cl)=C2)C3=CC=CN=C3,1
O=C1NC(C2C(=O)CCC=C2N1)C3=CC=C4N=CC=CC4=C3,1
C=C1CC2C3CCC4=C=C([O-])C#CC4([CH4+])C3(F)C(=O)CC2([CH4+])C1(O)C(=O)C[O-],0
CNC(=S)NCCSCC=1N=CNC1C,1
COC1=CC=C(OC)C(=C1)C(O)CNC(=O)CN,1
CNC(=O)OCC1=CC=CC(COC(=O)NC)=N1,0
O=C1N(C2=CC=CC=C2)C3=CC=CC=C3C1(CC4=CC=NC=C4)CC5=CC=NC=C5,1
CCCC1(COC)COC(C)OC1,0
CCC1(COC(C)OC1)C(C)OC,0
CCC1=C(C)C2=CC3=NC(=CC4=NC(=CC=5NC(C=C1N2)=C(C)C5C(C)O)C(=C4CCC(=O)O)C)C(=C3C)CCC(=O)O,0
C(C)(OC1=CC=C(OC2=CC=C(Cl)C=C2Cl)C=C1)C(O)=O,1
CNC(=O)C1=CC(OC2=CC=C(NC(=O)NC3=CC=C(Cl)C(C(F)(F)F)=C3)C=C2)=CC=N1,1
CC(O)C1C(=O)N2C(=C(SC3CNC(C(=O)NC4=CC=CC(C(=O)O)=C4)C3)C(C)C12)C(=O)O,1
COC1=CC(N)=C(Cl)C=C1C(=O)NC2CCN(CCCOC3=CC=C(F)C=C3)CC2OC,1
CCCN(CC(C)(CCC)COC(=O)N(CC)CC)C(=O)O,1
CCN(CC)CCN1C(=O)CN=C(C2=CC=CC=C2F)C3=CC(Cl)=CC=C13,1
CN(C)CCCN1C2=CC=CC=C2CCC3=CC=CC=C31,1
CC(=O)CCC(=O)C,1
CC(O)C1C(=O)N2C(C(=O)[O-])=C(SC3CN4C=NC=[N+]4C3)C(C)C12,1
COCCOC(=O)NCCCCC(NC(=O)OCCOC)C(=O)NCCCCCCCOP(=O)(C)O,0
CC(OC1=CC=C(OC2=CN=C3C=C(Cl)C=CC3=N2)C=C1)C(=O)O,1
CCC(COC(=O)N)(COC(=O)N)C=1C=CSC1,1
C[Hg]OC(C)=O,1
CC[N+]1=C(C2=CC=CC=C2)C3=CC(N)=CC=C3C4=CC=C(N)C=C14,1
OS(=O)(=O)C(F)(F)C(F)(F)C(F)(F)C(F)(F)C(F)(F)C(F)(F)C(F)(F)C(F)(F)F,1
CC(C)OC1=CC=C(C2(C)NC(=O)NC2=O)C=C1,0
O=C1NC2=CC=CC=C2N1CCCN3CCC(N4C(=O)NC5=CC(Cl)=CC=C45)CC3,1
NC(=O)OCC(CO)C1=CC=CC=C1,1
NC(CCCN=C(N)N)C(O)=O,0
C[N+](C)(C)CCOC(N)=O,1
C=CCC(C)(CO)CO,1
CCC(CO)COC(=O)N(C)C,0
COC1CC(OC2C(C)OC(OC3C(C)=CCC4CC(CC5(C=CC(C)C(C(C)C)O5)O4)OC(=O)C6C=C(C)C(O)C7OCC(=CC=CC3C)C67O)CC2OC)OC(C)C1C,1
CC1=CC(C(=O)NCCC2=CC=C(S(=O)(=O)NC(=O)NC3CCCCC3)C=C2)=NO1,0
OCCOCCN1CCN(C(C2=CC=CC=C2)C3=CC=C(Cl)C=C3)CC1,1
O=P(O)(O)CCCl,1
COC1=CC=C2N=C(S(=O)CC3=NC=C(C)C(OC)=C3C)NC2=C1,1
CC(CC1=CC=CC=C1)N(C)CC2=CC=CC=C2,1
CC(=S)N,1
CNC(C)CC1=CC=C2C(=C1)OCO2,1
CNC1=CC=C(C=C1F)C2=NC3=CC=C(O)C=C3S2,0
CN(C1CCS(=O)(=O)C1)C(=O)COC(=O)C2=CC=C3C=CC=CC3=C2,0
C1=CC=C2C(=C1)C=C3C=CC4=CC=CC5=CC=C2C3=C45,1
CCC(=O)OC1(C2=CC=CC=C2)CC(C)N(CCCN3CCCCC3)CC1C,1
CN(C)CCOC(C1=CC=CC=C1)C2=CC=CC=C2C(C)(C)C,1
ClC1=CC=C(CN2C(CN3CCCC3)=NC4=CC=CC=C24)C=C1,1
NC1=NC(F)=NC2=C1N=CN2C3OC(COP(=O)(O)O)C(O)C3O,1
CN(C)CCOC(C)(C1=CC=CC=C1)C2=CC=CC=N2,1
CC1CN(CCOCCOC(C2=CC=CC=C2)C3=CC=CC=C3)C(C)CN1C,1
CCOC(=O)CCCCCCCCC(C)C1=CC=C(I)C=C1,1
CNC(=O)OC1=CC=CC2=CC=CC=C12,1
CCN1C=C(C(O)=O)C(=O)C2=CC(F)=C(C=C12)N3CCN(C)CC3,1
CC1CCC(=C(C)C)C(=O)C1,1
O=C1C(O)=C(C2=CC=C(O)C(O)=C2)OC3=CC(O)=CC(O)=C13,1
COP(=O)(N)SC,1
CC(O)C1C(=O)N2C(=C(SC3CCC(C(=O)N(C)C)N3)C(C)C12)C(=O)O,0
CC12CCC3C4=C(CCC3C1CCC2O)C=C(O)C=C4,1
CCOC1=CC=C(CC2=CC(C3OC(CO)C(O)C(O)C3O)=CC=C2Cl)C=C1,0
COC(=O)C=CC(=O)O,0
CN1C(=O)C2=C(N=CN2CCOC(=O)C(C)(C)OC3=CC=C(Cl)C=C3)N(C)C1=O,0
CCNC(=O)N1C(C2=CC=CC=C2Cl)C3C(=O)C(C(C4=CC=CC=C4Cl)NC3C5=CC=CC=C5Cl)C1C6=CC=CC=C6Cl,0
CCN(CC)CCN1C(=O)CNC(C2=CC=CC=C2F)C3=CC(Cl)=CC=C13,1
COC1=CC=CC=C1C(=O)NCCC2=CC=C(S(=O)(=O)NC(=O)NC3CCCC3)C=C2,0
CC(=O)N1CCN(C2=CC=C(OCC3COC(CN4C=CN=C4)(C5=CC=C(Cl)C=C5Cl)O3)C=C2)CC1,1
C1CN2CCN1CC2,1
CC12CCC(=O)C=C1CCC3C2C(O)CC4(C)C3CCC4(O)C(=O)CO,0
C1=C(C2=C(N=C1N3CCN(CC)CC3)CCCCCC2)C4=CC=C(F)C=C4,1
CCCCCC(CC)(CO)CO,1
OC(CCCN1CCCCC1)(C2=CC=CC=C2)C3=CC=CC=C3,1
COC1(NC(=O)C(C(=O)O)C2=CC=C(O)C=C2)C(=O)N3C(=C(CSC4=NN=NN4C)COC13)C(=O)O,1
O=C(O)CN(CCN(CC(=O)O)CC(=O)O)CCN(CC(=O)O)CC(=O)O,1
CCCCN(CCCC)CCC(O)C1=CC2=C(Cl)C=C(Cl)C=C2C3=CC(=CC=C13)C(F)(F)F,1
C(C(CO)O)O,1
COC1=CC2=NC=CC(OC3=CC=C(NC(=O)C4(C(=O)NC5=CC=C(F)C=C5)CC4)C=C3)=C2C=C1OC,0
COCC1(C)COC(C)OC1,0
CN(C)CCC=C1C2=CC=CC=C2C=CC3=CC=CC=C31,1
CN1C(CC2=CC(=NNC(=O)N)C(=O)C=C12)S(=O)(=O)[O-],0
C[Hg]SCC(O)CO,1
O=C1C2=CC=CC=C2N(C(=O)CN3CCOCC3)CN1C4=CC=CC=C4,0
CCC(=O)NC(=O)OCC(C)(COC(=O)NC(=O)CC)C(C)CC,0
O=C([O-])P(=O)([O-])[O-],0
O=C1NC=C(F)C(=O)N1,1
O=C(NCCN1CCOCC1)C2=CC=C(Cl)C=C2,1
OCC(O)CN1CCN(CC1)C2=CC=CC=C2,0
CC1CCC2(OC1)OC3CC4C5CCC6CC(CCC6(C)C5CCC4(C)C3C2C)OC7OC(CO)C(OC8OC(CO)C(O)C(O)C8O)C(O)C7O,0
CC(CN(C)C)CN1C2=CC=CC=C2CCC3=CC=CC=C13,1
COC1=CC=C(CN2CCNCC2)C(OC)=C1OC,1
COC1=CC=CC=C1N2CCN(CCCCOC3=CC=C(F)C=C3)CC2,0
C1=CC=C([Se][Se]C2=CC=CC=C2)C=C1,1
CC(C)(C)C(O)C=CC1=CC=C2C(=C1)OCO2,0
CCCCC1=NC(Cl)=C(CO)N1CC2=CC=C(C=C2)C3=CC=CC=C3C4=NN=N[N-]4,1
CC(C)C(N)C(=O)OCCOCN1C=NC2=C1N=C(N)NC2=O,1
CC(COC(=O)N)COC(=O)N,0
CC(=NCC1=CC=CC=C1)C2=CC=CC=C2O,0
CCCCNC(=O)C1=CC=C(C)N=C1NC2=CC=C(C)C=C2,1
CCC(CO)(COC(=O)N)OC1=CC=CC=C1,0
FCOC(C(F)(F)F)C(F)(F)F,1
COC(CN1CCN(CC1)C2=CC=CC=C2C)C3=CC=CN=C3,1
C=C1C(=CC=C2CCCC3(C)C2CCC3C(C)CCCC(C)(C)O)CC(O)C(OCCCO)C1O,0
COCCO,1
CC1=C(C(=O)C2=CC=CC3=CC=CC=C23)C4=CC=CC5=C4N1C(CN6CCOCC6)CO5,1
CCCCC(CC)(COC(=O)N)COC(=O)NC1=CC=CC=C1,1
CCCC(C)(CNC(=O)O)COC(=O)NCCC(C)C,0
CC12CCC3=C4CCC(=O)C=C4CCC3C1CCC2(O)CC#N,0
CCC[N+](C)(C)CCOCC[N+](C)(C)CCC,1
COC1=CC2=C(C=C1O)CCNC23CSC4C5=C(OC(=O)C)C(C)=C6C(=C5C(COC3=O)N7C(O)C8CC9=CC(C)=C(OC)C(O)=C9C(C47)N8C)OCO6,0
CCOC(CN1CCN(CC1)C2=CC=CC=C2C)C3=CC=CN=C3,1
NNC(=O)N,1
CCCCC(CC)COC(=O)CC(C(=O)OCC(CC)CCCC)S(=O)(=O)[O-],1
CC1CC(C)CN(C1)S(=O)(=O)C2=CC=C(Cl)C(=C2)C(=O)O,0
CCCC(C)(COC(=O)NCC(=O)OCC)COC(=O)NCC(=O)OCC,0
CC1(C)SC2C(NC(=O)C(C(=O)[O-])C=3C=CSC3)C(=O)N2C1C(=O)[O-],1
O=P(O)(O)C(O)(CC1=CC=CN=C1)P(=O)(O)O,0
S=P(OC1=CC=C(SC)C=C1)(OCC)SCCC,1
BB,1
COC1=CC=NC(CS(=O)C2=NC3=CC(=CC=C3N2)N4C=CC=C4)=C1C,0
CCC1=CC=C(C=C1)C(=O)CC(C2C(=O)C3=CC=CC=C3C2=O)C4=CC=CC=C4,0
NC(=O)CCCN=C(N)N,0
CC1(COC2=CC=C(CC3C(NC(S3)=O)=O)C=C2)CCCCC1,0
CCOCCC1(C)COC(OC1)C(C)C,0
C1CNCCN1,1
CCN(CC)CCO,1
FC1=CC=CC=C1C2=NCC(=S)N(CC(F)(F)F)C3=CC=C(Cl)C=C23,1
CCC1=NC(N)=NC(N)=C1C2=CC=C(Cl)C=C2,1
CC1(C)C(C=C(Cl)Cl)C1C(=O)OC(C#N)C2=CC=CC(OC3=CC=CC=C3)=C2,1
CC1=CC=C(S(=O)(=O)NC(=O)NC2CCCCCCC2)C=C1,0
CC(=O)NCC1CN(C2=CC=C(N3CCOCC3)C(F)=C2)C(=O)O1,1
O=C1C2C(C3=CC=CC=C3)NC(C4=CC=CC=C4)C1C(C5=CC=CC=C5)N(C(=O)NC6CCCCC6)C2C7=CC=CC=C7,0
O=C(CN1CCCCC1)N2CCC3=CC=CC=C23,1
CCCCCCCCCCCCCCC1(CO1)C(=O)O,0
CCCC(C)(CO)COC(=O)N(CC)CC,1
CC(C)(OC1=CC=C(Cl)C=C1)C(=O)OCCOC(=O)C2=CC=CN=C2,0
CCC(=O)OC1(C(=O)CCl)C(C)CC2C3CCC4=CC(=O)C=CC4(C)C3(F)C(O)CC21C,0
O=C1NC=NC2=C1N=CN2C3CCC(CO)O3,1
O=C(O)CCCO,1
O=P(O)(O)OC(CN1C=NC=N1)(CN2C=NC=N2)C3=CC=C(F)C=C3F,1
O=C(C=CC1=CC=CC=C1)OCC2=CC=CC=C2,1
CCC1NC(=O)C(NC(=O)C2=NC=CC=C2O)C(C)OC(=O)C(C3=CC=CC=C3)NC(=O)C4CC(=O)C(CSC5CN6CCC5CC6)CN4C(=O)C(CC7=CC=C(N(C)C)C=C7)N(C)C(=O)C8CCCN8C1=O,1
CCCCCCCCCCCCCCCCCCCCCCO,0
CS[Hg]C,1
CCCCNC1=CC=C(C(=O)OCCOCCOCCOCCOCCOCCOCCOCCOCCOC)C=C1,0
CN1CCC(=C2C3=CC=CC=C3C=CC4=CC=CC=C42)CC1,1
CC[N+](C)(CC)CCOC(C)C[N+](C)(C)C,1
O=C(N)C(CC)N1C(=O)CCC1,1
CC(C)OP(=O)(C)F,1
CC(CCO)CCCC(C)(C)O,1
N#CCCNCCC#N,1
CC[Pb](CC)(CC)CC,1
NNC1=NN=CC2=CC=CC=C12,1
CC1C(NC(=O)C(=NOC(C)(C)C(O)=O)C2=CSC(N)=N2)C(=O)N1S(O)(=O)=O,0
CN(C(=O)CO)C1=C(I)C(C(=O)NCC(O)CO)=C(I)C(C(=O)NCC(O)CO)=C1I,1
CN(C)CCC(C1=CC=CC=C1)C2=CC=CC=N2,1
CN(C)CCOC(=O)C(C1=CC=CC=C1)C2(O)CCCC2,1
CC1=C(C(=O)OC(C)C)C(C2=CC=CC([N+](=O)[O-])=C2)C(=C(N)N1)C(=O)OC3CN(C(C4=CC=CC=C4)C5=CC=CC=C5)C3,0
CCOC1=CC(CC(=O)NC(CC(C)C)C2=CC=CC=C2N3CCCCC3)=CC=C1C(=O)O,0
CCCCN1CC(O)C(O)C(O)C1CO,0
C[N+](C)(C)CCCCCC[N+](C)(C)C,1
CCOS(=O)(=O)C1=CC(=CC2=CC(=CC=C12)C(C)(C)C)C(C)(C)C,0
CCOC1=CC(OC2=CC=C(C(F)(F)F)C=C2Cl)=CC=C1[N+](=O)[O-],1
CN(CCCl)CCCl,1
CC1=NC=C([N+](=O)[O-])N1CCOC(=O)N,0
NC(CN1OC(=O)NC1=O)C(=O)O,1
CCN1C(=O)N(C)C=2N=CN(C)C2C1=O,1
OC(=O)COC1=CC=C2C(=NOC2=C1Br)C3=CC=CC=C3F,0
O=C1OC(CCN2CCN(C3=CC=CC=C3)CC2)=C(C4=CC=C(F)C=C4)O1,0
COC1=CC=CC=C1NC(=S)NC(=O)C2=CC=C(C=C2)C(=O)NC(=S)NC3=CC=CC=C3OC,0
CC(=O)C1(C)CCC2C3CCC4=CC(=O)CCC4=C3CCC12C,0
CCCC(C)C(=O)C(C)CCC,1
O=C(NN=CC1=CC=C([N+](=O)[O-])O1)C2=CC([N+](=O)[O-])=CC([N+](=O)[O-])=C2O,0
CCOP1(=O)C=CCC1,0
O=C(NN1CCCCCC1)NS(=O)(=O)C2=CC=C3C(=C2)CCC3,0
COC1(C)CC(C2=C(O1)C3=CC=CC=C3OC2=O)C4=CC=CC=C4,0
C(N1CCOCC1)C=2OC(OC3=CC=CC=C3)=CC2,1
COC(=O)C(CC1=CC=CC=C1)NC(=O)C(CC(=O)O)NCCC(C)(C)C,1
NC1=CC=CC2=CC=CN=C12,1
OCC1OC(CC1O)N2C=C(Br)C(=O)NC2=O,1
CCCCCCC,1
CC(=CCCC(=CCCC(=CCCC(=CCC1=C(C)C(=O)C2=CC=CC=C2C1=O)C)C)C)C,0
CN1C(CSC2=CC=CC=N2)=NC=C1[N+](=O)[O-],0
NNCCC1=CC=CC=C1,1
C=CC(C)(CCC=C(C)C)OC(=O)C=CC1=CC=CC=C1,1
C[N+](C)(C)CCOCC[N+](C)(C)C,0
CNC(=O)CN(CCN(CCN(CC(=O)[O-])CC(=O)NC)CC(=O)[O-])CC(=O)[O-],1
OC(=O)C1=CC(=O)NC(=O)N1,0
OC(COC1=NSN=C1N2CCOCC2)CNC(C)(C)C,1
CC1(CCC2OCC(C[N+]3(C)CCCC3)O2)OCC(C[N+]4(C)CCCC4)O1,1
CCC1(O)C(=O)OCC2=C1C=C3N(CC4=CC5=CC=CC=C5N=C34)C2=O,1
CC(=CCC1=C(C)C(=O)C2=CC=CC=C2C1=O)CCCC(C)CCCC(C)CCCC(C)C,0
CC(=O)NC1=C(I)C(C(=O)O)=C(I)C(N(C)C(=O)C)=C1I,1
ClCCN(CCCl)CCCl,1
CC1(C)OC2CC3C4CC(F)C5=CC(=O)C=CC5(C)C4C(O)CC3(C)C2(C(=O)CO)O1,0
OC(CCN1CCCCC1)(C2=CC=CC=C2)C3CCCCC3,1
CC(C)C(OC(=O)C1=CC=CN=C1)C2=CC=C(Cl)C=C2,0
CCOC(=O)C1(CCN(CC1)C)C2=CC=CC=C2,1
CCN(CC1=CC=CC(S(=O)(=O)[O-])=C1)C2=CC=C(C(=C3C=CC(=[N+](CC)CC4=CC=CC(S(=O)(=O)[O-])=C4)C=C3)C5=CC=CC=C5S(=O)(=O)[O-])C=C2,1
CC1=CC=CC(NC2=CC(Cl)=NC(SCC(=O)NCCO)=N2)=C1C,0
CCCN1CC(CSC)CC2C1CC3=CNC4=C3C2=CC=C4,1
CC[N+](C)(C)CCCCC=1OC=CC1,1
O=C1C2=CC=CC=C2C(=O)C1C3=CC=C(C(F)(F)F)C=C3,0
CC=1C=C(C2=CC=C(N=NC3=C(S(=O)(=O)[O-])C=C4C=C(S(=O)(=O)[O-])C=C(N)C4=C3O)C(C)=C2)C=CC1N=NC5=C(S(=O)(=O)[O-])C=C6C=C(S(=O)(=O)[O-])C=C(N)C6=C5O,1
CN1CCCC(=C(C2=CC=CS2)C3=CC=CS3)C1,0
C=CC1=C(C)C2=NC1=CC3=NC(=CC=4[N-]C(C=C5[N-]C(=C2)C(=C5CCC(=O)O)C)=C(C4C)CCC(=O)O)C(=C3C)C=C,0
COC1=COC(CSP(=O)(OC)OC)=CC1=O,1
COC1=CC(Br)=C(C[N+]2(CCOCCC3CCC4CC3C4(C)C)CCOCC2)C=C1OC,0
ClCCN1CCCCC1,1
CN1CC(C(=O)NC2(C)OC3(O)C4CCCN4C(=O)C(CC5=CC=CC=C5)N3C2=O)C=C6C7=CC=CC=8NC=C(C78)CC16,1
CCC(=O)N(C1=CC=CC=C1)C2(COC)CCN(CCC3=CC=CS3)CC2,1
ClCCCl,1
CNC(=S)C1(C2=CC=CC(C)=N2)CCCS1,0
C=CCSSSCC=C,1
CC(C)(OC1=CC=C(C(O)C2=CC=C(Cl)C=C2)C=C1)C(=O)O,0
COCC(C1=C(O)C2=CC=CC=C2OC1=O)C3=C(O)C4=CC=CC=C4OC3=O,0
CCC(=O)OC(OP(=O)(CCCCC1=CC=CC=C1)CC(=O)N2CC(C3CCCCC3)CC2C(=O)[O-])C(C)C,1
O=C([O-])CN(CCN(CC(=O)[O-])CC(=O)[O-])CCN(CC(=O)[O-])C(COCC1=CC=CC=C1)C(=O)[O-],1
CC1=NN=C2N1C=3SC(CCC(=O)N4CCOCC4)=CC3C(C5=CC=CC=C5Cl)=NC2,0
CC(C)NCC(COC1=CC=CC2=CC=CC=C21)O,1
CCCCCCOCC(O)COC1=CC=CC=C1C(=O)O,0
CC1(CCC(=O)OCC[N+]2(C)CCCCC2)OCC(C[N+]3(C)CCCCC3)O1,1
CCN(C)C(=O)OC1=CC=CC(=C1)C(C)N(C)C,1
CCCC1COC(OC1)C(C)C,0
NCCCNCCSP(=O)(O)O,1
S=C=NCCC1=CC=CC=C1,1
CCOP(=S)(OCC)SCSC1=CC=C(Cl)C=C1,1
COC1=C(Cl)C=CC(Cl)=C1C(=O)O,1
OC1=C(I)C=C(Cl)C2=CC=CN=C12,1
CCN(CC)CCCC(C)NC1=C2C=CC(Cl)=CC2=NC3=CC=C(OC)C=C13,1
C=C1C(O)(C2=CC=CC=C2)C3CC[N+]1(C)CC3,1
C=CC(=C)Cl,1
N#CC(OC1OC(COC2OC(CO)C(O)C(O)C2O)C(O)C(O)C1O)C3=CC=CC=C3,1
CN1CCN2C(C1)C3=CC=CC=C3CC4=CC=CC=C24,1
ClC1=CC=CC(N2CCNCC2)=C1,1
CC12CC(O)C3C(CC(F)C4=CC(=O)C=CC34C)C1CCC2(O)C(=O)CO,1
NC=1C=CN(C2OC(CO)C(O)C2(F)F)C(=O)N1,1
COC(CN1CCN(CC1)C2=CC=CC=C2OC)C3=CC=CN=C3,1
CCN(CC)CCNC(=O)C1=CC(Cl)=C(N)C=C1OC,1
CC1=CC(O)=C2C(=C1)C(=O)C3=CC(O)=CC(O)=C3C2=O,0
CC1(C)C(OC(=O)CCC(=O)O)CCC2(C)C3=CCC4C5CC(C)(C(=O)O)CCC5(C)CCC4(C)C3(C)CCC12,0
CC1=CC=C(NC(=O)C2=CC=CN=C2N)C=C1,1
O=P(OC(=CC(=O)OC)C)(OC)OC,1
CC(=O)NN,1
CCN(CC)CCCN1C(=O)CN=C(C2=CC=CC=C2)C3=CC(Cl)=CC=C13,1
